# Blender 4.5.4 LTS
# www.blender.org
mtllib doorway.mtl
o lava_frame
v -2.118227 -0.083129 0.869959
v -2.255757 0.127211 0.815341
v -2.279557 0.304286 0.742667
v -2.334092 0.482741 0.733578
v -2.398523 0.662369 0.743115
v -2.468514 0.840656 0.755010
v -2.233457 -0.209871 0.709628
v -2.607982 0.119681 0.575202
v -2.579252 0.309035 0.536760
v -2.620159 0.486011 0.535546
v -2.684459 0.664028 0.544374
v -2.751963 0.840887 0.555309
v -2.080820 -0.296918 0.467959
v -2.687149 0.105687 0.333340
v -2.621910 0.312001 0.318083
v -2.634212 0.486707 0.322689
v -2.688470 0.663090 0.330450
v -2.749544 0.838595 0.339946
v -1.922596 -0.350710 0.113427
v -2.743662 0.102719 0.105247
v -2.660879 0.317868 0.104918
v -2.648841 0.489455 0.109538
v -2.687760 0.663360 0.115990
v -2.739783 0.836739 0.123672
v -1.634418 -0.094942 0.867120
v -1.617860 0.111341 0.811597
v -1.710361 0.291555 0.740357
v -1.778659 0.472703 0.731323
v -1.840325 0.654585 0.741036
v -1.908066 0.834843 0.753106
v -1.388094 -0.236197 0.708951
v -1.245396 0.084989 0.565137
v -1.421864 0.282013 0.529623
v -1.504300 0.465683 0.530957
v -1.562022 0.648339 0.540184
v -1.623620 0.829168 0.551408
v -1.264607 -0.393347 0.495167
v -1.160017 0.071955 0.325861
v -1.401113 0.285682 0.312795
v -1.507194 0.467565 0.318369
v -1.561096 0.648300 0.326482
v -1.614635 0.827526 0.336169
v -1.001447 -0.457162 0.089317
v -1.150201 0.075952 0.099476
v -1.401606 0.295474 0.100700
v -1.515121 0.473089 0.105812
v -1.564667 0.650606 0.112513
v -1.607439 0.827241 0.120245
v -2.545208 1.017313 0.768938
v -2.621258 1.192450 0.783143
v -2.677685 1.366458 0.793807
v -2.692398 1.539851 0.796634
v -2.660388 1.712996 0.790649
v -2.599645 1.885926 0.779286
v -2.533473 2.058458 0.766981
v -2.475712 2.230417 0.756353
v -2.823729 1.016415 0.567913
v -2.893047 1.190788 0.580516
v -2.943780 1.364406 0.589832
v -2.958007 1.537714 0.592357
v -2.931741 1.710987 0.587308
v -2.879388 1.884202 0.577445
v -2.820384 2.057118 0.566474
v -2.767156 2.229476 0.556750
v -2.812497 1.013010 0.350622
v -2.871702 1.186613 0.361008
v -2.914677 1.359929 0.368557
v -2.928343 1.533437 0.370733
v -2.909718 1.707304 0.366986
v -2.868851 1.881329 0.359257
v -2.820277 2.055089 0.350313
v -2.774331 2.228192 0.342089
v -2.792145 1.009269 0.132041
v -2.841139 1.181490 0.139788
v -2.878322 1.353881 0.144982
v -2.891241 1.527274 0.147116
v -2.880176 1.702366 0.145039
v -2.851825 1.877732 0.139639
v -2.815025 2.052794 0.133030
v -2.777844 2.226950 0.126643
v -1.983500 1.013080 0.767285
v -2.059526 1.189414 0.781863
v -2.116501 1.364305 0.792915
v -2.130970 1.538361 0.795911
v -2.097467 1.712010 0.789817
v -2.035022 1.885307 0.778273
v -1.967987 2.058078 0.765906
v -1.910360 2.230173 0.755359
v -1.691287 1.007909 0.564389
v -1.758833 1.184733 0.577554
v -1.809146 1.360167 0.587472
v -1.822156 1.534833 0.590292
v -1.793088 1.709127 0.585143
v -1.737915 1.883060 0.575089
v -1.677725 2.056416 0.564127
v -1.624450 2.229012 0.554833
v -1.671489 1.005056 0.347047
v -1.726566 1.181092 0.357742
v -1.766941 1.356215 0.365633
v -1.778206 1.531035 0.368037
v -1.756888 1.705833 0.364318
v -1.713904 1.880453 0.356599
v -1.664815 2.054534 0.347808
v -1.619821 2.227777 0.339894
v -1.651579 1.002771 0.128570
v -1.699100 1.178864 0.134371
v -1.734395 1.351773 0.138161
v -1.741298 1.524453 0.141143
v -1.721528 1.701207 0.141533
v -1.690542 1.877404 0.136748
v -1.653994 2.052509 0.130409
v -1.618351 2.226614 0.124383
v -2.435291 2.401776 0.758696
v -2.416620 2.572546 0.784974
v -2.413662 2.748482 0.817107
v -2.423985 2.932492 0.837924
v -2.433646 3.130293 0.837239
v -2.417449 3.322076 0.816152
v -2.378978 3.483772 0.782358
v -2.343442 3.631906 0.756004
v -2.733364 2.401151 0.551728
v -2.728971 2.572100 0.554274
v -2.730931 2.742880 0.558354
v -2.724404 2.917445 0.562608
v -2.701359 3.093830 0.563121
v -2.665644 3.268963 0.557989
v -2.629179 3.438599 0.546654
v -2.609245 3.603519 0.535912
v -2.742630 2.400396 0.335449
v -2.738728 2.571553 0.330967
v -2.740918 2.742207 0.328113
v -2.726025 2.913189 0.326005
v -2.694164 3.085075 0.325743
v -2.655663 3.256122 0.325892
v -2.623778 3.425623 0.322891
v -2.609517 3.593169 0.316970
v -2.749764 2.399901 0.121194
v -2.750004 2.571384 0.117407
v -2.749955 2.742260 0.114992
v -2.726834 2.912802 0.112375
v -2.682486 3.082326 0.109519
v -2.640190 3.251615 0.108017
v -2.621365 3.420494 0.106790
v -2.611182 3.589034 0.104193
v -1.855247 2.401636 0.766041
v -1.799911 2.572619 0.801238
v -1.766990 2.749311 0.842443
v -1.656835 2.900147 0.857377
v -1.815025 3.179934 0.969394
v -1.859517 3.427830 0.987211
v -1.826364 3.579691 0.936301
v -1.760716 3.685841 0.878449
v -1.555626 2.400776 0.554773
v -1.476657 2.571652 0.562602
v -1.412357 2.735002 0.570394
v -1.336207 2.832387 0.568144
v -1.558191 2.399795 0.334008
v -1.475508 2.570525 0.331491
v -1.407300 2.734751 0.331108
v -1.332801 2.840084 0.330793
v -1.560289 2.399238 0.119380
v -1.475145 2.570033 0.117750
v -1.409901 2.734349 0.117655
v -1.339864 2.840160 0.117776
v -1.268270 2.912739 0.736284
v -1.047929 3.047156 0.784621
v -1.186487 3.461101 0.978323
v -1.193425 3.652603 0.963198
v -1.114210 3.729386 0.895457
v -1.224978 2.888614 0.557174
v -0.923683 2.978891 0.545875
v -1.225783 2.894198 0.330500
v -0.929585 3.901974 0.326475
v -1.234160 2.896128 0.118420
v -0.936260 3.908381 0.115825
v -0.353482 3.116913 0.729213
v -0.490653 3.441766 0.920519
v -0.531264 3.677165 0.949826
v -0.453925 3.741412 0.894232
v -0.354378 3.067436 0.531585
v -0.356666 3.990512 0.317011
v -0.360096 4.002961 0.107755
v -2.310805 3.782495 0.731418
v -2.284390 3.934119 0.711168
v -2.279692 4.093585 0.710310
v -2.307192 4.260179 0.739711
v -2.333063 4.429277 0.766968
v -2.341507 4.599595 0.777826
v -2.317535 4.778239 0.763697
v -2.202279 4.899911 0.711406
v -2.590964 3.765536 0.524334
v -2.577614 3.927761 0.515809
v -2.573782 4.093822 0.514475
v -2.584323 4.261103 0.519241
v -2.603288 4.429224 0.527297
v -2.612091 4.598557 0.532787
v -2.580475 4.771628 0.532521
v -2.285870 4.906260 0.530892
v -2.597475 3.759491 0.310875
v -2.590005 3.926337 0.307539
v -2.587235 4.093902 0.307307
v -2.587460 4.261621 0.308917
v -2.592879 4.429890 0.311777
v -2.596916 4.598760 0.314662
v -2.575004 4.767751 0.315993
v -2.285893 4.899515 0.315930
v -2.603093 3.757581 0.101723
v -2.597620 3.925903 0.100251
v -2.594625 4.093969 0.100000
v -2.593746 4.262111 0.100917
v -2.594073 4.430537 0.102418
v -2.594191 4.599091 0.103441
v -2.573799 4.767410 0.103399
v -2.285822 4.899410 0.103340
v -1.700653 3.801681 0.831003
v -1.670020 3.946839 0.821014
v -1.669240 4.099973 0.854909
v -1.693398 4.268788 0.914864
v -1.707488 4.438844 0.958825
v -1.704514 4.608001 0.956719
v -1.693018 4.788886 0.904478
v -1.686605 4.929540 0.753250
v -1.683376 4.960199 0.530619
v -1.681868 4.947953 0.315832
v -1.681820 4.947261 0.103309
v -1.036092 3.818009 0.858464
v -0.997934 3.942905 0.884704
v -0.997587 4.104251 0.946312
v -1.028390 4.309590 1.017732
v -1.031616 4.488108 1.034433
v -1.008634 4.625821 0.999465
v -1.003305 4.796689 0.914979
v -1.006152 4.932870 0.752526
v -1.007993 4.962595 0.528564
v -1.009168 4.947561 0.314380
v -1.009908 4.947226 0.103218
v -0.380746 3.818197 0.877578
v -0.344181 3.944880 0.934885
v -0.337247 4.120558 1.001100
v -0.381962 4.379786 1.073333
v -0.380422 4.554171 1.053325
v -0.345691 4.653246 0.977915
v -0.328994 4.786889 0.883679
v -0.333980 4.917069 0.734468
v -0.336263 4.951746 0.523505
v -0.337457 4.945304 0.312239
v -0.337978 4.946791 0.102400
v -2.212536 -0.277353 -0.210708
v -2.746841 0.116025 -0.123226
v -2.667202 0.323886 -0.108326
v -2.656102 0.493434 -0.103669
v -2.688531 0.664572 -0.098514
v -2.731609 0.835351 -0.092527
v -2.360183 -0.147435 -0.413036
v -2.680078 0.141478 -0.331523
v -2.646522 0.330089 -0.320486
v -2.657142 0.498328 -0.316863
v -2.691870 0.667366 -0.311816
v -2.731991 0.835694 -0.303700
v -2.326803 -0.013432 -0.558727
v -2.615402 0.168109 -0.539323
v -2.632071 0.337858 -0.533267
v -2.657363 0.504422 -0.530024
v -2.686941 0.672639 -0.522364
v -2.718102 0.840499 -0.504599
v -2.224048 0.047881 -0.701737
v -2.338194 0.177986 -0.733165
v -2.359780 0.343966 -0.731785
v -2.379125 0.509829 -0.729470
v -2.398913 0.678898 -0.718004
v -2.417195 0.847430 -0.691349
v -1.408096 -0.366801 -0.257790
v -1.240317 0.099076 -0.128580
v -1.443055 0.307717 -0.111793
v -1.532441 0.480642 -0.106581
v -1.570382 0.654593 -0.101353
v -1.607841 0.828293 -0.095665
v -1.635462 -0.184588 -0.445468
v -1.392491 0.131561 -0.335609
v -1.506589 0.319287 -0.322668
v -1.551683 0.489225 -0.318865
v -1.586014 0.661842 -0.313272
v -1.637818 0.835276 -0.303497
v -1.749814 -0.026454 -0.574557
v -1.515620 0.161591 -0.540421
v -1.546234 0.330830 -0.534003
v -1.566406 0.498943 -0.530551
v -1.596978 0.671395 -0.520169
v -1.650522 0.845681 -0.496799
v -1.872455 0.044019 -0.705283
v -1.805211 0.175703 -0.733524
v -1.821381 0.341536 -0.732117
v -1.837275 0.507990 -0.729267
v -1.857193 0.679280 -0.715403
v -1.884792 0.850760 -0.684013
v -2.775897 1.005517 -0.086155
v -2.822328 1.176556 -0.080145
v -2.857519 1.346515 -0.076009
v -2.872672 1.518315 -0.074480
v -2.865208 1.695593 -0.075918
v -2.845237 1.873689 -0.079450
v -2.817898 2.050506 -0.084008
v -2.791049 2.226430 -0.088658
v -2.777334 1.002906 -0.293337
v -2.827298 1.171632 -0.284835
v -2.869466 1.339128 -0.280112
v -2.887697 1.510933 -0.280483
v -2.885430 1.690372 -0.283515
v -2.871688 1.870303 -0.286544
v -2.847606 2.049086 -0.289485
v -2.829199 2.229833 -0.290520
v -2.755183 1.004799 -0.482668
v -2.800666 1.169033 -0.467056
v -2.843452 1.335016 -0.462010
v -2.867465 1.507367 -0.465236
v -2.872541 1.689386 -0.471587
v -2.863551 1.869094 -0.475066
v -2.841967 2.049455 -0.477714
v -2.820811 2.234242 -0.470760
v -2.440164 1.010380 -0.655807
v -2.473815 1.170949 -0.628539
v -2.510430 1.335752 -0.619602
v -2.535335 1.509522 -0.626967
v -2.544415 1.691795 -0.637262
v -2.539240 1.870275 -0.643574
v -2.520189 2.052438 -0.643767
v -2.498512 2.241068 -0.623325
v -1.653631 1.003259 -0.090762
v -1.709534 1.179183 -0.088354
v -1.753554 1.347543 -0.087614
v -1.759681 1.516163 -0.086291
v -1.739120 1.693450 -0.085380
v -1.711069 1.873787 -0.087376
v -1.682179 2.051112 -0.090645
v -1.658839 2.229912 -0.096476
v -1.709511 1.009001 -0.291417
v -1.787442 1.182408 -0.282293
v -1.837867 1.345986 -0.279266
v -1.848971 1.508487 -0.280446
v -1.829637 1.687221 -0.284874
v -1.798896 1.870260 -0.288547
v -1.775253 2.054102 -0.290007
v -1.752744 2.236287 -0.289310
v -1.720320 1.015857 -0.467474
v -1.788364 1.183072 -0.442280
v -1.829331 1.343698 -0.432007
v -1.839325 1.506076 -0.434676
v -1.827412 1.686171 -0.444436
v -1.804338 1.868214 -0.452893
v -1.785744 2.056842 -0.452228
v -1.778373 2.244974 -0.443340
v -1.921347 1.015224 -0.642259
v -1.962724 1.176566 -0.606162
v -1.994512 1.339077 -0.590312
v -2.007891 1.508518 -0.595755
v -2.007800 1.690991 -0.609196
v -1.996655 1.869495 -0.619789
v -1.982212 2.055892 -0.617091
v -1.978007 2.247038 -0.595642
v -2.781939 2.400081 -0.093068
v -2.777233 2.571818 -0.096682
v -2.767810 2.742734 -0.099488
v -2.735732 2.912770 -0.101899
v -2.685055 3.082025 -0.104034
v -2.640175 3.250943 -0.105575
v -2.622353 3.419770 -0.106631
v -2.613466 3.588464 -0.107399
v -2.829638 2.402135 -0.292737
v -2.822156 2.572208 -0.300788
v -2.796236 2.743533 -0.309985
v -2.752079 2.913058 -0.315160
v -2.696853 3.082176 -0.317150
v -2.647266 3.251110 -0.318389
v -2.623612 3.419859 -0.319349
v -2.614013 3.588503 -0.320077
v -2.816939 2.406992 -0.471925
v -2.810802 2.574207 -0.494311
v -2.786920 2.745208 -0.522945
v -2.742244 2.915319 -0.535967
v -2.686959 3.083158 -0.536395
v -2.640069 3.251292 -0.533071
v -2.618857 3.419967 -0.532121
v -2.608976 3.588566 -0.532795
v -2.481611 2.412057 -0.626234
v -2.461512 2.575157 -0.673899
v -2.435881 2.747504 -0.728203
v -2.409528 2.914823 -0.746256
v -2.377950 3.082188 -0.739358
v -2.346159 3.251183 -0.731239
v -2.329595 3.420245 -0.731421
v -2.319667 3.589629 -0.731873
v -1.600156 2.399691 -0.100668
v -1.501406 2.568749 -0.100444
v -1.418940 2.734338 -0.099720
v -1.349216 2.840801 -0.100401
v -1.692135 2.402043 -0.289969
v -1.586922 2.565437 -0.297144
v -1.480863 2.733130 -0.306862
v -1.391832 2.843462 -0.312111
v -1.739062 2.408911 -0.447065
v -1.651149 2.567265 -0.474225
v -1.548314 2.736370 -0.511374
v -1.456688 2.842672 -0.523935
v -1.952748 2.413453 -0.605946
v -1.892741 2.573529 -0.661428
v -1.831017 2.744735 -0.725712
v -1.708170 2.899029 -0.749028
v -1.745176 3.076484 -0.807255
v -1.721281 3.253648 -0.819697
v -1.701343 3.430262 -0.824006
v -1.690934 3.602301 -0.823901
v -1.245163 3.817344 -0.100734
v -0.945321 3.913231 -0.102458
v -1.279493 3.821636 -0.314095
v -0.962916 3.916339 -0.316756
v -1.331396 2.908707 -0.524659
v -0.996515 3.007109 -0.530119
v -1.366127 2.937095 -0.675309
v -1.107662 3.073604 -0.733894
v -1.029654 3.274904 -0.809969
v -1.013736 3.448191 -0.822348
v -1.006003 3.618558 -0.822474
v -0.363723 4.006761 -0.105623
v -0.363666 4.004489 -0.318551
v -0.355276 3.118067 -0.529185
v -0.331096 3.194920 -0.709012
v -0.319063 3.316827 -0.795851
v -0.322461 3.470266 -0.818645
v -0.319961 3.635509 -0.819607
v -2.606967 3.757090 -0.108137
v -2.602148 3.925608 -0.108845
v -2.598966 4.094006 -0.109116
v -2.597007 4.262392 -0.109000
v -2.595482 4.430766 -0.108997
v -2.594229 4.599097 -0.109109
v -2.573784 4.767407 -0.109195
v -2.285806 4.899409 -0.109253
v -2.607360 3.757068 -0.320601
v -2.602718 3.925565 -0.320979
v -2.599445 4.094007 -0.321253
v -2.597103 4.262402 -0.321453
v -2.595409 4.430762 -0.321600
v -2.594169 4.599097 -0.321709
v -2.573735 4.767409 -0.321792
v -2.285764 4.899410 -0.321848
v -2.602225 3.757103 -0.533279
v -2.597569 3.925584 -0.533630
v -2.594318 4.094017 -0.533885
v -2.592013 4.262410 -0.534072
v -2.590355 4.430770 -0.534211
v -2.589146 4.599104 -0.534315
v -2.563669 4.767416 -0.534394
v -2.278177 4.897018 -0.534446
v -2.313644 3.757544 -0.732415
v -2.309500 3.925603 -0.732803
v -2.306431 4.094031 -0.733032
v -2.304257 4.262421 -0.733201
v -2.302696 4.430779 -0.733327
v -2.301558 4.599112 -0.733422
v -2.285892 4.767423 -0.729519
v -2.186353 4.880273 -0.697303
v -1.681798 4.947258 -0.109282
v -1.681754 4.947260 -0.321876
v -1.681695 4.944865 -0.534472
v -1.686985 3.768161 -0.824763
v -1.687442 3.930125 -0.826515
v -1.690761 4.102097 -0.837248
v -1.688449 4.269643 -0.836358
v -1.683986 4.430777 -0.827508
v -1.682947 4.599110 -0.827594
v -1.682181 4.767422 -0.820864
v -1.681767 4.897020 -0.727433
v -1.009908 4.947258 -0.109300
v -1.009859 4.947257 -0.321893
v -1.009791 4.947261 -0.534488
v -1.004311 3.783411 -0.824310
v -1.020012 3.969127 -0.861659
v -1.038583 4.159182 -0.904503
v -1.037728 4.320803 -0.901225
v -1.020356 4.450933 -0.853912
v -1.010924 4.599103 -0.828977
v -1.010231 4.767416 -0.823396
v -1.009851 4.899415 -0.729284
v -0.337984 4.947260 -0.109321
v -0.337931 4.947257 -0.321912
v -0.337862 4.947260 -0.534506
v -0.324643 3.807880 -0.833356
v -0.352977 4.010732 -0.898135
v -0.381223 4.209170 -0.958935
v -0.382952 4.362950 -0.953395
v -0.357765 4.473766 -0.882281
v -0.339124 4.599771 -0.829839
v -0.338240 4.767414 -0.823418
v -0.337909 4.899414 -0.729302
v 1.581588 -0.132672 0.994216
v 1.581312 0.083978 0.851445
v 1.649004 0.258692 0.737687
v 1.688428 0.443842 0.703631
v 1.714985 0.636917 0.708532
v 1.753384 0.824657 0.707727
v 0.990938 -0.310689 0.962413
v 1.093082 0.046961 0.609396
v 1.293666 0.252402 0.527779
v 1.383394 0.436890 0.507822
v 1.410593 0.631105 0.511619
v 1.443068 0.821050 0.512587
v 0.890251 -0.453898 0.596455
v 0.952738 0.028454 0.348528
v 1.208228 0.264405 0.304168
v 1.348830 0.442012 0.298620
v 1.381136 0.633439 0.301873
v 1.414927 0.821935 0.302553
v 1.393615 -0.340595 0.196821
v 0.911179 0.040206 0.111236
v 1.149091 0.281250 0.094520
v 1.304360 0.453695 0.091897
v 1.347508 0.640170 0.093204
v 1.385911 0.824691 0.093413
v 2.145193 -0.109391 0.883481
v 2.246673 0.092231 0.792513
v 2.232006 0.268659 0.717879
v 2.250489 0.454632 0.703966
v 2.285349 0.644857 0.707147
v 2.333427 0.829934 0.703980
v 2.243777 -0.242732 0.681474
v 2.552437 0.085300 0.536403
v 2.507709 0.273631 0.508991
v 2.519508 0.458762 0.506521
v 2.559202 0.647648 0.508659
v 2.611230 0.831994 0.505444
v 2.054711 -0.325584 0.378816
v 2.579549 0.080304 0.307485
v 2.508086 0.281284 0.295945
v 2.496494 0.462326 0.297157
v 2.537858 0.649382 0.298536
v 2.589653 0.832830 0.296163
v 2.083931 -0.310255 0.098706
v 2.569873 0.087797 0.093429
v 2.491983 0.294293 0.088686
v 2.464822 0.471029 0.089307
v 2.505191 0.653960 0.089645
v 2.557899 0.834978 0.087988
v 1.806818 1.005923 0.702168
v 1.871596 1.181904 0.693974
v 1.921808 1.357411 0.687808
v 1.919373 1.538139 0.690367
v 1.878547 1.717246 0.699406
v 1.831519 1.891763 0.709210
v 1.793550 2.063572 0.716927
v 1.767487 2.234186 0.722059
v 1.488469 1.003675 0.509173
v 1.539752 1.182329 0.503989
v 1.579005 1.359764 0.500330
v 1.583981 1.538472 0.502142
v 1.559871 1.715670 0.508542
v 1.527223 1.889807 0.515834
v 1.498914 2.061864 0.521686
v 1.478498 2.232856 0.525561
v 1.458509 1.004451 0.300416
v 1.503842 1.184143 0.297191
v 1.539567 1.362101 0.295025
v 1.552997 1.539237 0.296146
v 1.544262 1.714814 0.300366
v 1.524120 1.888396 0.305592
v 1.502214 2.060521 0.310095
v 1.483229 2.231783 0.313268
v 1.429687 1.006031 0.092343
v 1.472711 1.185484 0.090637
v 1.508973 1.363095 0.089490
v 1.531702 1.539124 0.090024
v 1.538270 1.713642 0.092320
v 1.531205 1.886829 0.095480
v 1.515544 2.059064 0.098526
v 1.496727 2.230645 0.100924
v 2.397479 1.009722 0.696533
v 2.475051 1.183603 0.686094
v 2.536123 1.357269 0.678032
v 2.532897 1.538956 0.680677
v 2.483968 1.718847 0.691171
v 2.427454 1.893257 0.702744
v 2.380865 2.064732 0.712068
v 2.347713 2.235037 0.718499
v 2.675728 1.012097 0.498669
v 2.747487 1.188056 0.489891
v 2.802499 1.363402 0.483491
v 2.809309 1.542150 0.485027
v 2.774847 1.719473 0.493403
v 2.726904 1.893033 0.503588
v 2.683176 2.064332 0.512292
v 2.649266 2.234660 0.518584
v 2.648972 1.013334 0.291319
v 2.709824 1.191282 0.285435
v 2.757078 1.367875 0.281366
v 2.773846 1.544190 0.282104
v 2.759893 1.719041 0.287503
v 2.729199 1.891777 0.294792
v 2.694849 2.063079 0.301546
v 2.663784 2.233651 0.306764
v 2.613755 1.014804 0.084912
v 2.668445 1.192959 0.081337
v 2.713867 1.369435 0.078878
v 2.741074 1.544441 0.079036
v 2.746490 1.717967 0.081953
v 2.733221 1.890201 0.086442
v 2.707955 2.061596 0.091119
v 2.678320 2.232491 0.095130
v 0.311747 3.144691 0.703854
v 0.151331 3.488539 0.913887
v 0.143236 3.667332 0.921964
v 0.196666 3.742977 0.871861
v 0.306037 3.107018 0.520387
v 0.307948 4.025877 0.309919
v 0.311889 4.034067 0.102282
v 1.149557 2.888812 0.817074
v 0.869797 3.166174 0.910387
v 0.781028 3.543308 0.944048
v 0.831914 3.631553 0.903191
v 0.856916 3.741028 0.853742
v 0.993197 2.798635 0.566768
v 0.825989 2.977587 0.530201
v 1.166049 3.824445 0.305804
v 0.914991 3.969380 0.311588
v 1.202247 3.839402 0.101939
v 0.919544 3.968414 0.102843
v 1.748905 2.403445 0.730338
v 1.697176 2.567492 0.830355
v 1.655334 2.773994 0.882074
v 1.568441 2.915079 0.912417
v 1.572765 3.236947 0.994408
v 1.532390 3.437644 0.915813
v 1.567061 3.548202 0.897709
v 1.572388 3.691714 0.858362
v 1.425302 2.399583 0.539024
v 1.163511 2.549949 0.621293
v 1.160697 2.755820 0.619546
v 1.103883 2.760484 0.602449
v 1.439799 2.400600 0.314999
v 1.305206 2.566759 0.316900
v 1.240115 2.733935 0.306567
v 1.247868 2.836393 0.302528
v 1.436216 2.400629 0.102428
v 1.414342 2.570803 0.102294
v 1.383641 2.738174 0.100826
v 1.318614 2.853308 0.101197
v 2.325797 2.404870 0.722550
v 2.312366 2.574405 0.725706
v 2.308226 2.748326 0.743201
v 2.295193 2.927770 0.741771
v 2.281133 3.111234 0.743165
v 2.290263 3.291229 0.766295
v 2.297586 3.457663 0.785397
v 2.283182 3.620422 0.766497
v 2.624874 2.404569 0.522730
v 2.608055 2.574234 0.525307
v 2.596830 2.743710 0.526832
v 2.588335 2.913657 0.526933
v 2.595053 3.086352 0.527408
v 2.625868 3.259549 0.532555
v 2.645875 3.431421 0.534091
v 2.624856 3.600838 0.523795
v 2.638609 2.403828 0.310399
v 2.619714 2.573717 0.312764
v 2.606390 2.743355 0.314219
v 2.597365 2.912826 0.315000
v 2.597308 3.084171 0.312568
v 2.619998 3.256455 0.307021
v 2.634052 3.427879 0.299936
v 2.616046 3.597334 0.292451
v 2.650613 2.403010 0.098171
v 2.628254 2.573176 0.100279
v 2.611975 2.743006 0.101639
v 2.600970 2.912541 0.102457
v 2.593541 3.082377 0.102175
v 2.596183 3.253604 0.098741
v 2.598624 3.424555 0.093519
v 2.584695 3.594101 0.087896
v 0.206407 3.846104 0.867636
v 0.270750 3.960519 0.929698
v 0.303483 4.149664 0.988963
v 0.262785 4.426035 1.035910
v 0.271679 4.577977 0.992383
v 0.309627 4.656662 0.907592
v 0.335262 4.769173 0.830249
v 0.333909 4.896897 0.713689
v 0.332960 4.942298 0.519509
v 0.332750 4.944353 0.310662
v 0.333339 4.946293 0.101531
v 0.852003 3.852651 0.828330
v 0.913056 3.961985 0.864421
v 0.931825 4.174431 0.916841
v 0.911169 4.411699 0.934858
v 0.930318 4.540386 0.883426
v 0.969604 4.630033 0.825974
v 0.995370 4.756911 0.792177
v 0.999677 4.890986 0.707825
v 1.001092 4.941817 0.519033
v 1.002336 4.944011 0.310253
v 1.004383 4.946100 0.101244
v 1.572797 3.837883 0.815804
v 1.581533 3.988540 0.806458
v 1.592441 4.155572 0.817832
v 1.594183 4.333748 0.818155
v 1.613497 4.470396 0.798312
v 1.640755 4.599975 0.789399
v 1.658798 4.755678 0.790453
v 1.666412 4.889185 0.707579
v 1.670037 4.939884 0.520123
v 1.672783 4.944411 0.311103
v 1.676012 4.946332 0.101672
v 2.247221 3.783288 0.719195
v 2.217131 3.948209 0.684297
v 2.217430 4.104381 0.676529
v 2.225248 4.265106 0.679639
v 2.240609 4.424386 0.687239
v 2.257545 4.587580 0.697007
v 2.257926 4.757951 0.704605
v 2.168154 4.873390 0.679273
v 2.570728 3.767153 0.504376
v 2.521628 3.930893 0.487711
v 2.510809 4.093449 0.484426
v 2.518871 4.256706 0.488833
v 2.531655 4.422089 0.496354
v 2.547095 4.590162 0.505688
v 2.538058 4.760578 0.515048
v 2.262851 4.892077 0.520038
v 2.571615 3.764417 0.285864
v 2.532334 3.929420 0.281947
v 2.527326 4.093440 0.282045
v 2.534295 4.257991 0.285623
v 2.545801 4.424232 0.291839
v 2.559750 4.592654 0.299527
v 2.553959 4.762924 0.307089
v 2.274519 4.896563 0.311011
v 2.558448 3.761849 0.083132
v 2.543260 3.928048 0.080491
v 2.543827 4.093558 0.080611
v 2.549498 4.259458 0.083331
v 2.559019 4.426610 0.088070
v 2.570371 4.595355 0.093805
v 2.561367 4.765300 0.099115
v 2.279082 4.898448 0.101575
v 1.397094 -0.210130 -0.093687
v 0.947472 0.074845 -0.122835
v 1.127571 0.297513 -0.116171
v 1.251874 0.468644 -0.115618
v 1.307855 0.648373 -0.115580
v 1.355345 0.828205 -0.115526
v 1.397701 -0.101767 -0.323259
v 1.018259 0.118571 -0.334032
v 1.119139 0.315900 -0.325379
v 1.208687 0.482173 -0.324550
v 1.268601 0.654941 -0.324477
v 1.326774 0.831800 -0.324743
v 1.407599 -0.008094 -0.545762
v 1.090430 0.165532 -0.548965
v 1.126347 0.331486 -0.539616
v 1.182381 0.491529 -0.533714
v 1.242897 0.660391 -0.533753
v 1.310174 0.835779 -0.534630
v 1.524307 0.052204 -0.715699
v 1.416824 0.185795 -0.740588
v 1.419916 0.341176 -0.731719
v 1.455561 0.499520 -0.730331
v 1.518334 0.667268 -0.731047
v 1.590294 0.841925 -0.732492
v 2.115616 -0.226999 -0.152927
v 2.504815 0.108646 -0.121820
v 2.446419 0.309566 -0.119243
v 2.426883 0.482046 -0.118663
v 2.469281 0.659356 -0.118891
v 2.525620 0.837725 -0.120051
v 2.092819 -0.104664 -0.351117
v 2.409282 0.139789 -0.330765
v 2.377382 0.324700 -0.327926
v 2.381125 0.491958 -0.327207
v 2.434266 0.664337 -0.327411
v 2.496639 0.840657 -0.328535
v 2.029809 -0.001244 -0.547531
v 2.318137 0.171291 -0.545649
v 2.312997 0.336850 -0.539370
v 2.342649 0.499386 -0.535889
v 2.403122 0.669035 -0.536460
v 2.470889 0.844001 -0.537811
v 1.911919 0.053351 -0.714223
v 1.995062 0.186457 -0.738866
v 1.997225 0.343389 -0.732103
v 2.033102 0.503182 -0.731468
v 2.094834 0.671317 -0.732291
v 2.165711 0.845709 -0.733844
v 1.403740 1.007900 -0.116151
v 1.450022 1.186431 -0.117163
v 1.491857 1.363272 -0.117969
v 1.525637 1.538473 -0.118029
v 1.546549 1.712333 -0.117148
v 1.550474 1.885273 -0.115522
v 1.538021 2.057645 -0.113560
v 1.515989 2.229563 -0.111702
v 1.383195 1.010136 -0.325487
v 1.436145 1.187715 -0.326443
v 1.486157 1.363721 -0.327375
v 1.531745 1.538160 -0.328045
v 1.566050 1.711432 -0.328188
v 1.578709 1.884101 -0.327573
v 1.566147 2.056551 -0.326239
v 1.530361 2.230651 -0.326167
v 1.373891 1.013208 -0.535750
v 1.432585 1.189954 -0.536925
v 1.488954 1.365147 -0.538128
v 1.543112 1.538843 -0.539284
v 1.586939 1.711515 -0.540097
v 1.605388 1.883828 -0.540089
v 1.589879 2.056659 -0.539453
v 1.531858 2.235124 -0.542959
v 1.658302 1.018595 -0.734062
v 1.720972 1.194486 -0.735587
v 1.782006 1.368788 -0.737121
v 1.842189 1.541604 -0.738652
v 1.892356 1.713467 -0.739857
v 1.914053 1.885143 -0.740118
v 1.895615 2.057780 -0.739693
v 1.828996 2.236861 -0.743780
v 2.582723 1.016322 -0.122081
v 2.638024 1.193795 -0.124387
v 2.688164 1.369604 -0.126134
v 2.728223 1.543747 -0.126577
v 2.751799 1.716535 -0.125451
v 2.753086 1.888481 -0.123025
v 2.732639 2.060028 -0.119904
v 2.699805 2.231302 -0.116782
v 2.558611 1.018137 -0.330206
v 2.618664 1.194799 -0.332048
v 2.676993 1.369832 -0.333692
v 2.731328 1.543193 -0.334782
v 2.772467 1.715329 -0.334964
v 2.785664 1.886976 -0.333921
v 2.765290 2.058656 -0.331733
v 2.724575 2.230306 -0.329063
v 2.537316 1.020637 -0.539491
v 2.601497 1.196538 -0.541261
v 2.666125 1.370816 -0.543018
v 2.730918 1.543449 -0.544620
v 2.784950 1.714968 -0.545669
v 2.806415 1.886272 -0.545486
v 2.784564 2.057974 -0.543823
v 2.736694 2.229846 -0.541380
v 2.234051 1.021963 -0.735574
v 2.298812 1.197448 -0.737301
v 2.363724 1.371321 -0.739055
v 2.429448 1.543638 -0.740804
v 2.485343 1.714955 -0.742170
v 2.509120 1.886165 -0.742412
v 2.489305 2.057860 -0.741189
v 2.441673 2.230120 -0.739422
v 0.312878 4.033187 -0.107602
v 0.319350 4.039782 -0.317901
v 0.348041 3.166447 -0.523677
v 0.374057 3.232324 -0.697710
v 0.373488 3.335490 -0.792929
v 0.360138 3.478279 -0.817523
v 0.359728 3.642100 -0.818642
v 1.252923 2.944939 -0.108731
v 0.928746 3.975491 -0.107925
v 1.244293 2.938429 -0.321589
v 0.926385 3.970592 -0.320565
v 1.275844 2.955116 -0.533740
v 0.941606 3.072685 -0.530394
v 1.299025 2.969504 -0.671372
v 1.063080 3.123231 -0.717781
v 1.036268 3.308590 -0.805454
v 1.028774 3.464926 -0.820275
v 1.029220 3.632906 -0.820543
v 1.437005 2.400380 -0.110418
v 1.413087 2.571824 -0.109309
v 1.370016 2.736830 -0.109808
v 1.328840 2.854853 -0.110067
v 1.440254 2.405463 -0.327750
v 1.399707 2.577724 -0.328442
v 1.423216 2.742882 -0.325011
v 1.367401 2.862508 -0.322764
v 1.462315 2.413893 -0.548826
v 1.425965 2.585815 -0.549712
v 1.444287 2.748951 -0.540530
v 1.400059 2.871197 -0.535222
v 1.756643 2.416394 -0.748610
v 1.721260 2.588075 -0.747910
v 1.729276 2.750763 -0.740749
v 1.641291 2.913293 -0.734124
v 1.684620 3.086470 -0.800251
v 1.688596 3.267540 -0.821761
v 1.687570 3.437359 -0.824223
v 1.688110 3.607755 -0.823964
v 2.666047 2.402214 -0.114166
v 2.638204 2.572684 -0.112238
v 2.618026 2.742714 -0.110947
v 2.604560 2.912362 -0.110147
v 2.597051 3.081708 -0.109692
v 2.590922 3.251405 -0.110407
v 2.582211 3.421626 -0.113224
v 2.573012 3.591174 -0.116780
v 2.682002 2.401596 -0.326635
v 2.647652 2.572339 -0.324789
v 2.623425 2.742535 -0.323534
v 2.607637 2.912272 -0.322748
v 2.598851 3.081653 -0.322292
v 2.594048 3.250766 -0.322050
v 2.589957 3.419858 -0.322301
v 2.585038 3.589074 -0.323661
v 2.687320 2.401358 -0.539061
v 2.648506 2.572249 -0.537287
v 2.621749 2.742526 -0.536082
v 2.604608 2.912296 -0.535326
v 2.595063 3.081683 -0.534884
v 2.589839 3.250784 -0.534644
v 2.586384 3.419678 -0.534528
v 2.584538 3.588416 -0.534484
v 2.392091 2.402075 -0.737739
v 2.354828 2.572908 -0.736120
v 2.330607 2.742823 -0.734767
v 2.315389 2.912338 -0.733912
v 2.306086 3.081723 -0.733665
v 2.300976 3.250839 -0.733589
v 2.297954 3.419698 -0.733514
v 2.296441 3.588424 -0.733494
v 0.333962 4.947255 -0.109356
v 0.334024 4.947258 -0.321933
v 0.334091 4.947260 -0.534526
v 0.354760 3.809562 -0.827680
v 0.328323 4.001715 -0.881553
v 0.301800 4.190334 -0.932674
v 0.298037 4.343590 -0.929018
v 0.319016 4.463090 -0.869084
v 0.333284 4.599102 -0.829042
v 0.333782 4.767413 -0.823443
v 0.334058 4.899414 -0.729322
v 1.005893 4.947234 -0.109418
v 1.005995 4.947261 -0.321955
v 1.006059 4.947263 -0.534546
v 1.026487 3.795628 -0.821728
v 1.014207 3.958311 -0.835649
v 0.997378 4.129119 -0.861017
v 0.993799 4.287570 -0.860126
v 1.003142 4.435057 -0.834352
v 1.005433 4.599102 -0.829073
v 1.005821 4.767416 -0.823468
v 1.006039 4.899416 -0.729344
v 1.677912 4.947264 -0.109395
v 1.677974 4.947265 -0.321977
v 1.678029 4.944868 -0.534567
v 1.686314 3.773496 -0.824541
v 1.681892 3.934635 -0.825935
v 1.677670 4.095873 -0.827295
v 1.676875 4.262406 -0.827679
v 1.677248 4.430772 -0.827717
v 1.677580 4.599109 -0.827749
v 1.677862 4.767422 -0.820980
v 1.678020 4.897021 -0.727530
v 2.565650 3.759551 -0.119872
v 2.561882 3.926888 -0.121613
v 2.562199 4.093752 -0.121545
v 2.566386 4.260867 -0.119682
v 2.573315 4.428802 -0.116512
v 2.581074 4.597689 -0.112926
v 2.567563 4.767024 -0.110162
v 2.281773 4.899410 -0.109422
v 2.580739 3.757829 -0.325195
v 2.578349 3.926022 -0.326142
v 2.578487 4.093926 -0.326107
v 2.580955 4.261940 -0.325104
v 2.584707 4.430337 -0.323549
v 2.587933 4.599010 -0.322228
v 2.569191 4.767420 -0.321989
v 2.281861 4.899418 -0.321991
v 2.583514 3.757046 -0.534528
v 2.582785 3.925581 -0.534693
v 2.582760 4.094010 -0.534698
v 2.583245 4.262411 -0.534558
v 2.583492 4.430778 -0.534544
v 2.583681 4.599110 -0.534562
v 2.559277 4.767421 -0.534578
v 2.274389 4.897020 -0.534580
v 2.295779 3.757034 -0.733505
v 2.295584 3.925554 -0.733529
v 2.295633 4.094010 -0.733557
v 2.295800 4.262413 -0.733584
v 2.296011 4.430777 -0.733610
v 2.296229 4.599112 -0.733632
v 2.281603 4.767424 -0.729676
v 2.182588 4.880274 -0.697430
vn -0.1319 -0.2806 0.9507
vn -0.1704 0.2252 0.9593
vn -0.1770 0.1758 0.9684
vn -0.1729 -0.0613 0.9830
vn -0.1698 -0.1221 0.9779
vn -0.1700 -0.1397 0.9755
vn -0.2216 -0.8094 0.5438
vn -0.7832 -0.2324 0.5767
vn -0.7899 0.0630 0.6099
vn -0.7862 -0.2252 0.5754
vn -0.7770 -0.3123 0.5465
vn -0.7784 -0.3398 0.5279
vn -0.2370 -0.9471 0.2165
vn -0.8575 -0.4998 0.1221
vn -0.9769 0.1178 0.1785
vn -0.9793 -0.1857 0.0807
vn -0.9515 -0.3074 0.0133
vn -0.9436 -0.3301 -0.0256
vn -0.2285 -0.9735 0.0076
vn -0.8447 -0.5233 0.1123
vn -0.9754 0.1961 0.1007
vn -0.9935 -0.1019 0.0513
vn -0.9659 -0.2591 0.0018
vn -0.9567 -0.2887 -0.0377
vn 0.1281 -0.2784 0.9519
vn 0.1818 0.3315 0.9258
vn 0.1885 0.3106 0.9317
vn 0.1823 0.0658 0.9810
vn 0.1787 0.0032 0.9839
vn 0.1777 -0.0031 0.9841
vn 0.1811 -0.7326 0.6562
vn 0.7164 0.3745 0.5886
vn 0.6907 0.5389 0.4822
vn 0.7932 0.3038 0.5278
vn 0.8069 0.2327 0.5429
vn 0.7941 0.2438 0.5568
vn 0.1393 -0.9266 0.3492
vn 0.8525 0.4553 0.2568
vn 0.7693 0.6361 0.0597
vn 0.9185 0.3955 0.0059
vn 0.9588 0.2840 0.0016
vn 0.9561 0.2906 0.0371
vn 0.1733 -0.9821 -0.0733
vn 0.8565 0.4996 -0.1294
vn 0.7616 0.6460 -0.0517
vn 0.9169 0.3970 -0.0409
vn 0.9677 0.2515 -0.0172
vn 0.9678 0.2515 0.0127
vn -0.1714 -0.1492 0.9738
vn -0.1744 -0.1314 0.9759
vn -0.1781 -0.0717 0.9814
vn -0.1791 0.0163 0.9837
vn -0.1764 0.0915 0.9801
vn -0.1728 0.1255 0.9769
vn -0.1706 0.1228 0.9777
vn -0.1751 0.0656 0.9824
vn -0.7863 -0.3511 0.5085
vn -0.8113 -0.3094 0.4961
vn -0.8496 -0.1755 0.4975
vn -0.8639 0.0331 0.5025
vn -0.8369 0.2102 0.5053
vn -0.8053 0.2881 0.5181
vn -0.7904 0.2870 0.5413
vn -0.7957 0.2207 0.5640
vn -0.9431 -0.3263 -0.0636
vn -0.9550 -0.2780 -0.1030
vn -0.9784 -0.1578 -0.1337
vn -0.9901 0.0140 -0.1395
vn -0.9801 0.1639 -0.1122
vn -0.9675 0.2442 -0.0652
vn -0.9654 0.2600 -0.0179
vn -0.9759 0.2176 0.0169
vn -0.9559 -0.2847 -0.0720
vn -0.9643 -0.2455 -0.0994
vn -0.9824 -0.1451 -0.1172
vn -0.9929 -0.0049 -0.1188
vn -0.9887 0.1149 -0.0967
vn -0.9812 0.1849 -0.0557
vn -0.9783 0.2072 -0.0086
vn -0.9840 0.1740 0.0391
vn 0.1754 -0.0075 0.9845
vn 0.1716 -0.0101 0.9851
vn 0.1676 -0.0076 0.9858
vn 0.1665 0.0002 0.9860
vn 0.1692 0.0058 0.9856
vn 0.1730 0.0058 0.9849
vn 0.1755 0.0036 0.9845
vn 0.1766 -0.0501 0.9830
vn 0.7785 0.2479 0.5767
vn 0.7684 0.2118 0.6039
vn 0.7672 0.1130 0.6314
vn 0.7680 -0.0291 0.6398
vn 0.7677 -0.1523 0.6225
vn 0.7739 -0.2132 0.5964
vn 0.7879 -0.2172 0.5763
vn 0.7929 -0.2597 0.5512
vn 0.9510 0.2983 0.0812
vn 0.9575 0.2612 0.1225
vn 0.9775 0.1419 0.1562
vn 0.9848 -0.0343 0.1704
vn 0.9721 -0.1791 0.1516
vn 0.9627 -0.2484 0.1074
vn 0.9648 -0.2565 0.0584
vn 0.9551 -0.2957 0.0189
vn 0.9624 0.2698 0.0316
vn 0.9680 0.2488 0.0335
vn 0.9907 0.1325 0.0320
vn 0.9986 -0.0350 0.0395
vn 0.9882 -0.1489 0.0367
vn 0.9804 -0.1970 0.0074
vn 0.9783 -0.2039 -0.0373
vn 0.9619 -0.2629 -0.0749
vn -0.1872 -0.0609 0.9804
vn -0.1966 -0.1556 0.9681
vn -0.2035 -0.1332 0.9700
vn -0.2418 -0.1468 0.9591
vn -0.3296 -0.0994 0.9389
vn -0.4330 0.1440 0.8898
vn -0.4449 0.3131 0.8391
vn -0.3787 0.3127 0.8711
vn -0.8155 0.0807 0.5731
vn -0.8289 -0.0339 0.5584
vn -0.8510 -0.0355 0.5240
vn -0.8778 0.0360 0.4776
vn -0.8951 0.1352 0.4249
vn -0.8927 0.2143 0.3965
vn -0.8817 0.2116 0.4217
vn -0.8569 0.1712 0.4863
vn -0.9943 0.0999 0.0366
vn -0.9990 0.0045 0.0443
vn -0.9987 0.0387 0.0346
vn -0.9906 0.1370 0.0011
vn -0.9784 0.2031 -0.0380
vn -0.9794 0.1958 -0.0495
vn -0.9911 0.1303 -0.0274
vn -0.9966 0.0818 0.0020
vn -0.9940 0.0773 0.0774
vn -0.9964 0.0128 0.0836
vn -0.9955 0.0742 0.0594
vn -0.9814 0.1909 0.0209
vn -0.9701 0.2423 -0.0148
vn -0.9824 0.1851 -0.0255
vn -0.9953 0.0966 -0.0097
vn -0.9983 0.0582 0.0087
vn 0.1685 -0.1662 0.9716
vn 0.1579 -0.2290 0.9605
vn 0.1387 -0.2181 0.9660
vn 0.1037 -0.3334 0.9371
vn -0.0220 -0.2190 0.9755
vn -0.0917 0.0354 0.9952
vn -0.1475 0.3572 0.9223
vn -0.1399 0.4552 0.8793
vn 0.7758 -0.3534 0.5228
vn 0.7732 -0.3707 0.5145
vn 0.7407 -0.4520 0.4970
vn 0.4736 -0.8175 0.3276
vn 0.9212 -0.3892 0.0006
vn 0.9140 -0.4058 0.0014
vn 0.8729 -0.4879 -0.0013
vn 0.6056 -0.7956 -0.0167
vn 0.9154 -0.3949 -0.0779
vn 0.9032 -0.4259 -0.0535
vn 0.8762 -0.4808 -0.0327
vn 0.7602 -0.6396 -0.1139
vn 0.2659 -0.7967 0.5427
vn 0.1778 -0.6058 0.7755
vn 0.0505 -0.1056 0.9931
vn -0.0199 0.3771 0.9260
vn -0.0379 0.5105 0.8590
vn 0.4200 -0.9030 0.0901
vn 0.3619 -0.8826 -0.3000
vn 0.6385 -0.7385 -0.2168
vn 0.2309 -0.6359 -0.7364
vn 0.8120 -0.5369 -0.2289
vn 0.3658 -0.9141 -0.1751
vn 0.0902 -0.7717 0.6296
vn 0.0585 -0.2936 0.9541
vn 0.0248 0.3294 0.9439
vn 0.0085 0.4353 0.9002
vn 0.0692 -0.8119 -0.5797
vn 0.0679 -0.7732 -0.6305
vn 0.0980 -0.9947 -0.0320
vn -0.3261 0.2129 0.9210
vn -0.3254 0.0454 0.9445
vn -0.3557 -0.1437 0.9235
vn -0.3870 -0.2276 0.8936
vn -0.4145 -0.1321 0.9004
vn -0.4052 0.0711 0.9114
vn -0.3290 0.4934 0.8052
vn -0.1956 0.8838 0.4250
vn -0.8273 0.1467 0.5423
vn -0.8082 0.0748 0.5842
vn -0.8125 -0.0452 0.5811
vn -0.8406 -0.1271 0.5264
vn -0.8725 -0.1021 0.4777
vn -0.8844 0.0479 0.4644
vn -0.6679 0.6785 0.3058
vn -0.2128 0.9736 0.0821
vn -0.9976 0.0642 0.0258
vn -0.9984 0.0352 0.0433
vn -0.9991 0.0016 0.0427
vn -0.9994 -0.0300 0.0184
vn -0.9993 -0.0345 -0.0155
vn -0.9979 0.0581 -0.0302
vn -0.6746 0.7379 -0.0218
vn -0.2046 0.9786 -0.0204
vn -0.9988 0.0434 0.0206
vn -0.9993 0.0263 0.0272
vn -0.9996 0.0114 0.0271
vn -0.9998 -0.0009 0.0200
vn -1.0000 -0.0057 0.0072
vn -0.9982 0.0594 -0.0024
vn -0.6772 0.7358 -0.0025
vn -0.2019 0.9794 -0.0010
vn -0.1171 0.2163 0.9693
vn -0.1364 -0.0801 0.9874
vn -0.1656 -0.2631 0.9505
vn -0.1815 -0.2682 0.9461
vn -0.1783 -0.0796 0.9808
vn -0.1481 0.1817 0.9721
vn -0.1013 0.5090 0.8548
vn -0.0592 0.8915 0.4491
vn -0.0409 0.9986 0.0336
vn -0.0405 0.9988 -0.0283
vn -0.0387 0.9993 -0.0011
vn -0.0472 0.0986 0.9940
vn -0.0745 -0.2517 0.9649
vn -0.0903 -0.3256 0.9412
vn -0.0891 -0.2170 0.9721
vn -0.0750 0.0914 0.9930
vn -0.0346 0.3632 0.9311
vn 0.0030 0.6055 0.7958
vn 0.0118 0.9084 0.4180
vn 0.0066 0.9991 0.0422
vn 0.0026 0.9996 -0.0284
vn 0.0007 1.0000 0.0004
vn -0.0033 -0.0767 0.9970
vn -0.0159 -0.3641 0.9312
vn -0.0127 -0.2996 0.9540
vn -0.0021 -0.0766 0.9971
vn 0.0103 0.3296 0.9441
vn 0.0376 0.5476 0.8359
vn 0.0527 0.6423 0.7646
vn 0.0376 0.8990 0.4362
vn 0.0162 0.9974 0.0697
vn 0.0051 0.9999 -0.0124
vn 0.0010 1.0000 0.0039
vn -0.2512 -0.9300 -0.2683
vn -0.8834 -0.4681 -0.0196
vn -0.9821 0.1845 -0.0378
vn -0.9965 -0.0833 0.0026
vn -0.9743 -0.2254 0.0033
vn -0.9661 -0.2578 -0.0136
vn -0.2442 -0.7849 -0.5695
vn -0.8647 -0.4106 -0.2893
vn -0.9917 0.0631 -0.1122
vn -0.9923 -0.1219 -0.0230
vn -0.9785 -0.2056 -0.0133
vn -0.9719 -0.2329 -0.0331
vn -0.2179 -0.7705 -0.5990
vn -0.6814 -0.3938 -0.6170
vn -0.8062 -0.0486 -0.5897
vn -0.8137 -0.0965 -0.5732
vn -0.7970 -0.0813 -0.5985
vn -0.7693 -0.0553 -0.6365
vn -0.1287 -0.6290 -0.7667
vn -0.1730 -0.1826 -0.9679
vn -0.1752 -0.0081 -0.9845
vn -0.1715 0.0188 -0.9850
vn -0.1648 0.0892 -0.9823
vn -0.1555 0.1592 -0.9749
vn 0.1181 -0.8609 -0.4949
vn 0.7884 0.3552 -0.5022
vn 0.7982 0.5735 -0.1844
vn 0.9367 0.3367 -0.0959
vn 0.9712 0.2313 -0.0566
vn 0.9619 0.2629 -0.0756
vn 0.1299 -0.6841 -0.7177
vn 0.8046 0.1067 -0.5841
vn 0.8824 0.4070 -0.2359
vn 0.9656 0.2392 -0.1018
vn 0.9698 0.2351 -0.0654
vn 0.9449 0.3145 -0.0909
vn 0.1663 -0.7216 -0.6721
vn 0.6835 -0.1382 -0.7167
vn 0.7689 0.1792 -0.6138
vn 0.8059 0.1531 -0.5720
vn 0.8055 0.2367 -0.5433
vn 0.7944 0.3435 -0.5010
vn 0.1139 -0.6051 -0.7879
vn 0.1686 -0.1303 -0.9770
vn 0.1740 0.0354 -0.9841
vn 0.1751 0.0658 -0.9824
vn 0.1778 0.1491 -0.9727
vn 0.1855 0.2382 -0.9533
vn -0.9636 -0.2664 -0.0240
vn -0.9699 -0.2424 -0.0216
vn -0.9882 -0.1524 -0.0131
vn -0.9997 -0.0245 -0.0029
vn -0.9969 0.0776 0.0159
vn -0.9893 0.1388 0.0447
vn -0.9841 0.1582 0.0803
vn -0.9853 0.1120 0.1288
vn -0.9650 -0.2575 -0.0486
vn -0.9664 -0.2523 -0.0485
vn -0.9843 -0.1730 -0.0350
vn -0.9986 -0.0510 -0.0142
vn -0.9990 0.0439 0.0124
vn -0.9935 0.1073 0.0377
vn -0.9903 0.1269 0.0561
vn -0.9950 0.0690 0.0718
vn -0.7347 -0.0789 -0.6738
vn -0.7027 -0.1242 -0.7006
vn -0.6908 -0.1273 -0.7118
vn -0.6995 -0.0800 -0.7102
vn -0.7143 -0.0150 -0.6997
vn -0.7262 0.0501 -0.6856
vn -0.7151 0.1050 -0.6910
vn -0.7091 0.0723 -0.7014
vn -0.1443 0.1632 -0.9760
vn -0.1307 0.0875 -0.9875
vn -0.1204 -0.0098 -0.9927
vn -0.1175 -0.0581 -0.9914
vn -0.1215 -0.0495 -0.9914
vn -0.1250 -0.0095 -0.9921
vn -0.1205 0.0634 -0.9907
vn -0.1231 0.0462 -0.9913
vn 0.9435 0.3042 -0.1314
vn 0.9383 0.2842 -0.1972
vn 0.9583 0.1474 -0.2449
vn 0.9660 -0.0337 -0.2562
vn 0.9587 -0.1356 -0.2500
vn 0.9530 -0.1610 -0.2565
vn 0.9472 -0.1532 -0.2817
vn 0.9236 -0.2334 -0.3040
vn 0.9206 0.3653 -0.1378
vn 0.9297 0.3237 -0.1758
vn 0.9673 0.1659 -0.1918
vn 0.9800 -0.0200 -0.1981
vn 0.9700 -0.1254 -0.2082
vn 0.9637 -0.1400 -0.2275
vn 0.9584 -0.1140 -0.2615
vn 0.9288 -0.2032 -0.3098
vn 0.7973 0.3888 -0.4617
vn 0.8382 0.3249 -0.4381
vn 0.8887 0.1556 -0.4313
vn 0.8979 -0.0164 -0.4399
vn 0.8772 -0.1071 -0.4681
vn 0.8578 -0.1060 -0.5030
vn 0.8408 -0.0417 -0.5397
vn 0.8081 -0.1176 -0.5771
vn 0.2006 0.2641 -0.9434
vn 0.2219 0.1917 -0.9560
vn 0.2371 0.0569 -0.9698
vn 0.2358 -0.0421 -0.9709
vn 0.2265 -0.0676 -0.9717
vn 0.2185 -0.0389 -0.9751
vn 0.2168 0.0412 -0.9754
vn 0.2226 0.0033 -0.9749
vn -0.9843 0.0485 0.1694
vn -0.9858 0.0487 0.1605
vn -0.9852 0.1302 0.1113
vn -0.9691 0.2385 0.0634
vn -0.9616 0.2723 0.0344
vn -0.9818 0.1889 0.0176
vn -0.9963 0.0855 0.0083
vn -0.9988 0.0484 0.0071
vn -0.9962 0.0290 0.0817
vn -0.9941 0.0809 0.0725
vn -0.9825 0.1807 0.0459
vn -0.9623 0.2713 0.0208
vn -0.9573 0.2891 0.0070
vn -0.9795 0.2013 -0.0006
vn -0.9958 0.0917 -0.0067
vn -0.9988 0.0477 -0.0101
vn -0.7136 -0.0391 -0.6994
vn -0.7266 -0.0757 -0.6829
vn -0.7512 0.0294 -0.6594
vn -0.7646 0.1783 -0.6194
vn -0.7729 0.2297 -0.5915
vn -0.7952 0.1632 -0.5840
vn -0.8099 0.0730 -0.5820
vn -0.8126 0.0376 -0.5817
vn -0.1336 -0.1466 -0.9801
vn -0.1432 -0.2701 -0.9521
vn -0.1540 -0.1800 -0.9715
vn -0.1845 -0.0708 -0.9803
vn -0.2380 -0.0014 -0.9713
vn -0.2767 0.0404 -0.9601
vn -0.2861 0.0190 -0.9580
vn -0.2878 0.0110 -0.9576
vn 0.8693 -0.4068 -0.2808
vn 0.8554 -0.4676 -0.2229
vn 0.8454 -0.5114 -0.1543
vn 0.8983 -0.3835 -0.2145
vn 0.8513 -0.4083 -0.3296
vn 0.8069 -0.5050 -0.3065
vn 0.7886 -0.5601 -0.2537
vn 0.8951 -0.4295 -0.1200
vn 0.7321 -0.3647 -0.5753
vn 0.6686 -0.4985 -0.5518
vn 0.6384 -0.5480 -0.5405
vn 0.5803 -0.7017 -0.4133
vn 0.2105 -0.2347 -0.9490
vn 0.1835 -0.3751 -0.9087
vn 0.1579 -0.3133 -0.9364
vn 0.1105 -0.3530 -0.9291
vn 0.0031 -0.1986 -0.9801
vn -0.0429 -0.0798 -0.9959
vn -0.0637 -0.0118 -0.9979
vn -0.0667 -0.0004 -0.9978
vn 0.6420 -0.6497 -0.4071
vn 0.2707 -0.9534 -0.1330
vn 0.3331 -0.5623 0.7569
vn 0.1602 -0.7378 0.6558
vn 0.5149 -0.8572 0.0044
vn 0.2043 -0.7735 0.6000
vn 0.2473 -0.7617 -0.5989
vn 0.1447 -0.5992 -0.7874
vn 0.0425 -0.2279 -0.9728
vn 0.0087 -0.0415 -0.9991
vn 0.0015 -0.0139 -0.9999
vn 0.0961 -0.9953 -0.0120
vn 0.0743 -0.7900 0.6086
vn 0.1006 -0.8408 0.5320
vn 0.0820 -0.7511 -0.6551
vn 0.0321 -0.3449 -0.9381
vn 0.0073 -0.0679 -0.9977
vn 0.0020 -0.0310 -0.9995
vn -0.9993 0.0353 0.0097
vn -0.9996 0.0241 0.0115
vn -0.9998 0.0147 0.0108
vn -0.9999 0.0086 0.0077
vn -1.0000 0.0060 0.0036
vn -0.9980 0.0632 0.0007
vn -0.6779 0.7352 -0.0001
vn -0.2018 0.9794 -0.0000
vn -0.9994 0.0336 -0.0109
vn -0.9997 0.0235 -0.0109
vn -0.9998 0.0163 -0.0111
vn -0.9999 0.0115 -0.0116
vn -0.9999 0.0085 -0.0120
vn -0.9976 0.0679 -0.0149
vn -0.6760 0.7367 -0.0149
vn -0.2018 0.9794 -0.0082
vn -0.8132 0.0252 -0.5814
vn -0.8138 0.0176 -0.5809
vn -0.8141 0.0126 -0.5806
vn -0.8143 0.0090 -0.5804
vn -0.8144 0.0065 -0.5803
vn -0.8134 0.0585 -0.5788
vn -0.6470 0.6390 -0.4160
vn -0.2043 0.9660 -0.1585
vn -0.2887 0.0038 -0.9574
vn -0.2939 -0.0087 -0.9558
vn -0.3017 -0.0072 -0.9534
vn -0.3021 0.0132 -0.9532
vn -0.2956 0.0115 -0.9552
vn -0.2924 0.0270 -0.9559
vn -0.2680 0.3476 -0.8985
vn -0.1715 0.8153 -0.5531
vn -0.0386 0.9993 -0.0000
vn -0.0392 0.9992 -0.0045
vn -0.0362 0.9929 -0.1133
vn -0.0731 -0.0319 -0.9968
vn -0.0929 -0.0771 -0.9927
vn -0.1185 -0.0525 -0.9916
vn -0.1254 0.0555 -0.9906
vn -0.1004 0.0814 -0.9916
vn -0.0763 0.0401 -0.9963
vn -0.0615 0.2932 -0.9541
vn -0.0449 0.8130 -0.5806
vn 0.0001 1.0000 0.0003
vn -0.0004 1.0000 -0.0014
vn -0.0014 0.9926 -0.1217
vn -0.0106 -0.1032 -0.9946
vn -0.0391 -0.1972 -0.9796
vn -0.0749 -0.1017 -0.9920
vn -0.0854 0.1709 -0.9816
vn -0.0508 0.2513 -0.9666
vn -0.0129 0.1073 -0.9941
vn -0.0019 0.3221 -0.9467
vn -0.0020 0.8277 -0.5612
vn 0.0002 1.0000 0.0011
vn -0.0000 1.0000 -0.0000
vn -0.0000 0.9928 -0.1201
vn -0.0012 -0.1697 -0.9855
vn -0.0081 -0.2701 -0.9628
vn -0.0180 -0.1013 -0.9947
vn -0.0210 0.2716 -0.9622
vn -0.0125 0.3859 -0.9225
vn -0.0031 0.1707 -0.9853
vn -0.0000 0.3217 -0.9468
vn -0.0000 0.8275 -0.5614
vn -0.0039 0.0253 0.9997
vn -0.0875 0.5534 0.8283
vn -0.1420 0.4019 0.9046
vn -0.1675 0.1011 0.9807
vn -0.1665 0.0198 0.9858
vn -0.1631 0.0568 0.9850
vn -0.1353 -0.5759 0.8063
vn -0.5631 0.6246 0.5411
vn -0.5900 0.5799 0.5618
vn -0.7284 0.2778 0.6263
vn -0.7643 0.1176 0.6340
vn -0.7536 0.1721 0.6344
vn -0.1562 -0.9781 0.1373
vn -0.9466 0.3176 -0.0559
vn -0.7115 0.6616 0.2369
vn -0.8855 0.4128 0.2131
vn -0.9722 0.1741 0.1569
vn -0.9685 0.2069 0.1389
vn -0.1370 -0.9460 -0.2938
vn -0.9621 -0.1230 -0.2435
vn -0.7307 0.6629 0.1631
vn -0.8635 0.4585 0.2101
vn -0.9594 0.2149 0.1829
vn -0.9637 0.2231 0.1467
vn 0.2762 -0.1737 0.9453
vn 0.2617 0.3535 0.8981
vn 0.2148 0.2636 0.9404
vn 0.1849 0.0142 0.9826
vn 0.1752 -0.0435 0.9836
vn 0.1771 -0.0305 0.9837
vn 0.3216 -0.8623 0.3912
vn 0.8812 -0.1937 0.4312
vn 0.8413 0.1629 0.5155
vn 0.8486 -0.0963 0.5202
vn 0.8319 -0.2001 0.5175
vn 0.8224 -0.2431 0.5144
vn 0.2302 -0.9730 -0.0135
vn 0.9154 -0.4020 -0.0216
vn 0.9807 0.1919 -0.0360
vn 0.9911 -0.0794 -0.1070
vn 0.9618 -0.2420 -0.1280
vn 0.9470 -0.2943 -0.1290
vn 0.1707 -0.9512 -0.2569
vn 0.9087 -0.3920 -0.1433
vn 0.9638 0.2264 -0.1411
vn 0.9858 -0.0500 -0.1604
vn 0.9550 -0.2489 -0.1615
vn 0.9443 -0.2913 -0.1533
vn -0.1581 0.0867 0.9836
vn -0.1517 0.0860 0.9847
vn -0.1472 0.0310 0.9886
vn -0.1489 -0.0450 0.9878
vn -0.1541 -0.0849 0.9844
vn -0.1597 -0.0845 0.9835
vn -0.1643 -0.0653 0.9842
vn -0.1641 -0.0666 0.9842
vn -0.7340 0.2227 0.6417
vn -0.7187 0.2109 0.6626
vn -0.7228 0.0998 0.6838
vn -0.7371 -0.0566 0.6734
vn -0.7556 -0.1516 0.6372
vn -0.7791 -0.1660 0.6045
vn -0.7999 -0.1369 0.5843
vn -0.8010 -0.1783 0.5715
vn -0.9600 0.2421 0.1410
vn -0.9618 0.2258 0.1545
vn -0.9781 0.1392 0.1549
vn -0.9929 0.0121 0.1181
vn -0.9950 -0.0835 0.0551
vn -0.9927 -0.1208 -0.0009
vn -0.9924 -0.1188 -0.0317
vn -0.9792 -0.1999 -0.0359
vn -0.9620 0.2395 0.1311
vn -0.9669 0.2231 0.1239
vn -0.9801 0.1684 0.1051
vn -0.9947 0.0832 0.0601
vn -1.0000 -0.0038 -0.0019
vn -0.9962 -0.0686 -0.0531
vn -0.9918 -0.1031 -0.0758
vn -0.9718 -0.2290 -0.0555
vn 0.1797 -0.0251 0.9834
vn 0.1864 -0.0248 0.9822
vn 0.1940 -0.0209 0.9808
vn 0.1904 -0.0113 0.9816
vn 0.1831 -0.0076 0.9831
vn 0.1778 -0.0053 0.9840
vn 0.1750 -0.0021 0.9846
vn 0.1754 -0.0045 0.9845
vn 0.8186 -0.2833 0.4996
vn 0.8349 -0.2723 0.4783
vn 0.8661 -0.1434 0.4788
vn 0.8593 0.0442 0.5096
vn 0.8224 0.1514 0.5484
vn 0.7972 0.1693 0.5796
vn 0.7885 0.1464 0.5974
vn 0.7892 0.1136 0.6035
vn 0.9348 -0.3230 -0.1477
vn 0.9372 -0.2982 -0.1806
vn 0.9640 -0.1807 -0.1949
vn 0.9880 -0.0052 -0.1541
vn 0.9889 0.1301 -0.0718
vn 0.9825 0.1861 0.0041
vn 0.9811 0.1876 0.0483
vn 0.9846 0.1633 0.0623
vn 0.9407 -0.3015 -0.1553
vn 0.9464 -0.2792 -0.1627
vn 0.9665 -0.2069 -0.1518
vn 0.9905 -0.0927 -0.1018
vn 0.9994 0.0263 -0.0234
vn 0.9923 0.1157 0.0449
vn 0.9836 0.1625 0.0778
vn 0.9824 0.1693 0.0786
vn -0.0598 -0.8094 0.5843
vn -0.0240 -0.2191 0.9754
vn 0.0249 0.2903 0.9566
vn 0.0353 0.3222 0.9460
vn -0.0432 -0.7550 -0.6544
vn -0.0229 -0.8117 -0.5836
vn -0.0252 -0.9994 -0.0231
vn -0.2479 -0.6906 0.6794
vn -0.1579 -0.3516 0.9227
vn -0.0232 0.0671 0.9975
vn 0.0271 0.2960 0.9548
vn 0.0314 0.2920 0.9559
vn -0.6251 -0.7804 -0.0167
vn -0.2510 -0.6240 -0.7400
vn -0.3439 -0.4114 -0.8441
vn -0.1624 -0.7323 -0.6613
vn -0.7713 -0.5859 0.2485
vn -0.2617 -0.9629 0.0653
vn -0.1238 -0.3180 0.9400
vn -0.0608 -0.2939 0.9539
vn -0.0390 -0.1888 0.9812
vn 0.0103 -0.3003 0.9538
vn 0.0736 -0.0327 0.9967
vn 0.0909 0.0947 0.9913
vn 0.1012 0.2008 0.9744
vn 0.0860 0.2753 0.9575
vn -0.6621 -0.6087 0.4372
vn -0.5807 -0.5797 0.5716
vn -0.5973 -0.3965 0.6971
vn -0.4910 -0.8088 0.3236
vn -0.8684 -0.4757 -0.1401
vn -0.8390 -0.4376 -0.3233
vn -0.8649 -0.2828 -0.4148
vn -0.8428 -0.2278 -0.4876
vn -0.9475 -0.3107 -0.0753
vn -0.9443 -0.2654 -0.1943
vn -0.9232 -0.2903 -0.2519
vn -0.9615 -0.2398 -0.1341
vn 0.2104 -0.0960 0.9729
vn 0.2859 -0.1507 0.9463
vn 0.3336 -0.0624 0.9407
vn 0.3733 -0.0468 0.9265
vn 0.3967 -0.0545 0.9163
vn 0.3704 0.0195 0.9287
vn 0.2990 0.0463 0.9531
vn 0.2921 0.2326 0.9277
vn 0.7943 0.0824 0.6019
vn 0.8070 0.0428 0.5890
vn 0.8211 0.0324 0.5699
vn 0.8240 0.0233 0.5662
vn 0.8176 -0.0766 0.5706
vn 0.8132 -0.1329 0.5667
vn 0.8294 0.0110 0.5585
vn 0.8079 0.2373 0.5395
vn 0.9899 0.1295 0.0582
vn 0.9943 0.0954 0.0473
vn 0.9971 0.0671 0.0369
vn 0.9993 0.0282 0.0229
vn 0.9983 -0.0570 -0.0111
vn 0.9935 -0.0952 -0.0619
vn 0.9952 0.0121 -0.0967
vn 0.9814 0.1723 -0.0846
vn 0.9870 0.1480 0.0630
vn 0.9925 0.1144 0.0441
vn 0.9963 0.0809 0.0285
vn 0.9987 0.0492 0.0150
vn 0.9999 -0.0000 -0.0134
vn 0.9975 -0.0254 -0.0659
vn 0.9939 0.0295 -0.1063
vn 0.9895 0.1142 -0.0884
vn 0.0438 -0.1837 0.9820
vn 0.0590 -0.3714 0.9266
vn 0.0788 -0.2324 0.9694
vn 0.1000 0.0564 0.9934
vn 0.1042 0.4668 0.8782
vn 0.0989 0.5576 0.8242
vn 0.0686 0.5794 0.8121
vn 0.0327 0.8647 0.5013
vn 0.0099 0.9940 0.1094
vn 0.0025 1.0000 0.0044
vn 0.0005 1.0000 0.0065
vn 0.0490 -0.0496 0.9976
vn 0.0865 -0.2500 0.9644
vn 0.1303 -0.1472 0.9805
vn 0.1572 0.1078 0.9817
vn 0.1452 0.3654 0.9195
vn 0.0914 0.3309 0.9392
vn 0.0404 0.4221 0.9056
vn 0.0121 0.8211 0.5706
vn 0.0025 0.9911 0.1332
vn 0.0004 0.9999 0.0114
vn -0.0000 1.0000 0.0073
vn 0.0964 0.1439 0.9849
vn 0.1360 -0.0510 0.9894
vn 0.1701 -0.0681 0.9831
vn 0.1815 0.0408 0.9825
vn 0.1589 0.1223 0.9797
vn 0.1106 0.0833 0.9904
vn 0.0672 0.2647 0.9620
vn 0.0437 0.7863 0.6163
vn 0.0357 0.9910 0.1290
vn 0.0390 0.9991 0.0151
vn 0.0386 0.9992 0.0076
vn 0.3008 0.2542 0.9192
vn 0.3224 0.1057 0.9407
vn 0.3360 -0.0113 0.9418
vn 0.3335 -0.0259 0.9424
vn 0.3120 -0.0343 0.9495
vn 0.2908 -0.0425 0.9559
vn 0.2654 0.2710 0.9253
vn 0.1725 0.7855 0.5943
vn 0.7802 0.3086 0.5441
vn 0.7928 0.1751 0.5838
vn 0.7927 0.0017 0.6096
vn 0.7877 -0.0708 0.6120
vn 0.7881 -0.0992 0.6075
vn 0.7943 -0.0551 0.6050
vn 0.6702 0.5776 0.4661
vn 0.2089 0.9609 0.1816
vn 0.9733 0.2275 -0.0287
vn 0.9917 0.1229 0.0376
vn 0.9973 -0.0062 0.0727
vn 0.9956 -0.0570 0.0742
vn 0.9949 -0.0769 0.0653
vn 0.9981 -0.0215 0.0585
vn 0.7044 0.7083 0.0461
vn 0.2054 0.9784 0.0230
vn 0.9913 0.1308 -0.0167
vn 0.9969 0.0578 0.0539
vn 0.9966 -0.0149 0.0810
vn 0.9959 -0.0465 0.0774
vn 0.9959 -0.0627 0.0654
vn 0.9987 -0.0070 0.0506
vn 0.6983 0.7152 0.0297
vn 0.2042 0.9789 0.0117
vn -0.1894 -0.9000 -0.3926
vn -0.8950 -0.3447 -0.2832
vn -0.7950 0.6006 0.0850
vn -0.8758 0.4446 0.1878
vn -0.9453 0.2671 0.1874
vn -0.9552 0.2582 0.1443
vn -0.1764 -0.8861 -0.4286
vn -0.8235 -0.4579 -0.3350
vn -0.8824 0.4703 0.0151
vn -0.9079 0.3970 0.1346
vn -0.9383 0.3128 0.1473
vn -0.9463 0.3038 0.1105
vn -0.1621 -0.8894 -0.4274
vn -0.6643 -0.3865 -0.6397
vn -0.7732 0.2653 -0.5760
vn -0.8094 0.3001 -0.5047
vn -0.8155 0.2973 -0.4966
vn -0.8072 0.2913 -0.5134
vn -0.1073 -0.6575 -0.7457
vn -0.1649 -0.1367 -0.9768
vn -0.1741 0.0674 -0.9824
vn -0.1774 0.0617 -0.9822
vn -0.1767 0.0618 -0.9823
vn -0.1752 0.0590 -0.9828
vn 0.1494 -0.8977 -0.4146
vn 0.8586 -0.3717 -0.3532
vn 0.9506 0.1792 -0.2535
vn 0.9748 -0.0788 -0.2086
vn 0.9474 -0.2709 -0.1705
vn 0.9414 -0.3045 -0.1452
vn 0.1617 -0.8720 -0.4620
vn 0.7917 -0.4165 -0.4468
vn 0.9526 0.0720 -0.2956
vn 0.9631 -0.1589 -0.2170
vn 0.9378 -0.3079 -0.1601
vn 0.9355 -0.3290 -0.1290
vn 0.1731 -0.8762 -0.4498
vn 0.6412 -0.3758 -0.6691
vn 0.7281 -0.0164 -0.6852
vn 0.7392 -0.1814 -0.6485
vn 0.7360 -0.2724 -0.6198
vn 0.7411 -0.2852 -0.6079
vn 0.1204 -0.6535 -0.7473
vn 0.1665 -0.1364 -0.9766
vn 0.1643 0.0111 -0.9863
vn 0.1639 -0.0446 -0.9855
vn 0.1652 -0.0691 -0.9838
vn 0.1661 -0.0735 -0.9834
vn -0.9595 0.2588 0.1112
vn -0.9661 0.2441 0.0839
vn -0.9760 0.2121 0.0485
vn -0.9880 0.1547 -0.0030
vn -0.9957 0.0694 -0.0611
vn -0.9944 -0.0277 -0.1016
vn -0.9886 -0.1078 -0.1056
vn -0.9569 -0.2820 -0.0697
vn -0.9535 0.2922 0.0734
vn -0.9598 0.2778 0.0411
vn -0.9656 0.2599 0.0047
vn -0.9749 0.2190 -0.0414
vn -0.9875 0.1294 -0.0894
vn -0.9930 -0.0031 -0.1181
vn -0.9844 -0.1439 -0.1014
vn -0.9439 -0.3239 -0.0651
vn -0.8018 0.2701 -0.5331
vn -0.7961 0.2537 -0.5495
vn -0.7880 0.2425 -0.5659
vn -0.7807 0.2134 -0.5873
vn -0.7786 0.1354 -0.6127
vn -0.7794 0.0063 -0.6265
vn -0.7791 -0.1594 -0.6064
vn -0.7634 -0.2943 -0.5750
vn -0.1746 0.0537 -0.9832
vn -0.1744 0.0505 -0.9834
vn -0.1738 0.0490 -0.9836
vn -0.1723 0.0439 -0.9841
vn -0.1701 0.0288 -0.9850
vn -0.1688 0.0030 -0.9856
vn -0.1674 -0.0402 -0.9851
vn -0.1645 -0.0736 -0.9836
vn 0.9437 -0.3048 -0.1285
vn 0.9504 -0.2902 -0.1115
vn 0.9644 -0.2525 -0.0782
vn 0.9833 -0.1810 -0.0178
vn 0.9959 -0.0700 0.0566
vn 0.9921 0.0591 0.1105
vn 0.9800 0.1570 0.1226
vn 0.9757 0.1934 0.1032
vn 0.9400 -0.3243 -0.1060
vn 0.9448 -0.3172 -0.0817
vn 0.9515 -0.3042 -0.0454
vn 0.9653 -0.2609 0.0095
vn 0.9860 -0.1503 0.0720
vn 0.9934 0.0232 0.1125
vn 0.9786 0.1731 0.1113
vn 0.9691 0.2322 0.0832
vn 0.7486 -0.2796 -0.6012
vn 0.7542 -0.2779 -0.5949
vn 0.7606 -0.2805 -0.5854
vn 0.7758 -0.2601 -0.5748
vn 0.8046 -0.1682 -0.5695
vn 0.8251 0.0047 -0.5649
vn 0.8155 0.1640 -0.5550
vn 0.8016 0.2250 -0.5538
vn 0.1664 -0.0716 -0.9835
vn 0.1661 -0.0708 -0.9836
vn 0.1659 -0.0717 -0.9835
vn 0.1668 -0.0667 -0.9837
vn 0.1692 -0.0426 -0.9847
vn 0.1710 0.0014 -0.9853
vn 0.1723 0.0368 -0.9844
vn 0.1759 0.0475 -0.9833
vn -0.0268 -0.9996 -0.0097
vn -0.0221 -0.8269 0.5619
vn -0.0337 -0.8086 0.5873
vn -0.0315 -0.7679 -0.6398
vn -0.0122 -0.3599 -0.9329
vn -0.0026 -0.0725 -0.9974
vn 0.0015 -0.0276 -0.9996
vn -0.8984 -0.4218 0.1225
vn -0.3092 -0.9458 0.0992
vn -0.7331 -0.6662 0.1368
vn -0.2219 -0.6963 0.6826
vn -0.4964 -0.8576 -0.1341
vn -0.3955 -0.8779 0.2701
vn -0.2916 -0.7180 -0.6320
vn -0.1636 -0.6193 -0.7679
vn -0.0490 -0.2563 -0.9654
vn -0.0105 -0.0477 -0.9988
vn -0.0029 -0.0100 -0.9999
vn -0.9562 -0.2923 -0.0179
vn -0.9887 -0.1494 -0.0090
vn -0.9600 -0.2721 -0.0660
vn -0.8753 -0.4834 -0.0134
vn -0.9461 -0.3200 -0.0500
vn -0.9936 -0.0849 -0.0743
vn -0.9741 -0.1798 -0.1374
vn -0.7467 -0.6529 -0.1273
vn -0.7666 -0.2527 -0.5902
vn -0.7889 -0.0280 -0.6139
vn -0.7962 -0.1075 -0.5954
vn -0.5860 -0.6885 -0.4272
vn -0.1618 -0.0535 -0.9854
vn -0.1627 0.0087 -0.9866
vn -0.1596 -0.0008 -0.9872
vn -0.1328 -0.2824 -0.9500
vn -0.0171 -0.2352 -0.9718
vn 0.0334 -0.1135 -0.9930
vn 0.0613 -0.0167 -0.9980
vn 0.0659 -0.0012 -0.9978
vn 0.9812 0.1787 0.0735
vn 0.9891 0.1398 0.0472
vn 0.9947 0.0983 0.0285
vn 0.9979 0.0624 0.0176
vn 0.9994 0.0336 0.0089
vn 0.9997 0.0243 -0.0049
vn 0.9991 0.0409 -0.0123
vn 0.9981 0.0609 0.0078
vn 0.9751 0.2157 0.0511
vn 0.9857 0.1665 0.0263
vn 0.9933 0.1150 0.0104
vn 0.9975 0.0712 0.0011
vn 0.9992 0.0410 -0.0029
vn 0.9995 0.0305 -0.0000
vn 0.9995 0.0307 0.0112
vn 0.9992 0.0284 0.0270
vn 0.8005 0.2048 -0.5632
vn 0.8054 0.1534 -0.5726
vn 0.8098 0.1032 -0.5775
vn 0.8125 0.0634 -0.5795
vn 0.8136 0.0354 -0.5804
vn 0.8141 0.0212 -0.5804
vn 0.8154 0.0149 -0.5787
vn 0.8182 0.0105 -0.5748
vn 0.1809 0.0477 -0.9824
vn 0.1826 0.0469 -0.9821
vn 0.1788 0.0410 -0.9830
vn 0.1934 -0.0463 -0.9800
vn 0.2391 -0.0861 -0.9672
vn 0.2779 -0.0196 -0.9604
vn 0.2883 0.0013 -0.9575
vn 0.2897 0.0017 -0.9571
vn 0.0001 1.0000 0.0021
vn 0.0134 -0.1443 -0.9894
vn 0.0357 -0.2378 -0.9706
vn 0.0587 -0.1044 -0.9928
vn 0.0647 0.2208 -0.9732
vn 0.0409 0.3164 -0.9478
vn 0.0105 0.1374 -0.9905
vn 0.0001 0.3212 -0.9470
vn -0.0000 1.0000 0.0025
vn 0.0004 1.0000 -0.0014
vn 0.0014 0.9926 -0.1217
vn 0.0074 -0.0654 -0.9978
vn 0.0312 -0.1270 -0.9914
vn 0.0608 -0.0753 -0.9953
vn 0.0680 0.0903 -0.9936
vn 0.0391 0.1354 -0.9900
vn 0.0092 0.0583 -0.9983
vn 0.0017 0.3216 -0.9469
vn 0.0020 0.8277 -0.5612
vn 0.0386 0.9993 0.0026
vn 0.0392 0.9992 -0.0045
vn 0.0362 0.9929 -0.1133
vn 0.0685 -0.0138 -0.9976
vn 0.0774 -0.0339 -0.9964
vn 0.0899 -0.0239 -0.9957
vn 0.0918 0.0199 -0.9956
vn 0.0799 0.0258 -0.9965
vn 0.0719 0.0228 -0.9971
vn 0.0614 0.2931 -0.9541
vn 0.0449 0.8129 -0.5806
vn 0.9974 0.0528 0.0483
vn 0.9968 0.0181 0.0777
vn 0.9964 -0.0138 0.0831
vn 0.9966 -0.0336 0.0749
vn 0.9972 -0.0436 0.0604
vn 0.9990 0.0174 0.0413
vn 0.6887 0.7248 0.0179
vn 0.2029 0.9792 0.0049
vn 0.9990 0.0199 0.0411
vn 0.9988 0.0066 0.0486
vn 0.9988 -0.0077 0.0478
vn 0.9991 -0.0184 0.0390
vn 0.9995 -0.0219 0.0240
vn 0.9990 0.0451 0.0045
vn 0.6803 0.7328 -0.0098
vn 0.2022 0.9793 -0.0076
vn 0.8212 0.0067 -0.5706
vn 0.8229 0.0022 -0.5683
vn 0.8228 -0.0023 -0.5683
vn 0.8211 -0.0050 -0.5707
vn 0.8182 -0.0052 -0.5748
vn 0.8151 0.0506 -0.5771
vn 0.6487 0.6370 -0.4164
vn 0.2044 0.9660 -0.1586
vn 0.2903 -0.0003 -0.9569
vn 0.2912 -0.0014 -0.9567
vn 0.2920 -0.0013 -0.9564
vn 0.2924 -0.0007 -0.9563
vn 0.2925 -0.0006 -0.9563
vn 0.2923 0.0253 -0.9560
vn 0.2681 0.3466 -0.8989
vn 0.1716 0.8151 -0.5533
vt 0.000000 0.031250
vt -0.000000 0.000000
vt 0.031250 -0.000000
vt 0.031250 0.031250
vt 0.000000 0.062500
vt -0.000000 0.031250
vt 0.031250 0.062500
vt 0.062500 0.031250
vt 0.031250 0.031250
vt 0.031250 0.000000
vt 0.062500 -0.000000
vt 0.062500 0.062500
vt 0.031250 0.062500
vt 0.031250 0.031250
vt 0.062500 0.031250
vt 0.000000 0.093750
vt -0.000000 0.062500
vt 0.031250 0.093750
vt 0.031250 0.062500
vt 0.062500 0.062500
vt 0.062500 0.093750
vt 0.093750 0.031250
vt 0.062500 0.031250
vt 0.062500 0.000000
vt 0.093750 -0.000000
vt 0.093750 0.062500
vt 0.062500 0.062500
vt 0.093750 0.093750
vt 0.062500 0.062500
vt 0.093750 0.062500
vt 0.000000 0.125000
vt -0.000000 0.093750
vt 0.031250 0.125000
vt 0.031250 0.093750
vt 0.062500 0.125000
vt 0.093750 0.093750
vt 0.093750 0.125000
vt 0.125000 0.031250
vt 0.125000 -0.000000
vt 0.125000 0.062500
vt 0.125000 0.093750
vt 0.093750 0.093750
vt 0.093750 0.062500
vt 0.125000 0.062500
vt 0.125000 0.125000
vt 0.093750 0.125000
vt 0.093750 0.093750
vt 0.125000 0.093750
vt 0.000000 0.156250
vt -0.000000 0.125000
vt 0.031250 0.156250
vt 0.031250 0.125000
vt 0.062500 0.125000
vt 0.062500 0.156250
vt 0.093750 0.156250
vt 0.125000 0.125000
vt 0.125000 0.156250
vt 0.156250 0.031250
vt 0.125000 0.031250
vt 0.125000 0.000000
vt 0.156250 -0.000000
vt 0.156250 0.062500
vt 0.125000 0.031250
vt 0.156250 0.031250
vt 0.156250 0.093750
vt 0.125000 0.093750
vt 0.156250 0.125000
vt 0.125000 0.125000
vt 0.125000 0.093750
vt 0.156250 0.093750
vt 0.156250 0.156250
vt 0.125000 0.156250
vt 0.000000 0.187500
vt -0.000000 0.156250
vt 0.031250 0.187500
vt 0.062500 0.187500
vt 0.093750 0.187500
vt 0.125000 0.187500
vt 0.156250 0.156250
vt 0.156250 0.187500
vt 0.187500 0.031250
vt 0.156250 0.000000
vt 0.187500 -0.000000
vt 0.187500 0.062500
vt 0.187500 0.093750
vt 0.187500 0.125000
vt 0.156250 0.125000
vt 0.187500 0.156250
vt 0.156250 0.156250
vt 0.156250 0.125000
vt 0.187500 0.125000
vt 0.187500 0.187500
vt 0.156250 0.187500
vt 0.156250 0.156250
vt 0.187500 0.156250
vt 0.000000 0.218750
vt -0.000000 0.187500
vt 0.031250 0.218750
vt 0.031250 0.187500
vt 0.062500 0.218750
vt 0.062500 0.187500
vt 0.093750 0.218750
vt 0.125000 0.218750
vt 0.156250 0.218750
vt 0.187500 0.187500
vt 0.187500 0.218750
vt 0.218750 0.031250
vt 0.187500 0.031250
vt 0.187500 0.000000
vt 0.218750 -0.000000
vt 0.218750 0.062500
vt 0.218750 0.031250
vt 0.218750 0.093750
vt 0.218750 0.125000
vt 0.218750 0.156250
vt 0.218750 0.125000
vt 0.218750 0.187500
vt 0.218750 0.156250
vt 0.218750 0.218750
vt 0.187500 0.218750
vt 0.000000 0.250000
vt -0.000000 0.218750
vt 0.031250 0.250000
vt 0.031250 0.218750
vt 0.062500 0.250000
vt 0.093750 0.250000
vt 0.125000 0.250000
vt 0.156250 0.250000
vt 0.187500 0.250000
vt 0.218750 0.218750
vt 0.218750 0.250000
vt 0.250000 0.031250
vt 0.218750 0.031250
vt 0.218750 0.000000
vt 0.250000 0.000000
vt 0.250000 0.062500
vt 0.250000 0.031250
vt 0.250000 0.093750
vt 0.250000 0.125000
vt 0.250000 0.156250
vt 0.250000 0.125000
vt 0.250000 0.187500
vt 0.250000 0.156250
vt 0.250000 0.218750
vt 0.250000 0.250000
vt 0.218750 0.250000
vt 0.218750 0.218750
vt 0.250000 0.218750
vt 0.000000 0.281250
vt -0.000000 0.250000
vt 0.031250 0.281250
vt 0.031250 0.250000
vt 0.062500 0.250000
vt 0.062500 0.281250
vt 0.093750 0.281250
vt 0.093750 0.250000
vt 0.125000 0.250000
vt 0.125000 0.281250
vt 0.156250 0.281250
vt 0.187500 0.281250
vt 0.218750 0.281250
vt 0.250000 0.250000
vt 0.250000 0.281250
vt 0.281250 0.031250
vt 0.281250 -0.000000
vt 0.281250 0.062500
vt 0.250000 0.062500
vt 0.281250 0.093750
vt 0.250000 0.093750
vt 0.250000 0.062500
vt 0.281250 0.062500
vt 0.281250 0.125000
vt 0.281250 0.156250
vt 0.281250 0.187500
vt 0.250000 0.187500
vt 0.281250 0.218750
vt 0.250000 0.218750
vt 0.281250 0.250000
vt 0.250000 0.250000
vt 0.250000 0.218750
vt 0.281250 0.218750
vt 0.281250 0.281250
vt 0.250000 0.281250
vt 0.000000 0.312500
vt -0.000000 0.281250
vt 0.031250 0.312500
vt 0.062500 0.312500
vt 0.062500 0.281250
vt 0.093750 0.312500
vt 0.125000 0.312500
vt 0.156250 0.312500
vt 0.187500 0.312500
vt 0.218750 0.312500
vt 0.250000 0.312500
vt 0.281250 0.281250
vt 0.281250 0.312500
vt 0.312500 0.031250
vt 0.281250 0.031250
vt 0.281250 0.000000
vt 0.312500 -0.000000
vt 0.312500 0.062500
vt 0.312500 0.031250
vt 0.312500 0.093750
vt 0.312500 0.062500
vt 0.312500 0.125000
vt 0.312500 0.156250
vt 0.312500 0.187500
vt 0.312500 0.218750
vt 0.312500 0.250000
vt 0.312500 0.218750
vt 0.312500 0.281250
vt 0.312500 0.312500
vt 0.281250 0.312500
vt 0.000000 0.343750
vt -0.000000 0.312500
vt 0.031250 0.343750
vt 0.031250 0.312500
vt 0.062500 0.343750
vt 0.093750 0.343750
vt 0.125000 0.343750
vt 0.156250 0.343750
vt 0.187500 0.343750
vt 0.218750 0.343750
vt 0.250000 0.343750
vt 0.281250 0.343750
vt 0.281250 0.312500
vt 0.312500 0.312500
vt 0.312500 0.343750
vt 0.343750 0.031250
vt 0.312500 0.031250
vt 0.312500 0.000000
vt 0.343750 -0.000000
vt 0.343750 0.062500
vt 0.343750 0.093750
vt 0.343750 0.125000
vt 0.343750 0.156250
vt 0.343750 0.187500
vt 0.343750 0.218750
vt 0.343750 0.250000
vt 0.312500 0.250000
vt 0.343750 0.281250
vt 0.312500 0.281250
vt 0.343750 0.312500
vt 0.312500 0.312500
vt 0.343750 0.343750
vt 0.312500 0.312500
vt 0.343750 0.312500
vt 0.000000 0.375000
vt -0.000000 0.343750
vt 0.031250 0.375000
vt 0.031250 0.343750
vt 0.062500 0.375000
vt 0.093750 0.375000
vt 0.125000 0.375000
vt 0.156250 0.375000
vt 0.187500 0.375000
vt 0.218750 0.375000
vt 0.250000 0.375000
vt 0.281250 0.375000
vt 0.312500 0.375000
vt 0.343750 0.343750
vt 0.343750 0.375000
vt 0.375000 0.031250
vt 0.375000 -0.000000
vt 0.375000 0.062500
vt 0.375000 0.093750
vt 0.375000 0.125000
vt 0.375000 0.156250
vt 0.375000 0.187500
vt 0.375000 0.218750
vt 0.375000 0.250000
vt 0.375000 0.281250
vt 0.343750 0.281250
vt 0.343750 0.250000
vt 0.375000 0.250000
vt 0.375000 0.312500
vt 0.343750 0.312500
vt 0.375000 0.343750
vt 0.343750 0.343750
vt 0.343750 0.312500
vt 0.375000 0.312500
vt 0.375000 0.375000
vt 0.343750 0.375000
vt 0.343750 0.343750
vt 0.375000 0.343750
vt 0.000000 0.406250
vt -0.000000 0.375000
vt 0.031250 0.406250
vt 0.031250 0.375000
vt 0.062500 0.375000
vt 0.062500 0.406250
vt 0.093750 0.406250
vt 0.125000 0.406250
vt 0.156250 0.406250
vt 0.187500 0.406250
vt 0.218750 0.406250
vt 0.250000 0.406250
vt 0.281250 0.406250
vt 0.312500 0.406250
vt 0.343750 0.406250
vt 0.343750 0.406250
vt 0.343750 0.375000
vt 0.375000 0.375000
vt 0.375000 0.406250
vt 0.406250 0.031250
vt 0.375000 0.031250
vt 0.375000 0.000000
vt 0.406250 -0.000000
vt 0.406250 0.062500
vt 0.406250 0.031250
vt 0.406250 0.093750
vt 0.406250 0.125000
vt 0.406250 0.156250
vt 0.406250 0.187500
vt 0.406250 0.218750
vt 0.406250 0.250000
vt 0.406250 0.281250
vt 0.406250 0.250000
vt 0.406250 0.312500
vt 0.406250 0.343750
vt 0.406250 0.312500
vt 0.406250 0.375000
vt 0.406250 0.343750
vt 0.406250 0.406250
vt 0.375000 0.406250
vt 0.000000 0.437500
vt -0.000000 0.406250
vt 0.031250 0.437500
vt 0.062500 0.437500
vt 0.093750 0.437500
vt 0.093750 0.406250
vt 0.125000 0.406250
vt 0.125000 0.437500
vt 0.156250 0.437500
vt 0.187500 0.437500
vt 0.218750 0.437500
vt 0.250000 0.437500
vt 0.281250 0.437500
vt 0.312500 0.437500
vt 0.343750 0.437500
vt 0.343750 0.437500
vt 0.375000 0.437500
vt 0.406250 0.406250
vt 0.406250 0.437500
vt 0.437500 0.031250
vt 0.406250 0.031250
vt 0.406250 0.000000
vt 0.437500 -0.000000
vt 0.437500 0.062500
vt 0.406250 0.062500
vt 0.437500 0.093750
vt 0.406250 0.093750
vt 0.437500 0.125000
vt 0.437500 0.093750
vt 0.437500 0.156250
vt 0.437500 0.187500
vt 0.437500 0.218750
vt 0.437500 0.250000
vt 0.437500 0.281250
vt 0.437500 0.250000
vt 0.437500 0.312500
vt 0.437500 0.343750
vt 0.437500 0.312500
vt 0.437500 0.375000
vt 0.437500 0.343750
vt 0.437500 0.406250
vt 0.437500 0.437500
vt 0.406250 0.437500
vt 0.000000 0.468750
vt -0.000000 0.437500
vt 0.031250 0.468750
vt 0.031250 0.437500
vt 0.062500 0.468750
vt 0.062500 0.437500
vt 0.093750 0.468750
vt 0.125000 0.468750
vt 0.156250 0.468750
vt 0.187500 0.468750
vt 0.218750 0.468750
vt 0.250000 0.468750
vt 0.281250 0.468750
vt 0.312500 0.468750
vt 0.343750 0.468750
vt 0.343750 0.468750
vt 0.375000 0.468750
vt 0.406250 0.468750
vt 0.437500 0.437500
vt 0.437500 0.468750
vt 0.468750 0.031250
vt 0.437500 0.031250
vt 0.437500 0.000000
vt 0.468750 -0.000000
vt 0.468750 0.062500
vt 0.468750 0.031250
vt 0.468750 0.093750
vt 0.437500 0.093750
vt 0.437500 0.062500
vt 0.468750 0.062500
vt 0.468750 0.125000
vt 0.468750 0.093750
vt 0.468750 0.156250
vt 0.468750 0.187500
vt 0.468750 0.218750
vt 0.468750 0.250000
vt 0.468750 0.281250
vt 0.468750 0.250000
vt 0.468750 0.312500
vt 0.468750 0.343750
vt 0.468750 0.312500
vt 0.468750 0.375000
vt 0.468750 0.343750
vt 0.468750 0.406250
vt 0.468750 0.437500
vt 0.468750 0.468750
vt 0.437500 0.468750
vt 0.000000 0.500000
vt -0.000000 0.468750
vt 0.031250 0.500000
vt 0.031250 0.468750
vt 0.062500 0.500000
vt 0.093750 0.500000
vt 0.125000 0.500000
vt 0.156250 0.500000
vt 0.187500 0.500000
vt 0.218750 0.500000
vt 0.250000 0.500000
vt 0.281250 0.500000
vt 0.312500 0.500000
vt 0.343750 0.500000
vt 0.375000 0.468750
vt 0.375000 0.500000
vt 0.406250 0.468750
vt 0.406250 0.500000
vt 0.437500 0.468750
vt 0.437500 0.500000
vt 0.468750 0.468750
vt 0.468750 0.500000
vt 0.500000 0.031250
vt 0.500000 -0.000000
vt 0.500000 0.062500
vt 0.468750 0.031250
vt 0.500000 0.031250
vt 0.500000 0.093750
vt 0.500000 0.125000
vt 0.500000 0.093750
vt 0.500000 0.156250
vt 0.500000 0.187500
vt 0.500000 0.218750
vt 0.500000 0.250000
vt 0.500000 0.281250
vt 0.500000 0.250000
vt 0.500000 0.312500
vt 0.500000 0.343750
vt 0.500000 0.375000
vt 0.500000 0.343750
vt 0.500000 0.406250
vt 0.500000 0.437500
vt 0.500000 0.468750
vt 0.500000 0.500000
vt 0.468750 0.500000
vt 0.468750 0.468750
vt 0.500000 0.468750
vt 0.000000 0.531250
vt -0.000000 0.500000
vt 0.031250 0.531250
vt 0.062500 0.531250
vt 0.093750 0.531250
vt 0.125000 0.531250
vt 0.156250 0.531250
vt 0.156250 0.500000
vt 0.187500 0.500000
vt 0.187500 0.531250
vt 0.218750 0.500000
vt 0.218750 0.531250
vt 0.250000 0.500000
vt 0.250000 0.531250
vt 0.281250 0.531250
vt 0.312500 0.531250
vt 0.343750 0.531250
vt 0.375000 0.531250
vt 0.406250 0.531250
vt 0.437500 0.531250
vt 0.468750 0.531250
vt 0.500000 0.500000
vt 0.500000 0.531250
vt 0.531250 0.031250
vt 0.500000 0.000000
vt 0.531250 -0.000000
vt 0.531250 0.062500
vt 0.531250 0.093750
vt 0.531250 0.125000
vt 0.500000 0.125000
vt 0.531250 0.156250
vt 0.500000 0.156250
vt 0.500000 0.125000
vt 0.531250 0.125000
vt 0.531250 0.187500
vt 0.500000 0.187500
vt 0.531250 0.218750
vt 0.500000 0.218750
vt 0.531250 0.250000
vt 0.531250 0.281250
vt 0.531250 0.312500
vt 0.531250 0.343750
vt 0.500000 0.343750
vt 0.531250 0.375000
vt 0.500000 0.375000
vt 0.531250 0.406250
vt 0.500000 0.406250
vt 0.531250 0.437500
vt 0.500000 0.437500
vt 0.531250 0.468750
vt 0.500000 0.468750
vt 0.531250 0.500000
vt 0.500000 0.500000
vt 0.500000 0.468750
vt 0.531250 0.468750
vt 0.531250 0.531250
vt 0.500000 0.531250
vt 0.000000 0.562500
vt -0.000000 0.531250
vt 0.031250 0.562500
vt 0.031250 0.531250
vt 0.062500 0.562500
vt 0.062500 0.531250
vt 0.093750 0.562500
vt 0.125000 0.562500
vt 0.156250 0.562500
vt 0.187500 0.562500
vt 0.218750 0.562500
vt 0.250000 0.562500
vt 0.281250 0.562500
vt 0.312500 0.562500
vt 0.343750 0.562500
vt 0.375000 0.562500
vt 0.406250 0.562500
vt 0.437500 0.562500
vt 0.468750 0.562500
vt 0.500000 0.562500
vt 0.531250 0.531250
vt 0.531250 0.562500
vt 0.562500 0.031250
vt 0.531250 0.031250
vt 0.531250 0.000000
vt 0.562500 -0.000000
vt 0.562500 0.062500
vt 0.562500 0.031250
vt 0.562500 0.093750
vt 0.562500 0.125000
vt 0.562500 0.156250
vt 0.562500 0.125000
vt 0.562500 0.187500
vt 0.562500 0.218750
vt 0.562500 0.250000
vt 0.562500 0.281250
vt 0.562500 0.312500
vt 0.562500 0.343750
vt 0.562500 0.375000
vt 0.562500 0.406250
vt 0.562500 0.437500
vt 0.562500 0.468750
vt 0.562500 0.500000
vt 0.562500 0.468750
vt 0.562500 0.531250
vt 0.562500 0.562500
vt 0.531250 0.562500
vt 0.000000 0.593750
vt -0.000000 0.562500
vt 0.031250 0.593750
vt 0.031250 0.562500
vt 0.062500 0.593750
vt 0.093750 0.593750
vt 0.125000 0.593750
vt 0.156250 0.593750
vt 0.187500 0.593750
vt 0.218750 0.593750
vt 0.250000 0.593750
vt 0.281250 0.593750
vt 0.312500 0.593750
vt 0.343750 0.593750
vt 0.375000 0.593750
vt 0.406250 0.593750
vt 0.437500 0.593750
vt 0.468750 0.593750
vt 0.500000 0.593750
vt 0.531250 0.593750
vt 0.562500 0.562500
vt 0.562500 0.593750
vt 0.593750 0.031250
vt 0.562500 0.031250
vt 0.562500 0.000000
vt 0.593750 0.000000
vt 0.593750 0.062500
vt 0.593750 0.031250
vt 0.593750 0.093750
vt 0.593750 0.125000
vt 0.593750 0.156250
vt 0.593750 0.125000
vt 0.593750 0.187500
vt 0.593750 0.218750
vt 0.593750 0.250000
vt 0.593750 0.281250
vt 0.593750 0.312500
vt 0.593750 0.343750
vt 0.593750 0.375000
vt 0.593750 0.406250
vt 0.593750 0.437500
vt 0.593750 0.468750
vt 0.593750 0.500000
vt 0.593750 0.468750
vt 0.593750 0.531250
vt 0.593750 0.562500
vt 0.593750 0.593750
vt 0.562500 0.593750
vt 0.000000 0.625000
vt -0.000000 0.593750
vt 0.031250 0.625000
vt 0.031250 0.593750
vt 0.062500 0.593750
vt 0.062500 0.625000
vt 0.093750 0.625000
vt 0.093750 0.593750
vt 0.125000 0.593750
vt 0.125000 0.625000
vt 0.156250 0.625000
vt 0.187500 0.625000
vt 0.218750 0.625000
vt 0.250000 0.625000
vt 0.281250 0.625000
vt 0.312500 0.625000
vt 0.343750 0.625000
vt 0.375000 0.625000
vt 0.406250 0.625000
vt 0.437500 0.625000
vt 0.468750 0.625000
vt 0.500000 0.625000
vt 0.531250 0.625000
vt 0.562500 0.625000
vt 0.593750 0.593750
vt 0.593750 0.625000
vt 0.625000 0.031250
vt 0.625000 -0.000000
vt 0.625000 0.062500
vt 0.593750 0.062500
vt 0.625000 0.093750
vt 0.593750 0.093750
vt 0.593750 0.062500
vt 0.625000 0.062500
vt 0.625000 0.125000
vt 0.625000 0.156250
vt 0.625000 0.187500
vt 0.625000 0.218750
vt 0.625000 0.250000
vt 0.625000 0.281250
vt 0.625000 0.312500
vt 0.625000 0.343750
vt 0.625000 0.375000
vt 0.625000 0.406250
vt 0.625000 0.437500
vt 0.625000 0.468750
vt 0.625000 0.500000
vt 0.625000 0.468750
vt 0.625000 0.531250
vt 0.625000 0.562500
vt 0.625000 0.593750
vt 0.625000 0.625000
vt 0.593750 0.625000
vt 0.000000 0.656250
vt -0.000000 0.625000
vt 0.031250 0.656250
vt 0.062500 0.656250
vt 0.062500 0.625000
vt 0.093750 0.656250
vt 0.125000 0.656250
vt 0.156250 0.656250
vt 0.187500 0.656250
vt 0.218750 0.656250
vt 0.250000 0.656250
vt 0.281250 0.656250
vt 0.312500 0.656250
vt 0.343750 0.656250
vt 0.375000 0.656250
vt 0.406250 0.656250
vt 0.437500 0.656250
vt 0.468750 0.656250
vt 0.500000 0.656250
vt 0.531250 0.656250
vt 0.562500 0.656250
vt 0.593750 0.656250
vt 0.625000 0.625000
vt 0.625000 0.656250
vt 0.656250 0.031250
vt 0.625000 0.031250
vt 0.625000 0.000000
vt 0.656250 -0.000000
vt 0.656250 0.062500
vt 0.625000 0.031250
vt 0.656250 0.031250
vt 0.656250 0.093750
vt 0.656250 0.125000
vt 0.656250 0.156250
vt 0.656250 0.187500
vt 0.656250 0.218750
vt 0.656250 0.250000
vt 0.656250 0.281250
vt 0.656250 0.312500
vt 0.656250 0.343750
vt 0.656250 0.375000
vt 0.656250 0.406250
vt 0.656250 0.437500
vt 0.656250 0.468750
vt 0.656250 0.500000
vt 0.656250 0.468750
vt 0.656250 0.531250
vt 0.656250 0.562500
vt 0.656250 0.593750
vt 0.656250 0.625000
vt 0.656250 0.656250
vt 0.625000 0.656250
vt 0.000000 0.687500
vt -0.000000 0.656250
vt 0.031250 0.687500
vt 0.031250 0.656250
vt 0.062500 0.687500
vt 0.093750 0.687500
vt 0.125000 0.687500
vt 0.156250 0.687500
vt 0.187500 0.687500
vt 0.218750 0.687500
vt 0.250000 0.687500
vt 0.281250 0.687500
vt 0.312500 0.687500
vt 0.343750 0.687500
vt 0.375000 0.687500
vt 0.406250 0.687500
vt 0.437500 0.687500
vt 0.468750 0.687500
vt 0.500000 0.687500
vt 0.531250 0.687500
vt 0.531250 0.656250
vt 0.562500 0.656250
vt 0.562500 0.687500
vt 0.593750 0.656250
vt 0.593750 0.687500
vt 0.625000 0.656250
vt 0.625000 0.687500
vt 0.656250 0.656250
vt 0.656250 0.687500
vt 0.687500 0.031250
vt 0.656250 0.000000
vt 0.687500 -0.000000
vt 0.687500 0.062500
vt 0.687500 0.093750
vt 0.687500 0.125000
vt 0.687500 0.156250
vt 0.687500 0.187500
vt 0.687500 0.218750
vt 0.687500 0.250000
vt 0.687500 0.281250
vt 0.687500 0.312500
vt 0.687500 0.343750
vt 0.687500 0.375000
vt 0.687500 0.406250
vt 0.687500 0.437500
vt 0.687500 0.468750
vt 0.687500 0.500000
vt 0.656250 0.500000
vt 0.687500 0.531250
vt 0.656250 0.531250
vt 0.687500 0.562500
vt 0.656250 0.562500
vt 0.687500 0.593750
vt 0.656250 0.593750
vt 0.687500 0.625000
vt 0.656250 0.625000
vt 0.687500 0.656250
vt 0.656250 0.656250
vt 0.687500 0.687500
vt 0.656250 0.656250
vt 0.687500 0.656250
vt 0.000000 0.718750
vt -0.000000 0.687500
vt 0.031250 0.718750
vt 0.031250 0.687500
vt 0.062500 0.718750
vt 0.093750 0.718750
vt 0.125000 0.718750
vt 0.156250 0.718750
vt 0.187500 0.718750
vt 0.218750 0.718750
vt 0.250000 0.718750
vt 0.281250 0.718750
vt 0.312500 0.718750
vt 0.343750 0.718750
vt 0.375000 0.718750
vt 0.406250 0.718750
vt 0.437500 0.718750
vt 0.468750 0.718750
vt 0.500000 0.718750
vt 0.531250 0.718750
vt 0.562500 0.718750
vt 0.593750 0.718750
vt 0.625000 0.718750
vt 0.656250 0.718750
vt 0.687500 0.687500
vt 0.687500 0.718750
vt 0.718750 0.031250
vt 0.718750 -0.000000
vt 0.718750 0.062500
vt 0.718750 0.093750
vt 0.718750 0.125000
vt 0.718750 0.156250
vt 0.718750 0.187500
vt 0.718750 0.218750
vt 0.718750 0.250000
vt 0.718750 0.281250
vt 0.718750 0.312500
vt 0.718750 0.343750
vt 0.718750 0.375000
vt 0.718750 0.406250
vt 0.718750 0.437500
vt 0.718750 0.468750
vt 0.718750 0.500000
vt 0.718750 0.531250
vt 0.687500 0.531250
vt 0.687500 0.500000
vt 0.718750 0.500000
vt 0.718750 0.562500
vt 0.687500 0.562500
vt 0.718750 0.593750
vt 0.687500 0.593750
vt 0.718750 0.625000
vt 0.687500 0.625000
vt 0.718750 0.656250
vt 0.687500 0.656250
vt 0.718750 0.687500
vt 0.687500 0.687500
vt 0.687500 0.656250
vt 0.718750 0.656250
vt 0.718750 0.718750
vt 0.687500 0.718750
vt 0.687500 0.687500
vt 0.718750 0.687500
vt 0.000000 0.750000
vt -0.000000 0.718750
vt 0.031250 0.750000
vt 0.031250 0.718750
vt 0.062500 0.718750
vt 0.062500 0.750000
vt 0.093750 0.750000
vt 0.125000 0.750000
vt 0.156250 0.750000
vt 0.187500 0.750000
vt 0.218750 0.750000
vt 0.250000 0.750000
vt 0.281250 0.750000
vt 0.312500 0.750000
vt 0.343750 0.750000
vt 0.375000 0.750000
vt 0.406250 0.750000
vt 0.437500 0.750000
vt 0.468750 0.750000
vt 0.500000 0.750000
vt 0.531250 0.750000
vt 0.562500 0.750000
vt 0.593750 0.750000
vt 0.625000 0.750000
vt 0.656250 0.750000
vt 0.687500 0.750000
vt 0.687500 0.750000
vt 0.687500 0.718750
vt 0.718750 0.718750
vt 0.718750 0.750000
vt 0.750000 0.031250
vt 0.718750 0.031250
vt 0.718750 0.000000
vt 0.750000 -0.000000
vt 0.750000 0.062500
vt 0.750000 0.031250
vt 0.750000 0.093750
vt 0.750000 0.125000
vt 0.750000 0.156250
vt 0.750000 0.187500
vt 0.750000 0.218750
vt 0.750000 0.250000
vt 0.750000 0.281250
vt 0.750000 0.312500
vt 0.750000 0.343750
vt 0.750000 0.375000
vt 0.750000 0.406250
vt 0.750000 0.437500
vt 0.750000 0.468750
vt 0.750000 0.500000
vt 0.750000 0.531250
vt 0.750000 0.500000
vt 0.750000 0.562500
vt 0.750000 0.593750
vt 0.750000 0.625000
vt 0.750000 0.656250
vt 0.750000 0.687500
vt 0.750000 0.656250
vt 0.750000 0.718750
vt 0.750000 0.687500
vt 0.750000 0.750000
vt 0.718750 0.750000
vt 0.000000 0.781250
vt -0.000000 0.750000
vt 0.031250 0.781250
vt 0.062500 0.781250
vt 0.093750 0.781250
vt 0.093750 0.750000
vt 0.125000 0.750000
vt 0.125000 0.781250
vt 0.156250 0.781250
vt 0.187500 0.781250
vt 0.218750 0.781250
vt 0.250000 0.781250
vt 0.281250 0.781250
vt 0.312500 0.781250
vt 0.343750 0.781250
vt 0.375000 0.781250
vt 0.406250 0.781250
vt 0.437500 0.781250
vt 0.468750 0.781250
vt 0.500000 0.781250
vt 0.531250 0.781250
vt 0.562500 0.781250
vt 0.593750 0.781250
vt 0.625000 0.781250
vt 0.656250 0.781250
vt 0.687500 0.781250
vt 0.687500 0.781250
vt 0.718750 0.781250
vt 0.750000 0.750000
vt 0.750000 0.781250
vt 0.781250 0.031250
vt 0.750000 0.031250
vt 0.750000 0.000000
vt 0.781250 -0.000000
vt 0.781250 0.062500
vt 0.750000 0.062500
vt 0.781250 0.093750
vt 0.750000 0.093750
vt 0.781250 0.125000
vt 0.781250 0.093750
vt 0.781250 0.156250
vt 0.781250 0.187500
vt 0.781250 0.218750
vt 0.781250 0.250000
vt 0.781250 0.281250
vt 0.781250 0.312500
vt 0.781250 0.343750
vt 0.781250 0.375000
vt 0.781250 0.406250
vt 0.781250 0.437500
vt 0.781250 0.468750
vt 0.781250 0.500000
vt 0.781250 0.531250
vt 0.781250 0.500000
vt 0.781250 0.562500
vt 0.781250 0.593750
vt 0.781250 0.625000
vt 0.781250 0.656250
vt 0.781250 0.687500
vt 0.781250 0.656250
vt 0.781250 0.718750
vt 0.781250 0.687500
vt 0.781250 0.750000
vt 0.781250 0.781250
vt 0.750000 0.781250
vt 0.000000 0.812500
vt -0.000000 0.781250
vt 0.031250 0.812500
vt 0.031250 0.781250
vt 0.062500 0.812500
vt 0.062500 0.781250
vt 0.093750 0.812500
vt 0.125000 0.812500
vt 0.156250 0.812500
vt 0.187500 0.812500
vt 0.218750 0.812500
vt 0.250000 0.812500
vt 0.281250 0.812500
vt 0.312500 0.812500
vt 0.343750 0.812500
vt 0.375000 0.812500
vt 0.406250 0.812500
vt 0.437500 0.812500
vt 0.468750 0.812500
vt 0.500000 0.812500
vt 0.531250 0.812500
vt 0.562500 0.812500
vt 0.593750 0.812500
vt 0.625000 0.812500
vt 0.656250 0.812500
vt 0.687500 0.812500
vt 0.687500 0.812500
vt 0.718750 0.812500
vt 0.750000 0.812500
vt 0.781250 0.781250
vt 0.781250 0.812500
vt 0.812500 0.031250
vt 0.781250 0.031250
vt 0.781250 0.000000
vt 0.812500 -0.000000
vt 0.812500 0.062500
vt 0.812500 0.031250
vt 0.812500 0.093750
vt 0.781250 0.093750
vt 0.781250 0.062500
vt 0.812500 0.062500
vt 0.812500 0.125000
vt 0.812500 0.093750
vt 0.812500 0.156250
vt 0.812500 0.187500
vt 0.812500 0.218750
vt 0.812500 0.250000
vt 0.812500 0.281250
vt 0.812500 0.312500
vt 0.812500 0.343750
vt 0.812500 0.375000
vt 0.812500 0.406250
vt 0.812500 0.437500
vt 0.812500 0.468750
vt 0.812500 0.500000
vt 0.812500 0.531250
vt 0.812500 0.500000
vt 0.812500 0.562500
vt 0.812500 0.593750
vt 0.812500 0.625000
vt 0.812500 0.656250
vt 0.812500 0.687500
vt 0.812500 0.656250
vt 0.812500 0.718750
vt 0.812500 0.687500
vt 0.812500 0.750000
vt 0.812500 0.781250
vt 0.812500 0.812500
vt 0.781250 0.812500
vt 0.000000 0.843750
vt -0.000000 0.812500
vt 0.031250 0.843750
vt 0.031250 0.812500
vt 0.062500 0.843750
vt 0.093750 0.843750
vt 0.125000 0.843750
vt 0.156250 0.843750
vt 0.187500 0.843750
vt 0.218750 0.843750
vt 0.250000 0.843750
vt 0.281250 0.843750
vt 0.312500 0.843750
vt 0.343750 0.843750
vt 0.375000 0.843750
vt 0.406250 0.843750
vt 0.437500 0.843750
vt 0.468750 0.843750
vt 0.500000 0.843750
vt 0.531250 0.843750
vt 0.562500 0.843750
vt 0.593750 0.843750
vt 0.625000 0.843750
vt 0.656250 0.843750
vt 0.687500 0.843750
vt 0.687500 0.843750
vt 0.718750 0.843750
vt 0.750000 0.843750
vt 0.781250 0.843750
vt 0.812500 0.812500
vt 0.812500 0.843750
vt 0.843750 0.031250
vt 0.843750 -0.000000
vt 0.843750 0.062500
vt 0.812500 0.031250
vt 0.843750 0.031250
vt 0.843750 0.093750
vt 0.843750 0.125000
vt 0.843750 0.093750
vt 0.843750 0.156250
vt 0.843750 0.187500
vt 0.843750 0.218750
vt 0.843750 0.250000
vt 0.843750 0.281250
vt 0.843750 0.312500
vt 0.843750 0.343750
vt 0.843750 0.375000
vt 0.843750 0.406250
vt 0.843750 0.437500
vt 0.843750 0.468750
vt 0.843750 0.500000
vt 0.843750 0.531250
vt 0.843750 0.500000
vt 0.843750 0.562500
vt 0.843750 0.593750
vt 0.843750 0.625000
vt 0.843750 0.656250
vt 0.843750 0.687500
vt 0.843750 0.656250
vt 0.843750 0.718750
vt 0.843750 0.687500
vt 0.843750 0.750000
vt 0.843750 0.781250
vt 0.843750 0.812500
vt 0.843750 0.843750
vt 0.812500 0.843750
vt 0.000000 0.875000
vt -0.000000 0.843750
vt 0.031250 0.875000
vt 0.031250 0.843750
vt 0.062500 0.843750
vt 0.062500 0.875000
vt 0.093750 0.875000
vt 0.125000 0.875000
vt 0.156250 0.875000
vt 0.156250 0.843750
vt 0.187500 0.843750
vt 0.187500 0.875000
vt 0.218750 0.843750
vt 0.218750 0.875000
vt 0.250000 0.843750
vt 0.250000 0.875000
vt 0.281250 0.875000
vt 0.312500 0.875000
vt 0.343750 0.875000
vt 0.375000 0.875000
vt 0.406250 0.875000
vt 0.437500 0.875000
vt 0.468750 0.875000
vt 0.500000 0.875000
vt 0.531250 0.875000
vt 0.562500 0.875000
vt 0.593750 0.875000
vt 0.625000 0.875000
vt 0.656250 0.875000
vt 0.687500 0.875000
vt 0.687500 0.875000
vt 0.718750 0.875000
vt 0.750000 0.875000
vt 0.781250 0.875000
vt 0.812500 0.875000
vt 0.843750 0.843750
vt 0.843750 0.875000
vt 0.875000 0.031250
vt 0.843750 0.000000
vt 0.875000 -0.000000
vt 0.875000 0.062500
vt 0.875000 0.093750
vt 0.875000 0.125000
vt 0.843750 0.125000
vt 0.875000 0.156250
vt 0.843750 0.156250
vt 0.843750 0.125000
vt 0.875000 0.125000
vt 0.875000 0.187500
vt 0.843750 0.187500
vt 0.875000 0.218750
vt 0.843750 0.218750
vt 0.875000 0.250000
vt 0.875000 0.218750
vt 0.875000 0.281250
vt 0.875000 0.312500
vt 0.875000 0.343750
vt 0.875000 0.375000
vt 0.875000 0.406250
vt 0.875000 0.437500
vt 0.875000 0.468750
vt 0.875000 0.500000
vt 0.875000 0.531250
vt 0.875000 0.500000
vt 0.875000 0.562500
vt 0.875000 0.593750
vt 0.875000 0.625000
vt 0.875000 0.656250
vt 0.875000 0.687500
vt 0.875000 0.656250
vt 0.875000 0.718750
vt 0.875000 0.687500
vt 0.875000 0.750000
vt 0.875000 0.781250
vt 0.875000 0.812500
vt 0.875000 0.843750
vt 0.875000 0.875000
vt 0.843750 0.875000
vt 0.000000 0.906250
vt -0.000000 0.875000
vt 0.031250 0.906250
vt 0.062500 0.906250
vt 0.062500 0.875000
vt 0.093750 0.906250
vt 0.125000 0.906250
vt 0.156250 0.906250
vt 0.187500 0.906250
vt 0.218750 0.906250
vt 0.250000 0.906250
vt 0.281250 0.906250
vt 0.312500 0.906250
vt 0.343750 0.906250
vt 0.375000 0.906250
vt 0.406250 0.906250
vt 0.437500 0.906250
vt 0.468750 0.906250
vt 0.500000 0.906250
vt 0.531250 0.906250
vt 0.562500 0.906250
vt 0.593750 0.906250
vt 0.625000 0.906250
vt 0.656250 0.906250
vt 0.687500 0.906250
vt 0.687500 0.906250
vt 0.718750 0.906250
vt 0.750000 0.906250
vt 0.781250 0.906250
vt 0.812500 0.906250
vt 0.843750 0.906250
vt 0.875000 0.875000
vt 0.875000 0.906250
vt 0.906250 0.031250
vt 0.875000 0.031250
vt 0.875000 0.000000
vt 0.906250 -0.000000
vt 0.906250 0.062500
vt 0.906250 0.031250
vt 0.906250 0.093750
vt 0.906250 0.125000
vt 0.906250 0.156250
vt 0.906250 0.125000
vt 0.906250 0.187500
vt 0.906250 0.218750
vt 0.906250 0.250000
vt 0.906250 0.218750
vt 0.906250 0.281250
vt 0.906250 0.312500
vt 0.906250 0.343750
vt 0.906250 0.375000
vt 0.906250 0.406250
vt 0.906250 0.437500
vt 0.906250 0.468750
vt 0.906250 0.500000
vt 0.906250 0.531250
vt 0.906250 0.500000
vt 0.906250 0.562500
vt 0.906250 0.593750
vt 0.906250 0.625000
vt 0.906250 0.656250
vt 0.906250 0.687500
vt 0.906250 0.656250
vt 0.906250 0.718750
vt 0.906250 0.687500
vt 0.906250 0.750000
vt 0.906250 0.781250
vt 0.906250 0.812500
vt 0.906250 0.843750
vt 0.906250 0.875000
vt 0.906250 0.906250
vt 0.875000 0.906250
vt 0.000000 0.937500
vt -0.000000 0.906250
vt 0.031250 0.937500
vt 0.031250 0.906250
vt 0.062500 0.937500
vt 0.093750 0.937500
vt 0.093750 0.906250
vt 0.125000 0.906250
vt 0.125000 0.937500
vt 0.156250 0.937500
vt 0.187500 0.937500
vt 0.218750 0.937500
vt 0.250000 0.937500
vt 0.281250 0.937500
vt 0.312500 0.937500
vt 0.343750 0.937500
vt 0.375000 0.937500
vt 0.406250 0.937500
vt 0.437500 0.937500
vt 0.468750 0.937500
vt 0.500000 0.937500
vt 0.531250 0.937500
vt 0.562500 0.937500
vt 0.593750 0.937500
vt 0.625000 0.937500
vt 0.656250 0.937500
vt 0.687500 0.937500
vt 0.687500 0.937500
vt 0.718750 0.937500
vt 0.750000 0.937500
vt 0.781250 0.937500
vt 0.812500 0.937500
vt 0.843750 0.937500
vt 0.875000 0.937500
vt 0.906250 0.906250
vt 0.906250 0.937500
vt 0.937500 0.031250
vt 0.906250 0.031250
vt 0.906250 0.000000
vt 0.937500 -0.000000
vt 0.937500 0.062500
vt 0.906250 0.062500
vt 0.937500 0.093750
vt 0.906250 0.093750
vt 0.937500 0.125000
vt 0.937500 0.093750
vt 0.937500 0.156250
vt 0.937500 0.125000
vt 0.937500 0.187500
vt 0.937500 0.218750
vt 0.937500 0.250000
vt 0.937500 0.218750
vt 0.937500 0.281250
vt 0.937500 0.312500
vt 0.937500 0.343750
vt 0.937500 0.375000
vt 0.937500 0.406250
vt 0.937500 0.437500
vt 0.937500 0.468750
vt 0.937500 0.500000
vt 0.937500 0.531250
vt 0.937500 0.500000
vt 0.937500 0.562500
vt 0.937500 0.593750
vt 0.937500 0.625000
vt 0.937500 0.656250
vt 0.937500 0.687500
vt 0.937500 0.656250
vt 0.937500 0.718750
vt 0.937500 0.687500
vt 0.937500 0.750000
vt 0.937500 0.781250
vt 0.937500 0.812500
vt 0.937500 0.843750
vt 0.937500 0.875000
vt 0.937500 0.906250
vt 0.937500 0.937500
vt 0.906250 0.937500
vt 0.000000 0.968750
vt -0.000000 0.937500
vt 0.031250 0.968750
vt 0.031250 0.937500
vt 0.062500 0.968750
vt 0.093750 0.968750
vt 0.125000 0.968750
vt 0.156250 0.968750
vt 0.187500 0.968750
vt 0.218750 0.968750
vt 0.250000 0.968750
vt 0.281250 0.968750
vt 0.312500 0.968750
vt 0.343750 0.968750
vt 0.375000 0.968750
vt 0.406250 0.968750
vt 0.437500 0.968750
vt 0.468750 0.968750
vt 0.500000 0.968750
vt 0.531250 0.968750
vt 0.562500 0.968750
vt 0.593750 0.968750
vt 0.625000 0.968750
vt 0.656250 0.968750
vt 0.687500 0.968750
vt 0.687500 0.968750
vt 0.718750 0.968750
vt 0.750000 0.968750
vt 0.781250 0.968750
vt 0.812500 0.968750
vt 0.843750 0.968750
vt 0.875000 0.968750
vt 0.906250 0.968750
vt 0.937500 0.937500
vt 0.937500 0.968750
vt 0.968750 0.031250
vt 0.968750 -0.000000
vt 0.968750 0.062500
vt 0.968750 0.093750
vt 0.937500 0.093750
vt 0.937500 0.062500
vt 0.968750 0.062500
vt 0.968750 0.125000
vt 0.968750 0.156250
vt 0.968750 0.187500
vt 0.968750 0.218750
vt 0.968750 0.250000
vt 0.968750 0.218750
vt 0.968750 0.281250
vt 0.968750 0.312500
vt 0.968750 0.343750
vt 0.968750 0.375000
vt 0.968750 0.406250
vt 0.968750 0.437500
vt 0.968750 0.468750
vt 0.968750 0.500000
vt 0.968750 0.531250
vt 0.968750 0.500000
vt 0.968750 0.562500
vt 0.968750 0.593750
vt 0.968750 0.625000
vt 0.968750 0.656250
vt 0.968750 0.687500
vt 0.968750 0.656250
vt 0.968750 0.718750
vt 0.968750 0.687500
vt 0.968750 0.750000
vt 0.968750 0.781250
vt 0.968750 0.812500
vt 0.968750 0.843750
vt 0.968750 0.875000
vt 0.968750 0.906250
vt 0.968750 0.937500
vt 0.968750 0.968750
vt 0.937500 0.968750
vt 0.000000 1.000000
vt -0.000000 0.968750
vt 0.031250 1.000000
vt 0.062500 1.000000
vt 0.062500 0.968750
vt 0.093750 1.000000
vt 0.125000 1.000000
vt 0.156250 1.000000
vt 0.187500 1.000000
vt 0.218750 1.000000
vt 0.250000 1.000000
vt 0.281250 1.000000
vt 0.312500 1.000000
vt 0.343750 1.000000
vt 0.375000 1.000000
vt 0.406250 1.000000
vt 0.437500 1.000000
vt 0.468750 1.000000
vt 0.500000 1.000000
vt 0.531250 1.000000
vt 0.562500 1.000000
vt 0.593750 1.000000
vt 0.625000 1.000000
vt 0.656250 1.000000
vt 0.687500 1.000000
vt 0.718750 0.968750
vt 0.718750 1.000000
vt 0.750000 0.968750
vt 0.750000 1.000000
vt 0.781250 0.968750
vt 0.781250 1.000000
s 1
usemtl Material.006
f 8/1/8 7/2/7 1/3/1 2/4/2
f 9/5/9 8/6/8 2/4/2 3/7/3
f 10/8/10 9/9/9 3/10/3 4/11/4
f 11/12/11 10/13/10 4/14/4 5/15/5
f 12/16/12 11/17/11 5/7/5 6/18/6
f 14/18/14 13/19/13 7/20/7 8/21/8
f 15/22/15 14/23/14 8/24/8 9/25/9
f 16/26/16 15/27/15 9/23/9 10/22/10
f 17/28/17 16/21/16 10/29/10 11/30/11
f 18/31/18 17/32/17 11/18/11 12/33/12
f 20/33/20 19/34/19 13/21/13 14/35/14
f 21/35/21 20/21/20 14/36/14 15/37/15
f 22/38/22 21/22/21 15/25/15 16/39/16
f 23/40/23 22/26/22 16/22/16 17/38/17
f 24/41/24 23/42/23 17/43/17 18/44/18
f 26/45/26 2/46/2 1/47/1 25/48/25
f 27/49/27 3/50/3 2/33/2 26/51/26
f 28/51/28 4/52/4 3/53/3 27/54/27
f 29/54/29 5/53/5 4/37/4 28/55/28
f 30/55/30 6/37/6 5/56/5 29/57/29
f 7/58/7 31/59/31 25/60/25 1/61/1
f 31/62/31 32/44/32 26/63/26 25/64/25
f 32/65/32 33/66/33 27/44/27 26/62/26
f 33/67/33 34/68/34 28/69/28 27/70/27
f 34/71/34 35/72/35 29/68/29 28/67/28
f 35/73/35 36/74/36 30/51/30 29/75/29
f 13/75/13 37/51/37 31/54/31 7/76/7
f 37/76/37 38/54/38 32/55/32 31/77/31
f 38/77/38 39/55/39 33/57/33 32/78/32
f 39/78/39 40/57/40 34/79/34 33/80/33
f 40/81/40 41/64/41 35/82/35 34/83/34
f 41/84/41 42/62/42 36/64/36 35/81/35
f 19/85/19 43/65/43 37/62/37 13/84/13
f 43/86/43 44/87/44 38/65/38 37/85/37
f 44/88/44 45/89/45 39/90/39 38/91/38
f 45/92/45 46/93/46 40/94/40 39/95/39
f 46/96/46 47/97/47 41/75/41 40/98/40
f 47/98/47 48/99/48 42/76/42 41/100/41
f 57/100/57 12/101/12 6/77/6 49/102/49
f 58/102/58 57/77/57 49/78/49 50/103/50
f 59/103/59 58/78/58 50/80/50 51/104/51
f 60/104/60 59/80/59 51/105/51 52/106/52
f 61/107/61 60/108/60 52/109/52 53/110/53
f 62/111/62 61/84/61 53/81/53 54/112/54
f 63/113/63 62/85/62 54/84/54 55/111/55
f 64/114/64 63/86/63 55/85/55 56/113/56
f 65/115/65 18/88/18 12/91/12 57/116/57
f 66/117/66 65/92/65 57/95/57 58/118/58
f 67/119/67 66/120/66 58/92/58 59/117/59
f 68/121/68 67/122/67 59/98/59 60/123/60
f 69/123/69 68/124/68 60/100/60 61/125/61
f 70/125/70 69/100/69 61/102/61 62/126/62
f 71/126/71 70/102/70 62/103/62 63/127/63
f 72/127/72 71/103/71 63/104/63 64/128/64
f 73/128/73 24/104/24 18/106/18 65/129/65
f 74/129/74 73/106/73 65/130/65 66/131/66
f 75/132/75 74/133/74 66/134/66 67/135/67
f 76/136/76 75/111/75 67/112/67 68/137/68
f 77/138/77 76/113/76 68/111/68 69/136/69
f 78/139/78 77/114/77 69/113/69 70/138/70
f 79/140/79 78/115/78 70/116/70 71/141/71
f 80/142/80 79/117/79 71/118/71 72/143/72
f 81/144/81 49/119/49 6/117/6 30/142/30
f 82/145/82 50/146/50 49/147/49 81/148/81
f 83/149/83 51/150/51 50/123/50 82/151/82
f 84/151/84 52/152/52 51/153/51 83/154/83
f 85/154/85 53/125/53 52/126/52 84/155/84
f 86/155/86 54/156/54 53/157/53 85/158/85
f 87/158/87 55/157/55 54/128/54 86/159/86
f 88/159/88 56/128/56 55/129/55 87/160/87
f 36/160/36 89/129/89 81/131/81 30/161/30
f 89/161/89 90/131/90 82/162/82 81/163/81
f 90/164/90 91/132/91 83/135/83 82/165/82
f 91/166/91 92/167/92 84/132/84 83/164/83
f 92/168/92 93/169/93 85/170/85 84/171/84
f 93/172/93 94/141/94 86/169/86 85/168/85
f 94/173/94 95/140/95 87/141/87 86/172/86
f 95/174/95 96/175/96 88/140/88 87/173/87
f 42/176/42 97/177/97 89/175/89 36/174/36
f 97/178/97 98/179/98 90/180/90 89/181/89
f 98/182/98 99/183/99 91/179/91 90/178/90
f 99/184/99 100/185/100 92/151/92 91/186/91
f 100/186/100 101/151/101 93/154/93 92/187/92
f 101/187/101 102/188/102 94/155/94 93/189/93
f 102/189/102 103/155/103 95/158/95 94/190/94
f 103/190/103 104/158/104 96/159/96 95/191/95
f 48/191/48 105/159/105 97/160/97 42/192/42
f 105/192/105 106/160/106 98/161/98 97/193/97
f 106/193/106 107/161/107 99/163/99 98/194/98
f 107/194/107 108/163/108 100/195/100 99/196/99
f 108/197/108 109/198/109 101/199/101 100/200/100
f 109/201/109 110/166/110 102/164/102 101/202/101
f 110/203/110 111/168/111 103/171/103 102/204/102
f 111/205/111 112/172/112 104/168/104 103/203/103
f 121/206/121 64/173/64 56/172/56 113/205/113
f 122/207/122 121/174/121 113/173/113 114/206/114
f 123/208/123 122/176/122 114/174/114 115/207/115
f 124/209/124 123/178/123 115/181/115 116/210/116
f 125/211/125 124/182/124 116/178/116 117/209/117
f 126/212/126 125/213/125 117/182/117 118/211/118
f 127/214/127 126/215/126 118/186/118 119/216/119
f 128/216/128 127/217/127 119/187/119 120/218/120
f 129/218/129 72/187/72 64/189/64 121/219/121
f 130/219/130 129/189/129 121/190/121 122/220/122
f 131/220/131 130/190/130 122/191/122 123/221/123
f 132/221/132 131/191/131 123/192/123 124/222/124
f 133/222/133 132/192/132 124/193/124 125/223/125
f 134/223/134 133/193/133 125/194/125 126/224/126
f 135/224/135 134/194/134 126/196/126 127/225/127
f 136/225/136 135/226/135 127/227/127 128/228/128
f 137/229/137 80/230/80 72/231/72 129/232/129
f 138/233/138 137/204/137 129/230/129 130/229/130
f 139/234/139 138/203/138 130/204/130 131/233/131
f 140/235/140 139/205/139 131/203/131 132/234/132
f 141/236/141 140/206/140 132/205/132 133/235/133
f 142/237/142 141/207/141 133/206/133 134/236/134
f 143/238/143 142/208/142 134/207/134 135/237/135
f 144/239/144 143/240/143 135/208/135 136/238/136
f 145/241/145 113/242/113 56/240/56 88/239/88
f 146/243/146 114/244/114 113/242/113 145/241/145
f 147/245/147 115/228/115 114/246/114 146/247/146
f 148/248/148 116/249/116 115/216/115 147/250/147
f 149/250/149 117/251/117 116/218/116 148/252/148
f 150/252/150 118/218/118 117/219/117 149/253/149
f 151/253/151 119/219/119 118/220/118 150/254/150
f 152/254/152 120/220/120 119/221/119 151/255/151
f 96/255/96 153/221/153 145/222/145 88/256/88
f 153/256/153 154/222/154 146/223/146 145/257/145
f 154/257/154 155/223/155 147/224/147 146/258/146
f 155/258/155 156/224/156 148/225/148 147/259/147
f 104/259/104 157/225/157 153/228/153 96/260/96
f 157/260/157 158/228/158 154/261/154 153/262/153
f 158/263/158 159/229/159 155/232/155 154/264/154
f 159/265/159 160/233/160 156/229/156 155/263/155
f 112/266/112 161/234/161 157/233/157 104/265/104
f 161/267/161 162/235/162 158/234/158 157/266/157
f 162/268/162 163/236/163 159/235/159 158/267/158
f 163/269/163 164/237/164 160/236/160 159/268/159
f 166/270/166 149/238/149 148/237/148 165/269/165
f 167/271/167 150/239/150 149/238/149 166/270/166
f 168/272/168 151/273/151 150/274/150 167/275/167
f 169/276/169 152/277/152 151/273/151 168/272/168
f 156/278/156 170/279/170 165/280/165 148/281/148
f 170/282/170 171/283/171 166/284/166 165/285/165
f 160/286/160 172/287/172 170/250/170 156/288/156
f 172/288/172 173/289/173 171/290/171 170/291/170
f 164/291/164 174/290/174 172/253/172 160/292/160
f 174/292/174 175/253/175 173/254/173 172/293/172
f 177/293/177 167/254/167 166/255/166 176/294/176
f 178/294/178 168/255/168 167/256/167 177/295/177
f 179/295/179 169/256/169 168/257/168 178/296/178
f 171/296/171 180/257/180 176/258/176 166/297/166
f 173/297/173 181/258/181 180/259/180 171/298/171
f 175/298/175 182/259/182 181/260/181 173/299/173
f 191/299/191 128/260/128 120/262/120 183/300/183
f 192/301/192 191/302/191 183/303/183 184/304/184
f 193/305/193 192/306/192 184/307/184 185/308/185
f 194/309/194 193/265/193 185/263/185 186/310/186
f 195/311/195 194/266/194 186/265/186 187/309/187
f 196/312/196 195/267/195 187/266/187 188/311/188
f 197/313/197 196/268/196 188/267/188 189/312/189
f 198/314/198 197/269/197 189/268/189 190/313/190
f 199/315/199 136/270/136 128/269/128 191/314/191
f 200/316/200 199/271/199 191/270/191 192/315/192
f 201/317/201 200/272/200 192/275/192 193/318/193
f 202/319/202 201/276/201 193/272/193 194/317/194
f 203/320/203 202/278/202 194/281/194 195/321/195
f 204/322/204 203/282/203 195/285/195 196/323/196
f 205/324/205 204/325/204 196/282/196 197/322/197
f 206/326/206 205/327/205 197/288/197 198/328/198
f 207/328/207 144/288/144 136/291/136 199/329/199
f 208/329/208 207/291/207 199/292/199 200/330/200
f 209/330/209 208/331/208 200/332/200 201/333/201
f 210/333/210 209/332/209 201/294/201 202/334/202
f 211/334/211 210/294/210 202/295/202 203/335/203
f 212/335/212 211/295/211 203/296/203 204/336/204
f 213/336/213 212/296/212 204/297/204 205/337/205
f 214/337/214 213/297/213 205/298/205 206/338/206
f 215/338/215 183/298/183 120/299/120 152/339/152
f 216/339/216 184/299/184 183/300/183 215/340/215
f 217/341/217 185/301/185 184/304/184 216/342/216
f 218/342/218 186/304/186 185/343/185 217/344/217
f 219/345/219 187/346/187 186/347/186 218/348/218
f 220/349/220 188/350/188 187/346/187 219/345/219
f 221/351/221 189/352/189 188/350/188 220/349/220
f 222/353/222 190/312/190 189/311/189 221/354/221
f 223/355/223 198/313/198 190/312/190 222/353/222
f 224/356/224 206/314/206 198/313/198 223/355/223
f 225/357/225 214/315/214 206/314/206 224/356/224
f 226/358/226 215/316/215 152/315/152 169/357/169
f 227/359/227 216/317/216 215/318/215 226/360/226
f 228/361/228 217/319/217 216/317/216 227/359/227
f 229/362/229 218/320/218 217/321/217 228/363/228
f 230/364/230 219/322/219 218/323/218 229/365/229
f 231/366/231 220/324/220 219/322/219 230/364/230
f 232/367/232 221/368/221 220/324/220 231/366/231
f 233/369/233 222/370/222 221/328/221 232/371/232
f 234/371/234 223/372/223 222/329/222 233/373/233
f 235/373/235 224/374/224 223/330/223 234/375/234
f 236/375/236 225/330/225 224/333/224 235/376/235
f 237/376/237 226/333/226 169/334/169 179/377/179
f 238/377/238 227/334/227 226/335/226 237/378/237
f 239/378/239 228/335/228 227/336/227 238/379/238
f 240/379/240 229/336/229 228/337/228 239/380/239
f 241/380/241 230/337/230 229/338/229 240/381/240
f 242/381/242 231/338/231 230/339/230 241/382/241
f 243/382/243 232/339/232 231/340/231 242/383/242
f 244/384/244 233/341/233 232/342/232 243/385/243
f 245/385/245 234/342/234 233/344/233 244/386/244
f 246/386/246 235/344/235 234/387/234 245/388/245
f 247/389/247 236/390/236 235/391/235 246/392/246
f 249/393/249 248/349/248 19/345/19 20/394/20
f 250/395/250 249/396/249 20/397/20 21/398/21
f 251/399/251 250/353/250 21/354/21 22/400/22
f 252/401/252 251/355/251 22/353/22 23/399/23
f 253/402/253 252/356/252 23/355/23 24/401/24
f 255/403/255 254/357/254 248/356/248 249/402/249
f 256/404/256 255/358/255 249/357/249 250/403/250
f 257/405/257 256/359/256 250/360/250 251/406/251
f 258/407/258 257/361/257 251/359/251 252/405/252
f 259/408/259 258/362/258 252/363/252 253/409/253
f 261/410/261 260/364/260 254/365/254 255/411/255
f 262/412/262 261/366/261 255/364/255 256/410/256
f 263/413/263 262/367/262 256/366/256 257/412/257
f 264/414/264 263/415/263 257/367/257 258/413/258
f 265/416/265 264/417/264 258/371/258 259/418/259
f 267/418/267 266/419/266 260/373/260 261/420/261
f 268/420/268 267/373/267 261/375/261 262/421/262
f 269/421/269 268/375/268 262/376/262 263/422/263
f 270/422/270 269/376/269 263/377/263 264/423/264
f 271/423/271 270/377/270 264/378/264 265/424/265
f 248/424/248 272/378/272 43/379/43 19/425/19
f 272/425/272 273/379/273 44/380/44 43/426/43
f 273/426/273 274/380/274 45/381/45 44/427/44
f 274/427/274 275/381/275 46/382/46 45/428/45
f 275/428/275 276/382/276 47/383/47 46/429/46
f 276/429/276 277/383/277 48/430/48 47/431/47
f 254/431/254 278/430/278 272/432/272 248/433/248
f 278/433/278 279/432/279 273/434/273 272/435/272
f 279/435/279 280/434/280 274/436/274 273/437/273
f 280/438/280 281/389/281 275/392/275 274/439/274
f 281/440/281 282/398/282 276/441/276 275/442/275
f 282/443/282 283/395/283 277/398/277 276/440/276
f 260/444/260 284/399/284 278/400/278 254/445/254
f 284/446/284 285/401/285 279/399/279 278/444/278
f 285/447/285 286/402/286 280/401/280 279/446/279
f 286/448/286 287/403/287 281/402/281 280/447/280
f 287/449/287 288/404/288 282/403/282 281/448/281
f 288/450/288 289/405/289 283/406/283 282/451/282
f 266/452/266 290/407/290 284/405/284 260/450/260
f 290/453/290 291/408/291 285/409/285 284/452/284
f 267/454/267 291/410/291 290/411/290 266/455/266
f 291/456/291 292/412/292 286/410/286 285/454/285
f 268/457/268 292/413/292 291/412/291 267/456/267
f 292/458/292 293/414/293 287/413/287 286/457/286
f 269/459/269 293/460/293 292/461/292 268/462/268
f 293/463/293 294/464/294 288/418/288 287/465/287
f 270/465/270 294/418/294 293/420/293 269/466/269
f 294/466/294 295/420/295 289/421/289 288/467/288
f 271/467/271 295/421/295 294/422/294 270/468/270
f 296/468/296 253/422/253 24/423/24 73/469/73
f 297/469/297 296/470/296 73/471/73 74/472/74
f 298/472/298 297/471/297 74/473/74 75/474/75
f 299/474/299 298/473/298 75/475/75 76/476/76
f 300/476/300 299/475/299 76/427/76 77/477/77
f 301/477/301 300/427/300 77/428/77 78/478/78
f 302/478/302 301/428/301 78/429/78 79/479/79
f 303/479/303 302/429/302 79/431/79 80/480/80
f 304/480/304 259/431/259 253/433/253 296/481/296
f 305/481/305 304/433/304 296/435/296 297/482/297
f 306/482/306 305/435/305 297/437/297 298/483/298
f 307/483/307 306/437/306 298/484/298 299/485/299
f 308/486/308 307/442/307 299/487/299 300/488/300
f 309/489/309 308/440/308 300/442/300 301/486/301
f 310/490/310 309/443/309 301/440/301 302/489/302
f 311/491/311 310/492/310 302/443/302 303/490/303
f 312/493/312 265/494/265 259/495/259 304/496/304
f 313/497/313 312/498/312 304/494/304 305/493/305
f 314/499/314 313/500/313 305/498/305 306/497/306
f 315/501/315 314/451/314 306/500/306 307/499/307
f 316/502/316 315/450/315 307/451/307 308/501/308
f 317/503/317 316/452/316 308/450/308 309/502/309
f 318/504/318 317/505/317 309/452/309 310/503/310
f 319/506/319 318/507/318 310/505/310 311/504/311
f 320/508/320 271/509/271 265/507/265 312/506/312
f 321/510/321 320/511/320 312/509/312 313/508/313
f 322/512/322 321/513/321 313/511/313 314/510/314
f 323/514/323 322/515/322 314/516/314 315/517/315
f 324/518/324 323/519/323 315/515/315 316/514/316
f 325/520/325 324/521/324 316/465/316 317/522/317
f 326/522/326 325/523/325 317/466/317 318/524/318
f 327/524/327 326/525/326 318/467/318 319/526/319
f 277/526/277 328/467/328 105/468/105 48/527/48
f 328/527/328 329/468/329 106/469/106 105/528/105
f 329/528/329 330/469/330 107/472/107 106/529/106
f 330/529/330 331/472/331 108/474/108 107/530/107
f 331/530/331 332/474/332 109/476/109 108/531/108
f 332/531/332 333/476/333 110/477/110 109/532/109
f 333/532/333 334/477/334 111/478/111 110/533/110
f 334/533/334 335/478/335 112/479/112 111/534/111
f 283/534/283 336/479/336 328/480/328 277/535/277
f 336/535/336 337/480/337 329/481/329 328/536/328
f 337/536/337 338/481/338 330/482/330 329/537/329
f 338/537/338 339/482/339 331/483/331 330/538/330
f 339/538/339 340/483/340 332/485/332 331/539/331
f 340/539/340 341/485/341 333/540/333 332/541/332
f 341/542/341 342/543/342 334/544/334 333/545/333
f 342/546/342 343/489/343 335/486/335 334/547/334
f 289/548/289 344/490/344 336/489/336 283/546/283
f 344/549/344 345/491/345 337/490/337 336/548/336
f 345/550/345 346/493/346 338/496/338 337/551/337
f 346/552/346 347/497/347 339/493/339 338/550/338
f 347/553/347 348/499/348 340/497/340 339/552/339
f 348/554/348 349/501/349 341/499/341 340/553/340
f 349/555/349 350/502/350 342/501/342 341/554/341
f 350/556/350 351/503/351 343/502/343 342/555/342
f 295/557/295 352/504/352 344/503/344 289/556/289
f 320/558/320 352/506/352 295/504/295 271/557/271
f 352/559/352 353/508/353 345/506/345 344/558/344
f 321/560/321 353/510/353 352/508/352 320/559/320
f 353/561/353 354/512/354 346/510/346 345/560/345
f 322/562/322 354/514/354 353/517/353 321/563/321
f 354/564/354 355/518/355 347/514/347 346/562/346
f 323/565/323 355/566/355 354/518/354 322/564/322
f 355/567/355 356/568/356 348/522/348 347/569/347
f 324/569/324 356/570/356 355/524/355 323/571/323
f 356/571/356 357/524/357 349/526/349 348/572/348
f 325/572/325 357/526/357 356/527/356 324/573/324
f 357/573/357 358/527/358 350/528/350 349/574/349
f 326/574/326 358/528/358 357/529/357 325/575/325
f 358/575/358 359/529/359 351/530/351 350/576/350
f 327/576/327 359/530/359 358/531/358 326/577/326
f 360/577/360 303/531/303 80/532/80 137/578/137
f 361/578/361 360/532/360 137/533/137 138/579/138
f 362/579/362 361/533/361 138/534/138 139/580/139
f 363/580/363 362/534/362 139/535/139 140/581/140
f 364/581/364 363/535/363 140/536/140 141/582/141
f 365/582/365 364/536/364 141/537/141 142/583/142
f 366/583/366 365/537/365 142/538/142 143/584/143
f 367/584/367 366/538/366 143/539/143 144/585/144
f 368/585/368 311/539/311 303/541/303 360/586/360
f 369/586/369 368/541/368 360/587/360 361/588/361
f 370/589/370 369/590/369 361/591/361 362/592/362
f 371/593/371 370/546/370 362/547/362 363/594/363
f 372/595/372 371/548/371 363/546/363 364/593/364
f 373/596/373 372/549/372 364/548/364 365/595/365
f 374/597/374 373/550/373 365/551/365 366/598/366
f 375/599/375 374/552/374 366/550/366 367/597/367
f 376/600/376 319/553/319 311/552/311 368/599/368
f 377/601/377 376/554/376 368/553/368 369/600/369
f 378/602/378 377/555/377 369/554/369 370/601/370
f 379/603/379 378/556/378 370/555/370 371/602/371
f 380/604/380 379/557/379 371/556/371 372/603/372
f 381/605/381 380/558/380 372/557/372 373/604/373
f 382/606/382 381/559/381 373/558/373 374/605/374
f 383/607/383 382/560/382 374/559/374 375/606/375
f 384/608/384 327/561/327 319/560/319 376/607/376
f 385/609/385 384/562/384 376/563/376 377/610/377
f 386/611/386 385/564/385 377/562/377 378/609/378
f 387/612/387 386/565/386 378/564/378 379/611/379
f 388/613/388 387/614/387 379/565/379 380/612/380
f 389/615/389 388/616/388 380/569/380 381/617/381
f 390/617/390 389/618/389 381/619/381 382/620/382
f 391/620/391 390/571/390 382/572/382 383/621/383
f 335/621/335 392/622/392 161/623/161 112/624/112
f 392/624/392 393/623/393 162/574/162 161/625/161
f 393/625/393 394/574/394 163/575/163 162/626/162
f 394/626/394 395/575/395 164/576/164 163/627/163
f 343/627/343 396/576/396 392/577/392 335/628/335
f 396/628/396 397/577/397 393/578/393 392/629/392
f 397/629/397 398/578/398 394/579/394 393/630/393
f 398/630/398 399/579/399 395/580/395 394/631/394
f 351/631/351 400/580/400 396/581/396 343/632/343
f 400/632/400 401/581/401 397/582/397 396/633/396
f 401/633/401 402/582/402 398/583/398 397/634/397
f 402/634/402 403/583/403 399/584/399 398/635/398
f 359/635/359 404/584/404 400/585/400 351/636/351
f 384/636/384 404/585/404 359/586/359 327/637/327
f 404/637/404 405/586/405 401/588/401 400/638/400
f 385/638/385 405/588/405 404/639/404 384/640/384
f 405/641/405 406/589/406 402/592/402 401/642/401
f 386/643/386 406/644/406 405/589/405 385/641/385
f 406/645/406 407/646/407 403/647/403 402/648/402
f 387/649/387 407/598/407 406/646/406 386/645/386
f 388/650/388 408/597/408 407/598/407 387/649/387
f 389/651/389 409/599/409 408/597/408 388/650/388
f 390/652/390 410/600/410 409/599/409 389/651/389
f 391/653/391 411/601/411 410/600/410 390/652/390
f 395/654/395 412/602/412 174/601/174 164/653/164
f 412/655/412 413/603/413 175/602/175 174/654/174
f 399/656/399 414/604/414 412/603/412 395/655/395
f 414/657/414 415/605/415 413/604/413 412/656/412
f 403/658/403 416/606/416 414/605/414 399/657/399
f 416/659/416 417/607/417 415/606/415 414/658/414
f 407/660/407 418/608/418 416/607/416 403/659/403
f 418/661/418 419/609/419 417/610/417 416/662/416
f 408/663/408 419/611/419 418/609/418 407/661/407
f 409/664/409 420/612/420 419/611/419 408/663/408
f 410/665/410 421/613/421 420/612/420 409/664/409
f 411/666/411 422/667/422 421/613/421 410/665/410
f 413/668/413 423/669/423 182/617/182 175/670/175
f 415/670/415 424/617/424 423/620/423 413/671/413
f 417/671/417 425/672/425 424/621/424 415/673/415
f 419/673/419 426/621/426 425/624/425 417/674/417
f 420/674/420 427/624/427 426/625/426 419/675/419
f 421/675/421 428/625/428 427/626/427 420/676/420
f 422/676/422 429/626/429 428/627/428 421/677/421
f 430/677/430 367/627/367 144/628/144 207/678/207
f 431/678/431 430/628/430 207/629/207 208/679/208
f 432/679/432 431/629/431 208/630/208 209/680/209
f 433/680/433 432/630/432 209/631/209 210/681/210
f 434/681/434 433/631/433 210/632/210 211/682/211
f 435/682/435 434/632/434 211/633/211 212/683/212
f 436/683/436 435/633/435 212/634/212 213/684/213
f 437/684/437 436/634/436 213/635/213 214/685/214
f 438/685/438 375/635/375 367/636/367 430/686/430
f 439/686/439 438/636/438 430/637/430 431/687/431
f 440/687/440 439/637/439 431/638/431 432/688/432
f 441/688/441 440/638/440 432/640/432 433/689/433
f 442/689/442 441/640/441 433/690/433 434/691/434
f 443/692/443 442/693/442 434/694/434 435/695/435
f 444/696/444 443/648/443 435/697/435 436/698/436
f 445/699/445 444/645/444 436/648/436 437/696/437
f 446/700/446 383/649/383 375/645/375 438/699/438
f 447/701/447 446/650/446 438/649/438 439/700/439
f 448/702/448 447/651/447 439/650/439 440/701/440
f 449/703/449 448/652/448 440/651/440 441/702/441
f 450/704/450 449/653/449 441/652/441 442/703/442
f 451/705/451 450/654/450 442/653/442 443/704/443
f 452/706/452 451/655/451 443/654/443 444/705/444
f 453/707/453 452/656/452 444/655/444 445/706/445
f 454/708/454 391/657/391 383/656/383 446/707/446
f 455/709/455 454/658/454 446/657/446 447/708/447
f 456/710/456 455/659/455 447/658/447 448/709/448
f 457/711/457 456/660/456 448/659/448 449/710/449
f 458/712/458 457/661/457 449/662/449 450/713/450
f 459/714/459 458/663/458 450/661/450 451/712/451
f 460/715/460 459/664/459 451/663/451 452/714/452
f 461/716/461 460/665/460 452/664/452 453/715/453
f 462/717/462 437/666/437 214/665/214 225/716/225
f 463/718/463 445/719/445 437/666/437 462/717/462
f 464/720/464 453/721/453 445/670/445 463/722/463
f 454/722/454 465/723/465 411/671/411 391/724/391
f 455/724/455 466/671/466 465/673/465 454/725/454
f 456/725/456 467/673/467 466/674/466 455/726/455
f 457/726/457 468/674/468 467/675/467 456/727/456
f 458/727/458 469/675/469 468/676/468 457/728/457
f 459/728/459 470/676/470 469/677/469 458/729/458
f 460/729/460 471/677/471 470/678/470 459/730/459
f 461/730/461 472/678/472 471/679/471 460/731/460
f 472/731/472 461/679/461 453/680/453 464/732/464
f 473/732/473 462/680/462 225/681/225 236/733/236
f 474/733/474 463/681/463 462/682/462 473/734/473
f 475/734/475 464/682/464 463/683/463 474/735/474
f 465/735/465 476/683/476 422/684/422 411/736/411
f 466/736/466 477/684/477 476/685/476 465/737/465
f 467/737/467 478/685/478 477/686/477 466/738/466
f 468/738/468 479/686/479 478/687/478 467/739/467
f 469/739/469 480/740/480 479/741/479 468/742/468
f 470/742/470 481/741/481 480/743/480 469/744/469
f 471/744/471 482/743/482 481/745/481 470/746/470
f 472/746/472 483/745/483 482/747/482 471/748/471
f 483/749/483 472/698/472 464/750/464 475/751/475
f 484/752/484 473/696/473 236/698/236 247/749/247
f 485/753/485 474/699/474 473/696/473 484/752/484
f 486/754/486 475/700/475 474/699/474 485/753/485
f 476/755/476 487/701/487 429/700/429 422/754/422
f 477/756/477 488/702/488 487/701/487 476/755/476
f 478/757/478 489/703/489 488/702/488 477/756/477
f 479/758/479 490/704/490 489/703/489 478/757/478
f 480/759/480 491/705/491 490/704/490 479/758/479
f 481/760/481 492/706/492 491/705/491 480/759/480
f 482/761/482 493/707/493 492/706/492 481/760/481
f 483/762/483 494/708/494 493/707/493 482/761/482
f 494/763/494 483/709/483 475/708/475 486/762/486
f 502/764/502 501/710/501 495/709/495 496/763/496
f 503/765/503 502/711/502 496/710/496 497/764/497
f 504/766/504 503/767/503 497/711/497 498/765/498
f 505/768/505 504/769/504 498/767/498 499/766/499
f 506/770/506 505/771/505 499/769/499 500/768/500
f 508/772/508 507/773/507 501/771/501 502/770/502
f 509/774/509 508/775/508 502/773/502 503/772/503
f 510/776/510 509/777/509 503/775/503 504/774/504
f 511/778/511 510/748/510 504/779/504 505/780/505
f 512/781/512 511/782/511 505/722/505 506/783/506
f 514/783/514 513/784/513 507/724/507 508/785/508
f 515/785/515 514/724/514 508/725/508 509/786/509
f 516/786/516 515/725/515 509/726/509 510/787/510
f 517/787/517 516/726/516 510/727/510 511/788/511
f 518/788/518 517/727/517 511/728/511 512/789/512
f 520/789/520 496/728/496 495/729/495 519/790/519
f 521/790/521 497/729/497 496/730/496 520/791/520
f 522/791/522 498/730/498 497/731/497 521/792/521
f 523/792/523 499/731/499 498/732/498 522/793/522
f 524/793/524 500/732/500 499/733/499 523/794/523
f 501/794/501 525/733/525 519/734/519 495/795/495
f 525/795/525 526/734/526 520/735/520 519/796/519
f 526/796/526 527/735/527 521/736/521 520/797/520
f 527/797/527 528/736/528 522/737/522 521/798/521
f 528/798/528 529/737/529 523/738/523 522/799/522
f 529/799/529 530/738/530 524/739/524 523/800/523
f 507/800/507 531/739/531 525/742/525 501/801/501
f 531/801/531 532/742/532 526/744/526 525/802/525
f 532/802/532 533/744/533 527/746/527 526/803/526
f 533/803/533 534/746/534 528/748/528 527/804/527
f 534/804/534 535/748/535 529/805/529 528/806/528
f 535/807/535 536/749/536 530/751/530 529/808/529
f 513/809/513 537/752/537 531/749/531 507/807/507
f 537/810/537 538/753/538 532/752/532 531/809/531
f 538/811/538 539/754/539 533/753/533 532/810/532
f 539/812/539 540/755/540 534/754/534 533/811/533
f 540/813/540 541/756/541 535/755/535 534/812/534
f 541/814/541 542/757/542 536/756/536 535/813/535
f 551/815/551 506/758/506 500/757/500 543/814/543
f 552/816/552 551/759/551 543/758/543 544/815/544
f 553/817/553 552/760/552 544/759/544 545/816/545
f 554/818/554 553/761/553 545/760/545 546/817/546
f 555/819/555 554/762/554 546/761/546 547/818/547
f 556/820/556 555/763/555 547/762/547 548/819/548
f 557/821/557 556/764/556 548/763/548 549/820/549
f 558/822/558 557/765/557 549/764/549 550/821/550
f 559/823/559 512/766/512 506/765/506 551/822/551
f 560/824/560 559/825/559 551/826/551 552/827/552
f 561/828/561 560/829/560 552/825/552 553/824/553
f 562/830/562 561/831/561 553/829/553 554/828/554
f 563/832/563 562/833/562 554/831/554 555/830/555
f 564/834/564 563/835/563 555/833/555 556/832/556
f 565/836/565 564/837/564 556/838/556 557/839/557
f 566/840/566 565/841/565 557/842/557 558/843/558
f 567/844/567 518/845/518 512/783/512 559/846/559
f 568/846/568 567/847/567 559/848/559 560/849/560
f 569/849/569 568/848/568 560/786/560 561/850/561
f 570/850/570 569/786/569 561/787/561 562/851/562
f 571/851/571 570/787/570 562/788/562 563/852/563
f 572/852/572 571/788/571 563/789/563 564/853/564
f 573/853/573 572/789/572 564/790/564 565/854/565
f 574/854/574 573/790/573 565/791/565 566/855/566
f 575/855/575 543/791/543 500/792/500 524/856/524
f 576/856/576 544/792/544 543/793/543 575/857/575
f 577/857/577 545/793/545 544/794/544 576/858/576
f 578/858/578 546/794/546 545/795/545 577/859/577
f 579/859/579 547/795/547 546/796/546 578/860/578
f 580/860/580 548/796/548 547/797/547 579/861/579
f 581/861/581 549/797/549 548/798/548 580/862/580
f 582/862/582 550/798/550 549/799/549 581/863/581
f 530/863/530 583/799/583 575/800/575 524/864/524
f 583/864/583 584/800/584 576/801/576 575/865/575
f 584/865/584 585/801/585 577/802/577 576/866/576
f 585/866/585 586/802/586 578/803/578 577/867/577
f 586/867/586 587/803/587 579/804/579 578/868/578
f 587/868/587 588/804/588 580/806/580 579/869/579
f 588/870/588 589/871/589 581/872/581 580/873/580
f 589/874/589 590/875/590 582/876/582 581/877/581
f 536/878/536 591/809/591 583/807/583 530/879/530
f 591/880/591 592/810/592 584/809/584 583/878/583
f 592/881/592 593/811/593 585/810/585 584/880/584
f 593/882/593 594/812/594 586/811/586 585/881/585
f 594/883/594 595/813/595 587/812/587 586/882/586
f 595/884/595 596/814/596 588/813/588 587/883/587
f 596/885/596 597/815/597 589/814/589 588/884/588
f 597/886/597 598/816/598 590/815/590 589/885/589
f 542/887/542 599/817/599 591/816/591 536/886/536
f 599/888/599 600/818/600 592/817/592 591/887/591
f 600/889/600 601/819/601 593/818/593 592/888/592
f 601/890/601 602/820/602 594/819/594 593/889/593
f 602/891/602 603/821/603 595/820/595 594/890/594
f 603/892/603 604/822/604 596/821/596 595/891/595
f 604/893/604 605/823/605 597/822/597 596/892/596
f 605/894/605 606/824/606 598/827/598 597/895/597
f 608/896/608 177/828/177 176/824/176 607/894/607
f 609/897/609 178/830/178 177/828/177 608/896/608
f 610/898/610 179/832/179 178/830/178 609/897/609
f 180/899/180 611/834/611 607/832/607 176/898/176
f 181/900/181 612/836/612 611/839/611 180/901/180
f 182/902/182 613/840/613 612/843/612 181/903/181
f 616/904/616 608/905/608 607/840/607 615/902/615
f 617/906/617 609/907/609 608/846/608 616/908/616
f 618/908/618 610/846/610 609/849/609 617/909/617
f 620/909/620 619/849/619 614/850/614 615/910/615
f 611/910/611 620/911/620 615/912/615 607/913/607
f 622/913/622 621/912/621 619/852/619 620/914/620
f 612/914/612 622/852/622 620/853/620 611/915/611
f 624/915/624 623/853/623 621/854/621 622/916/622
f 613/916/613 624/854/624 622/855/622 612/917/612
f 629/917/629 615/855/615 614/856/614 628/918/628
f 630/918/630 616/856/616 615/857/615 629/919/629
f 631/919/631 617/857/617 616/858/616 630/920/630
f 632/920/632 618/858/618 617/859/617 631/921/631
f 633/921/633 558/859/558 550/860/550 625/922/625
f 634/922/634 633/860/633 625/861/625 626/923/626
f 635/923/635 634/861/634 626/862/626 627/924/627
f 636/924/636 635/862/635 627/863/627 628/925/628
f 619/925/619 636/863/636 628/864/628 614/926/614
f 637/926/637 566/864/566 558/865/558 633/927/633
f 638/927/638 637/865/637 633/866/633 634/928/634
f 639/928/639 638/866/638 634/867/634 635/929/635
f 640/929/640 639/867/639 635/868/635 636/930/636
f 621/930/621 640/868/640 636/869/636 619/931/619
f 641/932/641 574/870/574 566/873/566 637/933/637
f 642/933/642 641/873/641 637/934/637 638/935/638
f 643/936/643 642/937/642 638/938/638 639/939/639
f 644/940/644 643/941/643 639/937/639 640/936/640
f 623/942/623 644/943/644 640/941/640 621/940/621
f 645/944/645 625/881/625 550/880/550 582/945/582
f 646/946/646 626/882/626 625/881/625 645/944/645
f 647/947/647 627/883/627 626/882/626 646/946/646
f 648/948/648 628/884/628 627/883/627 647/947/647
f 649/949/649 629/885/629 628/884/628 648/948/648
f 650/950/650 630/886/630 629/885/629 649/949/649
f 651/951/651 631/887/631 630/886/630 650/950/650
f 652/952/652 632/888/632 631/887/631 651/951/651
f 590/953/590 653/889/653 645/888/645 582/952/582
f 653/954/653 654/890/654 646/889/646 645/953/645
f 654/955/654 655/891/655 647/890/647 646/954/646
f 655/956/655 656/892/656 648/891/648 647/955/647
f 656/957/656 657/893/657 649/892/649 648/956/648
f 657/958/657 658/894/658 650/895/650 649/959/649
f 658/960/658 659/896/659 651/894/651 650/958/650
f 659/961/659 660/897/660 652/896/652 651/960/651
f 598/962/598 661/898/661 653/897/653 590/961/590
f 661/963/661 662/899/662 654/898/654 653/962/653
f 662/964/662 663/900/663 655/901/655 654/965/654
f 663/966/663 664/902/664 656/903/656 655/967/655
f 664/968/664 665/904/665 657/902/657 656/966/656
f 665/969/665 666/970/666 658/904/658 657/968/657
f 666/971/666 667/972/667 659/908/659 658/973/658
f 667/973/667 668/974/668 660/909/660 659/975/659
f 606/975/606 669/976/669 661/910/661 598/977/598
f 669/977/669 670/910/670 662/913/662 661/978/661
f 670/978/670 671/913/671 663/914/663 662/979/662
f 671/979/671 672/914/672 664/915/664 663/980/663
f 672/980/672 673/915/673 665/916/665 664/981/664
f 673/981/673 674/916/674 666/917/666 665/982/665
f 674/982/674 675/917/675 667/918/667 666/983/666
f 675/983/675 676/918/676 668/919/668 667/984/667
f 677/984/677 237/919/237 179/920/179 610/985/610
f 678/985/678 238/920/238 237/921/237 677/986/677
f 679/986/679 239/921/239 238/922/238 678/987/678
f 680/987/680 240/922/240 239/923/239 679/988/679
f 681/988/681 241/923/241 240/924/240 680/989/680
f 682/989/682 242/924/242 241/925/241 681/990/681
f 683/990/683 243/925/243 242/926/242 682/991/682
f 684/991/684 244/926/244 243/927/243 683/992/683
f 685/992/685 245/927/245 244/928/244 684/993/684
f 686/993/686 246/928/246 245/929/245 685/994/685
f 687/994/687 247/929/247 246/930/246 686/995/686
f 688/995/688 677/930/677 610/931/610 618/996/618
f 689/997/689 678/932/678 677/933/677 688/998/688
f 690/998/690 679/933/679 678/935/678 689/999/689
f 691/999/691 680/935/680 679/1000/679 690/1001/690
f 692/1002/692 681/1003/681 680/1004/680 691/1005/691
f 693/1006/693 682/940/682 681/936/681 692/1007/692
f 694/1008/694 683/1009/683 682/1010/682 693/1011/693
f 695/1012/695 684/944/684 683/945/683 694/1013/694
f 696/1014/696 685/946/685 684/944/684 695/1012/695
f 697/1015/697 686/947/686 685/946/685 696/1014/696
f 698/1016/698 687/948/687 686/947/686 697/1015/697
f 699/1017/699 688/949/688 618/948/618 632/1016/632
f 700/1018/700 689/950/689 688/949/688 699/1017/699
f 701/1019/701 690/951/690 689/950/689 700/1018/700
f 702/1020/702 691/952/691 690/951/690 701/1019/701
f 703/1021/703 692/953/692 691/952/691 702/1020/702
f 704/1022/704 693/954/693 692/953/692 703/1021/703
f 705/1023/705 694/955/694 693/954/693 704/1022/704
f 706/1024/706 695/956/695 694/955/694 705/1023/705
f 707/1025/707 696/957/696 695/956/695 706/1024/706
f 708/1026/708 697/958/697 696/959/696 707/1027/707
f 709/1028/709 698/960/698 697/958/697 708/1026/708
f 710/1029/710 699/961/699 632/960/632 652/1028/652
f 711/1030/711 700/962/700 699/961/699 710/1029/710
f 712/1031/712 701/963/701 700/962/700 711/1030/711
f 713/1032/713 702/964/702 701/965/701 712/1033/712
f 714/1034/714 703/966/703 702/967/702 713/1035/713
f 715/1036/715 704/968/704 703/966/703 714/1034/714
f 716/1037/716 705/969/705 704/968/704 715/1036/715
f 717/1038/717 706/1039/706 705/969/705 716/1037/716
f 660/1040/660 718/1041/718 710/973/710 652/1042/652
f 718/1042/718 719/1043/719 711/975/711 710/1044/710
f 719/1044/719 720/975/720 712/977/712 711/1045/711
f 720/1045/720 721/977/721 713/978/713 712/1046/712
f 721/1046/721 722/978/722 714/979/714 713/1047/713
f 722/1047/722 723/979/723 715/980/715 714/1048/714
f 723/1048/723 724/980/724 716/981/716 715/1049/715
f 724/1049/724 725/981/725 717/982/717 716/1050/716
f 725/1050/725 707/982/707 706/983/706 717/1051/717
f 668/1051/668 726/983/726 718/984/718 660/1052/660
f 726/1052/726 727/984/727 719/985/719 718/1053/718
f 727/1053/727 728/985/728 720/986/720 719/1054/719
f 728/1054/728 729/986/729 721/987/721 720/1055/720
f 729/1055/729 730/987/730 722/988/722 721/1056/721
f 730/1056/730 731/988/731 723/989/723 722/1057/722
f 731/1057/731 732/989/732 724/990/724 723/1058/723
f 732/1058/732 733/990/733 725/991/725 724/1059/724
f 733/1059/733 708/991/708 707/992/707 725/1060/725
f 676/1060/676 734/992/734 726/993/726 668/1061/668
f 734/1061/734 735/993/735 727/994/727 726/1062/726
f 735/1062/735 736/994/736 728/995/728 727/1063/727
f 736/1063/736 737/995/737 729/996/729 728/1064/728
f 737/1065/737 738/997/738 730/998/730 729/1066/729
f 738/1066/738 739/998/739 731/999/731 730/1067/730
f 739/1067/739 740/999/740 732/1001/732 731/1068/731
f 740/1068/740 741/1001/741 733/1069/733 732/1070/732
f 741/1071/741 709/1002/709 708/1005/708 733/1072/733
f 743/1073/743 742/1011/742 513/1074/513 514/1075/514
f 744/1076/744 743/1008/743 514/1011/514 515/1073/515
f 745/1077/745 744/1012/744 515/1013/515 516/1078/516
f 746/1079/746 745/1014/745 516/1012/516 517/1077/517
f 747/1080/747 746/1015/746 517/1014/517 518/1079/518
f 749/1081/749 748/1016/748 742/1015/742 743/1080/743
f 750/1082/750 749/1017/749 743/1016/743 744/1081/744
f 751/1083/751 750/1018/750 744/1017/744 745/1082/745
f 752/1084/752 751/1019/751 745/1018/745 746/1083/746
f 753/1085/753 752/1020/752 746/1019/746 747/1084/747
f 755/1086/755 754/1021/754 748/1020/748 749/1085/749
f 756/1087/756 755/1022/755 749/1021/749 750/1086/750
f 757/1088/757 756/1023/756 750/1022/750 751/1087/751
f 758/1089/758 757/1024/757 751/1023/751 752/1088/752
f 759/1090/759 758/1025/758 752/1024/752 753/1089/753
f 761/1091/761 760/1026/760 754/1027/754 755/1092/755
f 762/1093/762 761/1028/761 755/1026/755 756/1091/756
f 763/1094/763 762/1029/762 756/1028/756 757/1093/757
f 764/1095/764 763/1030/763 757/1029/757 758/1094/758
f 765/1096/765 764/1031/764 758/1030/758 759/1095/759
f 742/1097/742 766/1032/766 537/1033/537 513/1098/513
f 766/1099/766 767/1034/767 538/1035/538 537/1100/537
f 767/1101/767 768/1036/768 539/1034/539 538/1099/538
f 768/1102/768 769/1037/769 540/1036/540 539/1101/539
f 769/1103/769 770/1038/770 541/1037/541 540/1102/540
f 770/1104/770 771/1105/771 542/1038/542 541/1103/541
f 748/1106/748 772/1107/772 766/1042/766 742/1108/742
f 772/1108/772 773/1109/773 767/1110/767 766/1111/766
f 773/1111/773 774/1044/774 768/1045/768 767/1112/767
f 774/1112/774 775/1045/775 769/1046/769 768/1113/768
f 775/1113/775 776/1046/776 770/1047/770 769/1114/769
f 776/1114/776 777/1115/777 771/1116/771 770/1117/770
f 754/1117/754 778/1116/778 772/1118/772 748/1119/748
f 778/1119/778 779/1118/779 773/1120/773 772/1121/772
f 779/1121/779 780/1120/780 774/1051/774 773/1122/773
f 780/1122/780 781/1051/781 775/1052/775 774/1123/774
f 781/1123/781 782/1052/782 776/1053/776 775/1124/775
f 782/1124/782 783/1053/783 777/1054/777 776/1125/776
f 760/1125/760 784/1054/784 778/1055/778 754/1126/754
f 784/1126/784 785/1055/785 779/1056/779 778/1127/778
f 761/1127/761 785/1056/785 784/1057/784 760/1128/760
f 785/1128/785 786/1057/786 780/1058/780 779/1129/779
f 762/1129/762 786/1058/786 785/1059/785 761/1130/761
f 786/1130/786 787/1059/787 781/1060/781 780/1131/780
f 763/1131/763 787/1060/787 786/1061/786 762/1132/762
f 787/1132/787 788/1061/788 782/1062/782 781/1133/781
f 764/1133/764 788/1062/788 787/1063/787 763/1134/763
f 788/1134/788 789/1063/789 783/1064/783 782/1135/782
f 765/1136/765 789/1065/789 788/1066/788 764/1137/764
f 790/1137/790 747/1066/747 518/1067/518 567/1138/567
f 791/1138/791 790/1067/790 567/1068/567 568/1139/568
f 792/1139/792 791/1068/791 568/1070/568 569/1140/569
f 793/1140/793 792/1070/792 569/1141/569 570/1142/570
f 794/1143/794 793/1075/793 570/1144/570 571/1145/571
f 795/1146/795 794/1073/794 571/1075/571 572/1143/572
f 796/1147/796 795/1076/795 572/1073/572 573/1146/573
f 797/1148/797 796/1149/796 573/1076/573 574/1147/574
f 798/1150/798 753/1151/753 747/1152/747 790/1153/790
f 799/1154/799 798/1155/798 790/1151/790 791/1150/791
f 800/1156/800 799/1157/799 791/1155/791 792/1154/792
f 801/1158/801 800/1082/800 792/1081/792 793/1159/793
f 802/1160/802 801/1083/801 793/1082/793 794/1158/794
f 803/1161/803 802/1084/802 794/1083/794 795/1160/795
f 804/1162/804 803/1085/803 795/1084/795 796/1161/796
f 805/1163/805 804/1086/804 796/1085/796 797/1162/797
f 806/1164/806 759/1087/759 753/1086/753 798/1163/798
f 807/1165/807 806/1088/806 798/1087/798 799/1164/799
f 808/1166/808 807/1089/807 799/1088/799 800/1165/800
f 809/1167/809 808/1090/808 800/1089/800 801/1166/801
f 810/1168/810 809/1091/809 801/1092/801 802/1169/802
f 811/1170/811 810/1093/810 802/1091/802 803/1168/803
f 812/1171/812 811/1094/811 803/1093/803 804/1170/804
f 813/1172/813 812/1095/812 804/1094/804 805/1171/805
f 814/1173/814 765/1096/765 759/1095/759 806/1172/806
f 815/1174/815 814/1097/814 806/1098/806 807/1175/807
f 816/1176/816 815/1099/815 807/1100/807 808/1177/808
f 817/1178/817 816/1101/816 808/1099/808 809/1176/809
f 818/1179/818 817/1102/817 809/1101/809 810/1178/810
f 819/1180/819 818/1103/818 810/1102/810 811/1179/811
f 820/1181/820 819/1104/819 811/1103/811 812/1180/812
f 821/1182/821 820/1183/820 812/1104/812 813/1181/813
f 771/1184/771 822/1185/822 599/1108/599 542/1186/542
f 822/1186/822 823/1108/823 600/1111/600 599/1187/599
f 823/1187/823 824/1188/824 601/1112/601 600/1189/600
f 824/1189/824 825/1112/825 602/1113/602 601/1190/601
f 825/1190/825 826/1113/826 603/1114/603 602/1191/602
f 826/1191/826 827/1114/827 604/1117/604 603/1192/603
f 827/1192/827 828/1117/828 605/1119/605 604/1193/604
f 828/1193/828 829/1119/829 606/1121/606 605/1194/605
f 777/1194/777 830/1121/830 822/1122/822 771/1195/771
f 830/1195/830 831/1122/831 823/1123/823 822/1196/822
f 831/1196/831 832/1123/832 824/1124/824 823/1197/823
f 832/1197/832 833/1124/833 825/1125/825 824/1198/824
f 833/1198/833 834/1125/834 826/1126/826 825/1199/825
f 834/1199/834 835/1126/835 827/1127/827 826/1200/826
f 835/1200/835 836/1127/836 828/1128/828 827/1201/827
f 836/1201/836 837/1128/837 829/1129/829 828/1202/828
f 783/1202/783 838/1129/838 830/1130/830 777/1203/777
f 838/1203/838 839/1130/839 831/1131/831 830/1204/830
f 839/1204/839 840/1131/840 832/1132/832 831/1205/831
f 840/1205/840 841/1132/841 833/1133/833 832/1206/832
f 841/1206/841 842/1133/842 834/1134/834 833/1207/833
f 842/1207/842 843/1134/843 835/1135/835 834/1208/834
f 843/1209/843 844/1136/844 836/1137/836 835/1210/835
f 844/1210/844 845/1137/845 837/1138/837 836/1211/836
f 789/1211/789 846/1138/846 838/1139/838 783/1212/783
f 814/1212/814 846/1139/846 789/1140/789 765/1213/765
f 846/1213/846 847/1140/847 839/1142/839 838/1214/838
f 815/1214/815 847/1142/847 846/1215/846 814/1216/814
f 847/1217/847 848/1218/848 840/1219/840 839/1220/839
f 816/1221/816 848/1146/848 847/1143/847 815/1222/815
f 848/1223/848 849/1147/849 841/1146/841 840/1221/840
f 817/1224/817 849/1148/849 848/1147/848 816/1223/816
f 849/1225/849 850/1150/850 842/1153/842 841/1226/841
f 818/1227/818 850/1154/850 849/1150/849 817/1225/817
f 850/1228/850 851/1156/851 843/1154/843 842/1227/842
f 819/1229/819 851/1158/851 850/1159/850 818/1230/818
f 851/1231/851 852/1160/852 844/1158/844 843/1229/843
f 820/1232/820 852/1161/852 851/1160/851 819/1231/819
f 852/1233/852 853/1162/853 845/1161/845 844/1232/844
f 821/1234/821 853/1163/853 852/1162/852 820/1233/820
f 423/1235/423 854/1164/854 613/1163/613 182/1234/182
f 424/1236/424 855/1165/855 854/1164/854 423/1235/423
f 425/1237/425 856/1166/856 855/1165/855 424/1236/424
f 426/1238/426 857/1167/857 856/1166/856 425/1237/425
f 427/1239/427 858/1168/858 857/1169/857 426/1240/426
f 428/1241/428 859/1170/859 858/1168/858 427/1239/427
f 429/1242/429 860/1171/860 859/1170/859 428/1241/428
f 862/1243/862 861/1172/861 623/1171/623 624/1242/624
f 854/1244/854 862/1173/862 624/1172/624 613/1243/613
f 864/1245/864 863/1174/863 861/1175/861 862/1246/862
f 855/1247/855 864/1176/864 862/1177/862 854/1248/854
f 866/1249/866 865/1178/865 863/1176/863 864/1247/864
f 856/1250/856 866/1179/866 864/1178/864 855/1249/855
f 868/1251/868 867/1180/867 865/1179/865 866/1250/866
f 857/1252/857 868/1181/868 866/1180/866 856/1251/856
f 858/1253/858 869/1182/869 868/1181/868 857/1252/857
f 859/1254/859 870/1255/870 869/1182/869 858/1253/858
f 860/1256/860 871/1257/871 870/1186/870 859/1258/859
f 872/1258/872 797/1259/797 574/1187/574 641/1260/641
f 873/1260/873 872/1187/872 641/1189/641 642/1261/642
f 874/1261/874 873/1262/873 642/1263/642 643/1264/643
f 875/1264/875 874/1263/874 643/1191/643 644/1265/644
f 861/1265/861 875/1191/875 644/1192/644 623/1266/623
f 876/1266/876 805/1192/805 797/1193/797 872/1267/872
f 877/1267/877 876/1193/876 872/1194/872 873/1268/873
f 878/1268/878 877/1194/877 873/1195/873 874/1269/874
f 879/1269/879 878/1195/878 874/1196/874 875/1270/875
f 863/1270/863 879/1196/879 875/1197/875 861/1271/861
f 880/1271/880 813/1197/813 805/1198/805 876/1272/876
f 881/1272/881 880/1198/880 876/1199/876 877/1273/877
f 882/1273/882 881/1199/881 877/1200/877 878/1274/878
f 883/1274/883 882/1200/882 878/1201/878 879/1275/879
f 865/1275/865 883/1201/883 879/1202/879 863/1276/863
f 884/1276/884 821/1202/821 813/1203/813 880/1277/880
f 885/1277/885 884/1203/884 880/1204/880 881/1278/881
f 886/1278/886 885/1204/885 881/1205/881 882/1279/882
f 887/1279/887 886/1205/886 882/1206/882 883/1280/883
f 867/1280/867 887/1206/887 883/1207/883 865/1281/865
f 868/1281/868 888/1207/888 887/1208/887 867/1282/867
f 869/1283/869 889/1209/889 888/1210/888 868/1284/868
f 870/1284/870 890/1210/890 889/1211/889 869/1285/869
f 871/1285/871 891/1211/891 890/1212/890 870/1286/870
f 829/1286/829 892/1212/892 669/1213/669 606/1287/606
f 892/1287/892 893/1213/893 670/1214/670 669/1288/669
f 893/1288/893 894/1214/894 671/1216/671 670/1289/670
f 894/1289/894 895/1216/895 672/1290/672 671/1291/671
f 895/1292/895 896/1293/896 673/1294/673 672/1295/672
f 896/1296/896 897/1297/897 674/1293/674 673/1292/673
f 897/1298/897 898/1299/898 675/1297/675 674/1296/674
f 898/1300/898 899/1224/899 676/1223/676 675/1301/675
f 837/1302/837 900/1225/900 892/1226/892 829/1303/829
f 900/1304/900 901/1227/901 893/1225/893 892/1302/892
f 901/1305/901 902/1228/902 894/1227/894 893/1304/893
f 902/1306/902 903/1229/903 895/1230/895 894/1307/894
f 903/1308/903 904/1231/904 896/1229/896 895/1306/895
f 904/1309/904 905/1232/905 897/1231/897 896/1308/896
f 905/1310/905 906/1233/906 898/1232/898 897/1309/897
f 906/1311/906 907/1234/907 899/1233/899 898/1310/898
f 845/1312/845 908/1235/908 900/1234/900 837/1311/837
f 908/1313/908 909/1236/909 901/1235/901 900/1312/900
f 909/1314/909 910/1237/910 902/1236/902 901/1313/901
f 910/1315/910 911/1238/911 903/1237/903 902/1314/902
f 911/1316/911 912/1239/912 904/1240/904 903/1317/903
f 912/1318/912 913/1241/913 905/1239/905 904/1316/904
f 913/1319/913 914/1242/914 906/1241/906 905/1318/905
f 914/1320/914 915/1243/915 907/1242/907 906/1319/906
f 853/1321/853 916/1244/916 908/1243/908 845/1320/845
f 884/1322/884 916/1245/916 853/1246/853 821/1323/821
f 916/1324/916 917/1247/917 909/1248/909 908/1325/908
f 885/1326/885 917/1249/917 916/1247/916 884/1324/884
f 917/1327/917 918/1250/918 910/1249/910 909/1326/909
f 886/1328/886 918/1251/918 917/1250/917 885/1327/885
f 918/1329/918 919/1252/919 911/1251/911 910/1328/910
f 887/1330/887 919/1253/919 918/1252/918 886/1329/886
f 919/1331/919 920/1254/920 912/1253/912 911/1330/911
f 888/1332/888 920/1333/920 919/1254/919 887/1331/887
f 920/1334/920 921/1335/921 913/1258/913 912/1336/912
f 889/1336/889 921/1337/921 920/1260/920 888/1338/888
f 921/1338/921 922/1260/922 914/1261/914 913/1339/913
f 890/1339/890 922/1261/922 921/1264/921 889/1340/889
f 922/1340/922 923/1264/923 915/1265/915 914/1341/914
f 891/1341/891 923/1265/923 922/1266/922 890/1342/890
f 924/1342/924 484/1266/484 247/1267/247 687/1343/687
f 925/1343/485 485/1267/485 484/1268/484 924/1344/924
f 926/1344/486 486/1268/486 485/1269/485 925/1345/485
f 487/1345/487 927/1269/925 860/1270/860 429/1346/429
f 488/1346/488 928/1270/926 927/1271/925 487/1347/487
f 489/1347/489 929/1271/927 928/1272/926 488/1348/488
f 490/1348/490 930/1272/928 929/1273/927 489/1349/489
f 491/1349/491 931/1273/929 930/1274/928 490/1350/490
f 492/1350/492 932/1274/930 931/1275/929 491/1351/491
f 493/1351/493 933/1275/931 932/1276/930 492/1352/492
f 494/1352/494 934/1276/494 933/1277/931 493/1353/493
f 934/1353/494 494/1277/494 486/1278/486 926/1354/486
f 935/1354/932 924/1278/924 687/1279/687 698/1355/698
f 936/1355/933 925/1279/485 924/1280/924 935/1356/932
f 937/1356/934 926/1280/486 925/1281/485 936/1357/933
f 927/1357/925 938/1281/935 871/1282/871 860/1358/860
f 928/1359/926 939/1283/936 938/1284/935 927/1360/925
f 929/1360/927 940/1284/937 939/1285/936 928/1361/926
f 930/1361/928 941/1285/938 940/1286/937 929/1362/927
f 931/1362/929 942/1286/939 941/1287/938 930/1363/928
f 932/1363/930 943/1287/940 942/1288/939 931/1364/929
f 933/1364/931 944/1288/941 943/1289/940 932/1365/930
f 934/1365/494 945/1289/942 944/1291/941 933/1366/931
f 945/1366/942 934/1291/494 926/1367/486 937/1368/934
f 946/1369/943 935/1292/932 698/1295/698 709/1370/709
f 947/1371/944 936/1296/933 935/1292/932 946/1369/943
f 948/1372/945 937/1373/934 936/1374/933 947/1375/944
f 938/1376/935 949/1303/946 891/1373/891 871/1372/871
f 939/1377/936 950/1302/947 949/1303/946 938/1376/935
f 940/1378/937 951/1304/948 950/1302/947 939/1377/936
f 941/1379/938 952/1305/949 951/1304/948 940/1378/937
f 942/1380/939 953/1306/950 952/1307/949 941/1381/938
f 943/1382/940 954/1308/951 953/1306/950 942/1380/939
f 944/1383/941 955/1309/952 954/1308/951 943/1382/940
f 945/1384/942 956/1310/953 955/1309/952 944/1383/941
f 956/1385/953 945/1311/942 937/1310/934 948/1384/945
f 899/1386/899 957/1312/954 734/1311/734 676/1385/676
f 957/1387/954 958/1313/955 735/1312/735 734/1386/734
f 958/1388/955 959/1314/956 736/1313/736 735/1387/735
f 959/1389/956 960/1315/957 737/1314/737 736/1388/736
f 960/1390/957 961/1316/958 738/1317/738 737/1391/737
f 961/1392/958 962/1318/959 739/1316/739 738/1390/738
f 962/1393/959 963/1319/960 740/1318/740 739/1392/739
f 963/1394/960 964/1320/961 741/1319/741 740/1393/740
f 964/1395/961 946/1321/943 709/1320/709 741/1394/741
f 907/1396/907 965/1322/962 957/1323/954 899/1397/899
f 965/1398/962 966/1324/963 958/1325/955 957/1399/954
f 966/1400/963 967/1326/964 959/1324/956 958/1398/955
f 967/1401/964 968/1327/965 960/1326/957 959/1400/956
f 968/1402/965 969/1328/966 961/1327/958 960/1401/957
f 969/1403/966 970/1329/967 962/1328/959 961/1402/958
f 970/1404/967 971/1330/968 963/1329/960 962/1403/959
f 971/1405/968 972/1331/969 964/1330/961 963/1404/960
f 972/1406/969 947/1332/944 946/1331/943 964/1405/961
f 915/1407/915 973/1408/970 965/1332/962 907/1406/907
f 973/1409/970 974/1410/971 966/1336/963 965/1411/962
f 974/1411/971 975/1336/972 967/1338/964 966/1412/963
f 975/1412/972 976/1413/973 968/1339/965 967/1414/964
f 976/1414/973 977/1339/974 969/1340/966 968/1415/965
f 977/1415/974 978/1340/975 970/1341/967 969/1416/966
f 978/1416/975 979/1341/976 971/1342/968 970/1417/967
f 979/1417/976 980/1342/977 972/1343/969 971/1418/968
f 980/1418/977 948/1343/945 947/1344/944 972/1419/969
f 923/1419/923 981/1344/978 973/1345/970 915/1420/915
f 949/1420/946 981/1345/978 923/1346/923 891/1421/891
f 981/1421/978 982/1346/979 974/1347/971 973/1422/970
f 950/1422/947 982/1347/979 981/1348/978 949/1423/946
f 982/1423/979 983/1348/980 975/1349/972 974/1424/971
f 951/1424/948 983/1349/980 982/1350/979 950/1425/947
f 983/1425/980 984/1350/981 976/1351/973 975/1426/972
f 952/1426/949 984/1351/981 983/1352/980 951/1427/948
f 984/1427/981 985/1352/982 977/1353/974 976/1428/973
f 953/1428/950 985/1353/982 984/1354/981 952/1429/949
f 985/1429/982 986/1354/983 978/1355/975 977/1430/974
f 954/1430/951 986/1355/983 985/1356/982 953/1431/950
f 986/1431/983 987/1356/984 979/1357/976 978/1432/975
f 955/1432/952 987/1357/984 986/1358/983 954/1433/951
f 987/1433/984 988/1358/985 980/1434/977 979/1435/976
f 956/1435/953 988/1434/985 987/1436/984 955/1437/952
f 988/1437/985 956/1436/953 948/1438/945 980/1439/977
