# Blender 4.5.4 LTS
# www.blender.org
mtllib wall.mtl
o lava_wall.001
v -2.569683 0.110814 2.774937
v -4.692239 5.325626 1.564508
v -2.569683 0.110814 -2.000055
v -4.437772 5.208421 -1.067912
v 2.595290 0.110814 2.255752
v 5.278450 5.233250 1.591917
v 2.595290 0.110814 -2.519240
v 5.100918 5.058775 -1.374610
v -2.579291 0.446715 0.752486
v -2.593733 0.893429 0.443726
v -2.626664 1.340144 0.380545
v -2.675913 2.598513 0.361450
v -3.299112 3.671154 0.520112
v -4.260810 4.346850 0.900271
v -4.513265 5.039167 1.210090
v -3.824929 4.818491 -1.249633
v -2.651881 4.180390 -0.759182
v -2.556102 3.123818 0.021937
v -2.729862 2.640245 0.002842
v -2.670891 1.340144 0.021937
v -2.624217 0.893429 -0.035750
v -2.586523 0.446715 -0.203796
v 4.479671 4.487457 -1.249633
v 3.340013 3.907742 -0.759182
v 2.589307 2.940878 0.021937
v 2.595290 2.494163 -0.135565
v 2.595290 1.340144 -0.116471
v 2.595290 0.893429 -0.174157
v 2.595290 0.446715 -0.392337
v 5.035154 5.228542 0.959055
v 4.607179 4.432762 0.712963
v 3.713935 3.430051 0.520112
v 2.595290 2.494163 0.223042
v 2.595290 1.340144 0.242137
v 2.595290 0.893429 0.305319
v 2.595290 0.446715 0.563945
v -4.945512 5.890205 2.016894
v -4.915515 5.775205 -2.031546
v 5.477598 5.697832 -2.325201
v 5.465972 5.830876 2.049132
v -0.178567 0.076493 -2.536153
v 1.454863 4.351823 -1.622719
v -0.178567 0.076493 2.238839
v 0.768040 4.303975 1.369296
v -0.188175 0.412394 0.557804
v -0.202617 0.859108 0.300810
v -0.235548 1.305823 0.237628
v -0.284797 1.752537 0.218533
v -0.269100 2.688426 0.377195
v 0.839317 3.298709 0.753098
v 1.526478 3.715246 0.994231
v -0.195406 0.412394 -0.398479
v -0.233101 0.859108 -0.178666
v -0.279774 1.305823 -0.120979
v -0.319932 1.752537 -0.140074
v -0.325270 2.199252 -0.120979
v -0.315522 3.166116 -0.902099
v 0.611744 3.971383 -1.392550
v 0.444436 4.698540 -2.619028
v 0.382890 4.741748 1.811310
v -1.374124 0.093653 -2.268104
v -2.669174 4.552732 1.439356
v -1.383733 0.429554 0.655145
v -1.398175 0.876269 0.372268
v -1.431106 1.322984 0.309086
v -1.480355 1.769698 0.289992
v -2.392002 2.790682 0.448653
v -2.614628 3.474195 0.824557
v -2.565171 3.889727 1.065689
v -2.878613 5.368520 1.910105
v -2.217218 4.619409 -1.551260
v -1.374125 0.093653 2.506888
v -1.390965 0.429554 -0.301138
v -1.428659 0.876269 -0.107208
v -1.475332 1.322983 -0.049521
v -1.534241 1.769698 -0.068616
v -1.612771 2.216413 -0.049521
v -2.127396 3.371683 -0.830641
v -2.353681 4.243386 -1.321091
v -2.836627 5.168702 -2.519557
v 3.217829 4.747251 -1.492104
v 1.208362 0.093653 2.506888
v 1.191522 0.429554 -0.301138
v 1.176739 0.876269 -0.107208
v 1.176739 1.322983 -0.049521
v 1.176739 1.769698 -0.068616
v 1.171475 2.216413 -0.049521
v 1.574535 3.183277 -0.830641
v 2.652218 3.988543 -1.321091
v 3.108301 5.493064 -2.425999
v 1.208362 0.093653 -2.268104
v 3.122618 4.972458 1.499992
v 1.198753 0.429554 0.655145
v 1.184311 0.876269 0.372268
v 1.176739 1.322983 0.309086
v 1.176739 1.769698 0.289992
v 1.793515 2.705586 0.448653
v 2.785603 3.315870 0.824557
v 3.156479 4.128983 1.127709
v 3.091600 5.629229 1.962831
v -0.678600 4.360404 -1.586990
v -0.776346 0.085073 2.372863
v -0.793186 0.420974 -0.349808
v -0.830880 0.867688 -0.142937
v -0.877553 1.314403 -0.085250
v -0.936462 1.761118 -0.104345
v -1.008265 2.207832 -0.085250
v -1.384231 3.174697 -0.866370
v -1.241831 4.069404 -1.356821
v -1.435336 4.781960 -2.583299
v -0.776346 0.085073 -2.402128
v -1.122675 4.319407 1.404326
v -0.785954 0.420974 0.606474
v -0.800396 0.867688 0.336539
v -0.833327 1.314403 0.273357
v -0.882576 1.761118 0.254263
v -1.401532 2.697006 0.412924
v -1.011197 3.307290 0.788828
v -0.710622 3.723826 1.029960
v -1.489121 4.757180 1.846340
v 4.159373 4.903013 -1.433357
v 1.901826 0.102234 2.640912
v 1.893406 0.438134 -0.252467
v 1.886014 0.884849 -0.071479
v 1.886014 1.331563 -0.013792
v 1.886014 1.778278 -0.032887
v 1.880391 2.224993 -0.013792
v 2.457274 3.191857 -0.794912
v 3.565945 3.997123 -1.285362
v 4.292949 5.595448 -2.375600
v 1.901826 0.102234 -2.134079
v 4.200534 5.102854 1.545955
v 1.897022 0.438134 0.703815
v 1.889801 0.884849 0.407997
v 1.886014 1.331563 0.344816
v 1.886014 1.778278 0.325721
v 2.753725 2.714166 0.484383
v 3.696391 3.436774 0.877852
v 4.095816 4.282090 1.186041
v 4.278786 5.730053 2.005982
v -6.763312 -0.984188 -6.691443
v -6.763312 -0.984188 8.834970
v -3.700397 -1.001349 -7.563036
v 6.468890 -0.984188 7.146783
v 6.468890 -0.984188 -8.379630
v 4.692297 -0.992768 8.399175
v 2.915703 -1.001349 -7.563036
v -0.637484 -1.018509 -8.434624
v -2.168941 -1.009929 7.527582
v -0.637484 -1.018509 7.091787
v -2.168941 -1.009929 -7.998829
v -3.700397 -1.001349 7.963380
v 2.915704 -1.001349 7.963380
v 4.692297 -0.992768 -7.127238
vn -0.0920 0.9887 0.1181
vn -0.5291 -0.6437 0.5528
vn -0.1378 0.9848 -0.1057
vn -0.6487 -0.7331 -0.2044
vn 0.1721 0.9802 0.0981
vn 0.2000 -0.6965 0.6891
vn 0.0280 0.9855 -0.1675
vn 0.2845 -0.8031 -0.5235
vn -0.6259 0.6368 0.4502
vn -0.4946 0.2579 0.8299
vn -0.4112 0.0412 0.9106
vn -0.5449 -0.2286 0.8067
vn -0.7044 -0.7094 0.0232
vn -0.5389 -0.7425 0.3979
vn -0.5182 -0.7616 0.3891
vn -0.4134 -0.2779 -0.8671
vn -0.6347 -0.6568 -0.4072
vn -0.6352 -0.3528 -0.6871
vn -0.4415 -0.0316 -0.8967
vn -0.5519 0.0065 -0.8339
vn -0.5570 0.1688 -0.8132
vn -0.7023 0.4769 -0.5285
vn 0.3965 -0.6576 -0.6406
vn 0.5426 -0.7818 -0.3071
vn 0.5902 -0.4894 -0.6420
vn 0.2191 0.0480 -0.9745
vn 0.3828 0.0480 -0.9226
vn 0.4152 0.2482 -0.8752
vn 0.6045 0.6443 -0.4685
vn 0.5566 -0.8011 0.2200
vn 0.7065 -0.6905 0.1550
vn 0.6832 -0.6994 -0.2101
vn 0.8711 -0.4895 0.0397
vn 0.5754 0.0656 0.8152
vn 0.6380 0.2417 0.7311
vn 0.7102 0.5248 0.4692
vn -0.4326 -0.6310 0.6439
vn -0.4345 -0.8538 -0.2868
vn 0.0954 -0.8432 -0.5291
vn 0.0302 -0.6033 0.7969
vn -0.0011 0.9845 -0.1753
vn 0.1030 -0.6781 -0.7277
vn 0.0031 0.9797 0.2007
vn 0.0534 -0.5606 0.8264
vn 0.0041 0.7696 0.6385
vn 0.0039 0.3193 0.9477
vn 0.0042 0.0928 0.9957
vn 0.0043 -0.0535 0.9986
vn 0.0029 -0.3332 0.9429
vn -0.0040 -0.4939 0.8695
vn 0.0187 -0.4454 0.8952
vn -0.0015 0.7817 -0.6236
vn -0.0041 0.2787 -0.9604
vn -0.0052 0.0419 -0.9991
vn -0.0054 -0.0027 -1.0000
vn -0.0020 -0.2907 -0.9568
vn -0.0071 -0.5664 -0.8241
vn -0.0002 -0.5242 -0.8516
vn 0.0813 -0.9018 -0.4245
vn 0.0675 -0.6613 0.7471
vn -0.0267 0.9838 -0.1774
vn -0.1615 -0.6028 0.7814
vn 0.0604 0.8042 0.5912
vn 0.0653 0.3373 0.9391
vn 0.0628 0.0912 0.9938
vn 0.0481 -0.0340 0.9983
vn -0.1049 -0.3463 0.9322
vn -0.1979 -0.5715 0.7964
vn -0.1239 -0.5146 0.8485
vn -0.1440 -0.5967 0.7894
vn -0.2162 -0.7193 -0.6602
vn 0.0544 0.9784 0.1996
vn -0.0441 0.7350 -0.6766
vn -0.0590 0.2521 -0.9659
vn -0.0612 0.0412 -0.9973
vn -0.0603 -0.0085 -0.9981
vn -0.1312 -0.1853 -0.9739
vn -0.3946 -0.5561 -0.7315
vn -0.2608 -0.5844 -0.7684
vn -0.2955 -0.8947 -0.3349
vn 0.1491 -0.5218 -0.8399
vn -0.0459 0.9794 0.1965
vn 0.0368 0.7438 -0.6674
vn 0.0495 0.2646 -0.9631
vn 0.0491 0.0436 -0.9978
vn 0.0492 0.0008 -0.9988
vn 0.0478 -0.2863 -0.9570
vn 0.0383 -0.5952 -0.8027
vn 0.1235 -0.5241 -0.8426
vn 0.1698 -0.7739 -0.6101
vn 0.0234 0.9838 -0.1780
vn 0.0612 -0.5092 0.8585
vn -0.0524 0.7983 0.6000
vn -0.0559 0.3288 0.9428
vn -0.0512 0.0897 0.9947
vn -0.0451 -0.0530 0.9976
vn -0.0320 -0.3129 0.9492
vn -0.0085 -0.4386 0.8986
vn 0.0170 -0.3929 0.9194
vn 0.0745 -0.5911 0.8031
vn -0.0718 -0.7545 -0.6524
vn 0.0553 0.9771 0.2053
vn -0.0423 0.7508 -0.6592
vn -0.0585 0.2659 -0.9622
vn -0.0589 0.0359 -0.9976
vn -0.0582 -0.0072 -0.9983
vn -0.0735 -0.2860 -0.9554
vn -0.0958 -0.5531 -0.8276
vn -0.0840 -0.4980 -0.8631
vn -0.1562 -0.9293 -0.3346
vn -0.0257 0.9848 -0.1716
vn -0.0368 -0.5995 0.7995
vn 0.0618 0.7915 0.6080
vn 0.0655 0.3268 0.9428
vn 0.0608 0.0966 0.9935
vn 0.0494 -0.0495 0.9975
vn 0.0168 -0.3192 0.9475
vn -0.0068 -0.5119 0.8590
vn -0.0063 -0.5146 0.8574
vn -0.0990 -0.6575 0.7469
vn 0.1445 -0.5678 -0.8104
vn 0.0114 0.9837 0.1795
vn -0.0518 0.6965 -0.7157
vn -0.0489 0.2545 -0.9658
vn -0.0426 0.0463 -0.9980
vn -0.0500 0.0094 -0.9987
vn -0.0093 -0.1635 -0.9865
vn 0.3023 -0.6633 -0.6846
vn 0.2126 -0.6982 -0.6836
vn 0.1149 -0.8091 -0.5763
vn -0.0331 0.9819 -0.1862
vn 0.1303 -0.6111 0.7807
vn 0.0260 0.8371 0.5464
vn 0.0441 0.3436 0.9381
vn 0.0418 0.0873 0.9953
vn 0.0478 -0.0533 0.9974
vn 0.2939 -0.6134 0.7330
vn 0.3299 -0.6050 0.7246
vn 0.2850 -0.5130 0.8097
vn 0.0291 -0.5949 0.8033
vn -0.5225 -0.0560 -0.8508
vn -0.2555 -0.0284 0.9664
vn -0.2466 -0.0531 -0.9676
vn 0.7040 -0.0826 0.7054
vn 0.2095 -0.0065 -0.9778
vn 0.1150 -0.0311 0.9929
vn 0.2146 -0.0527 -0.9753
vn -0.0135 -0.0366 -0.9992
vn 0.2670 -0.0731 0.9609
vn 0.0357 -0.0884 0.9954
vn -0.2464 -0.0521 -0.9678
vn 0.2670 -0.0727 0.9609
vn -0.2329 -0.0654 0.9703
vn -0.3826 -0.1878 -0.9046
vt 0.259694 0.942252
vt 0.265116 0.955642
vt 0.181619 0.881247
vt 0.179014 0.856926
vt 0.097691 0.634391
vt 0.054791 0.294117
vt 0.094686 0.458196
vt 0.550275 0.032276
vt 0.554568 0.014436
vt 0.818610 0.053173
vt 0.764274 0.048293
vt 0.684334 0.959730
vt 0.596009 0.977589
vt 0.178923 0.281372
vt 0.215852 0.236612
vt 0.278055 0.333933
vt 0.254277 0.366276
vt 0.000000 0.378536
vt 0.089457 0.652981
vt 0.083045 0.761776
vt 0.764710 0.839293
vt 0.726566 0.913061
vt 0.607737 0.849113
vt 0.737144 0.831135
vt 0.726946 0.917925
vt 0.560112 0.832913
vt 0.724923 0.921735
vt 0.562005 0.868046
vt 0.722834 0.925140
vt 0.594054 0.921156
vt 0.677123 0.939109
vt 0.327139 0.884306
vt 0.676785 0.950450
vt 0.263383 0.925615
vt 0.290839 0.213912
vt 0.458460 0.210458
vt 0.553608 0.299372
vt 0.693549 0.436130
vt 0.474352 0.211239
vt 0.546309 0.284292
vt 0.486583 0.184331
vt 0.556628 0.204516
vt 0.405445 0.148076
vt 0.613901 0.201136
vt 0.475159 0.134927
vt 0.699648 0.140241
vt 0.521367 0.070368
vt 0.730168 0.063951
vt 0.281997 0.208747
vt 0.382565 0.173467
vt 0.380896 0.168990
vt 0.359855 0.160836
vt 0.347542 0.155369
vt 0.295725 0.156650
vt 0.241017 0.145886
vt 0.146048 0.186268
vt 0.085585 0.248373
vt 0.075002 0.219877
vt 0.481710 0.721001
vt 0.282845 0.512523
vt 0.499858 0.763260
vt 0.518079 0.843620
vt 0.247489 0.668434
vt 0.278732 0.764933
vt 0.199537 0.833566
vt 0.156351 0.134051
vt 0.082575 0.183448
vt 0.091111 0.129818
vt 0.264768 0.973513
vt 0.144247 0.873269
vt 0.849136 0.304539
vt 0.866110 0.136543
vt 0.880695 0.223056
vt 0.044275 0.269841
vt 0.334910 0.019045
vt 0.388184 0.066659
vt 0.382094 0.088462
vt 0.169878 0.146345
vt 0.787447 0.968258
vt 0.896595 0.846730
vt 0.920343 0.879391
vt 0.767332 1.000000
vt 0.088779 0.321002
vt 0.073377 0.310949
vt 0.100672 0.260293
vt 0.091481 0.323541
vt 0.105894 0.262405
vt 0.093403 0.325795
vt 0.115396 0.259786
vt 0.095824 0.329094
vt 0.122055 0.260141
vt 0.099402 0.333831
vt 0.127440 0.263590
vt 0.148085 0.322661
vt 0.868466 0.608894
vt 0.882415 0.603661
vt 0.878565 0.780661
vt 0.849592 0.817426
vt 0.857777 0.630591
vt 0.791149 0.899319
vt 0.848301 0.631416
vt 0.784323 0.892124
vt 0.844632 0.628272
vt 0.782265 0.887106
vt 0.839888 0.620623
vt 0.780433 0.881472
vt 0.832820 0.610128
vt 0.778111 0.875036
vt 0.783276 0.579169
vt 0.781267 0.813842
vt 0.313489 0.314942
vt 0.298929 0.323542
vt 0.901631 0.600996
vt 0.177032 0.534033
vt 0.151271 0.383038
vt 0.168856 0.531518
vt 0.161216 0.529948
vt 0.157591 0.531493
vt 0.145448 0.517165
vt 0.379776 0.000000
vt 0.396867 0.989064
vt 0.032162 0.188025
vt 0.783626 0.931229
vt 0.800438 0.935562
vt 0.761660 0.925039
vt 0.768661 0.908094
vt 0.767459 0.904113
vt 0.766168 0.897861
vt 0.765452 0.888999
vt 0.773618 0.827444
vt 0.829293 0.347036
vt 0.756085 0.519172
vt 0.711034 0.379289
vt 0.749778 0.393816
vt 0.777338 0.402599
vt 0.783840 0.403141
vt 0.796526 0.398121
vt 0.801226 0.359134
vt 0.920343 0.583313
vt 0.173006 0.192918
vt 0.180938 0.193873
vt 0.187590 0.195382
vt 0.193321 0.198134
vt 0.200597 0.200568
vt 0.236575 0.373292
vt 0.224416 0.385109
vt 0.215241 0.420203
vt 0.679049 0.538753
vt 0.686708 0.515846
vt 0.687845 0.492266
vt 0.665610 0.595824
vt 0.655687 0.610454
vt 0.645441 0.622346
vt 0.632994 0.647516
s 1
f 15/1/15 2/2/2 4/3/4 16/4/16
f 79/5/79 109/6/109 78/7/78
f 23/8/23 8/9/8 6/10/6 30/11/30
f 69/12/69 62/13/62 2/2/2 15/1/15
f 41/14/41 91/15/91 147/16/147 148/17/148
f 110/18/110 71/19/71 80/20/80
f 72/21/72 63/22/63 9/23/9 1/24/1
f 63/22/63 64/25/64 10/26/10 9/23/9
f 64/25/64 65/27/65 11/28/11 10/26/10
f 65/27/65 66/29/66 12/30/12 11/28/11
f 66/29/66 67/31/67 13/32/13 12/30/12
f 67/31/67 68/33/68 14/34/14 13/32/13
f 68/33/68 69/12/69 15/1/15 14/34/14
f 7/35/7 29/36/29 36/37/36 5/38/5
f 29/36/29 28/39/28 35/40/35 36/37/36
f 28/39/28 27/41/27 34/42/34 35/40/35
f 27/41/27 26/43/26 33/44/33 34/42/34
f 26/43/26 25/45/25 32/46/32 33/44/33
f 25/45/25 24/47/24 31/48/31 32/46/32
f 24/47/24 23/8/23 30/11/30 31/48/31
f 131/49/131 123/50/123 29/36/29 7/35/7
f 123/50/123 124/51/124 28/39/28 29/36/29
f 124/51/124 125/52/125 27/41/27 28/39/28
f 125/52/125 126/53/126 26/43/26 27/41/27
f 126/53/126 127/54/127 25/45/25 26/43/26
f 127/54/127 128/55/128 24/47/24 25/45/25
f 88/56/88 57/57/57 58/58/58
f 1/24/1 9/23/9 22/59/22 3/60/3
f 9/23/9 10/26/10 21/61/21 22/59/22
f 10/26/10 11/28/11 20/62/20 21/61/21
f 11/28/11 12/30/12 19/63/19 20/62/20
f 12/30/12 13/32/13 18/64/18 19/63/19
f 13/32/13 14/34/14 17/65/17 18/64/18
f 14/34/14 15/1/15 16/4/16 17/65/17
f 81/66/81 42/67/42 90/68/90
f 4/3/4 37/69/37 38/70/38
f 132/71/132 6/10/6 40/72/40 140/73/140
f 109/6/109 101/74/101 58/58/58
f 81/66/81 130/75/130 121/76/121
f 101/74/101 71/19/71 110/18/110
f 129/77/129 89/78/89 81/66/81
f 121/76/121 8/9/8 23/8/23
f 90/68/90 130/75/130 81/66/81
f 71/19/71 101/74/101 109/6/109
f 112/79/112 44/80/44 60/81/60 120/82/120
f 24/47/24 128/55/128 89/78/89
f 107/83/107 108/84/108 57/57/57 56/85/56
f 106/86/106 107/83/107 56/85/56 55/87/55
f 105/88/105 106/86/106 55/87/55 54/89/54
f 104/90/104 105/88/105 54/89/54 53/91/53
f 103/92/103 104/90/104 53/91/53 52/93/52
f 111/94/111 103/92/103 52/93/52 41/14/41
f 98/95/98 99/96/99 51/97/51 50/98/50
f 97/99/97 98/95/98 50/98/50 49/100/49
f 96/101/96 97/99/97 49/100/49 48/102/48
f 95/103/95 96/101/96 48/102/48 47/104/47
f 94/105/94 95/103/95 47/104/47 46/106/46
f 93/107/93 94/105/94 46/106/46 45/108/45
f 82/109/82 93/107/93 45/108/45 43/110/43
f 131/49/131 7/35/7 145/111/145 154/112/154
f 99/96/99 92/113/92 44/80/44 51/97/51
f 109/6/109 58/58/58 57/57/57
f 78/7/78 17/65/17 79/5/79
f 91/15/91 131/49/131 154/112/154 147/16/147
f 3/60/3 22/59/22 73/114/73 61/115/61
f 22/59/22 21/61/21 74/116/74 73/114/73
f 21/61/21 20/62/20 75/117/75 74/116/74
f 20/62/20 19/63/19 76/118/76 75/117/75
f 19/63/19 18/64/18 77/119/77 76/118/76
f 18/64/18 17/65/17 78/7/78 77/119/77
f 130/75/130 39/120/39 8/9/8
f 2/2/2 62/13/62 70/121/70 37/69/37
f 89/78/89 58/58/58 42/67/42
f 59/122/59 90/68/90 42/67/42
f 42/67/42 81/66/81 89/78/89
f 118/123/118 119/124/119 69/12/69 68/33/68
f 117/125/117 118/123/118 68/33/68 67/31/67
f 116/126/116 117/125/117 67/31/67 66/29/66
f 115/127/115 116/126/116 66/29/66 65/27/65
f 114/128/114 115/127/115 65/27/65 64/25/64
f 113/129/113 114/128/114 64/25/64 63/22/63
f 102/130/102 113/129/113 63/22/63 72/21/72
f 119/124/119 112/79/112 62/13/62 69/12/69
f 139/131/139 132/71/132 92/113/92 99/96/99
f 122/132/122 133/133/133 93/107/93 82/109/82
f 133/133/133 134/134/134 94/105/94 93/107/93
f 134/134/134 135/135/135 95/103/95 94/105/94
f 135/135/135 136/136/136 96/101/96 95/103/95
f 136/136/136 137/137/137 97/99/97 96/101/96
f 137/137/137 138/138/138 98/95/98 97/99/97
f 138/138/138 139/131/139 99/96/99 98/95/98
f 81/66/81 121/76/121 23/8/23
f 101/74/101 110/18/110 59/122/59
f 108/84/108 78/7/78 109/6/109
f 44/80/44 92/113/92 100/139/100 60/81/60
f 128/55/128 88/56/88 89/78/89
f 56/85/56 57/57/57 88/56/88 87/140/87
f 55/87/55 56/85/56 87/140/87 86/141/86
f 54/89/54 55/87/55 86/141/86 85/142/85
f 53/91/53 54/89/54 85/142/85 84/143/84
f 52/93/52 53/91/53 84/143/84 83/144/83
f 41/14/41 52/93/52 83/144/83 91/15/91
f 61/115/61 111/94/111 151/145/151 143/146/143
f 17/65/17 16/4/16 79/5/79
f 51/97/51 44/80/44 112/79/112 119/124/119
f 43/110/43 45/108/45 113/129/113 102/130/102
f 45/108/45 46/106/46 114/128/114 113/129/113
f 46/106/46 47/104/47 115/127/115 114/128/114
f 47/104/47 48/102/48 116/126/116 115/127/115
f 48/102/48 49/100/49 117/125/117 116/126/116
f 49/100/49 50/98/50 118/123/118 117/125/117
f 50/98/50 51/97/51 119/124/119 118/123/118
f 101/74/101 42/67/42 58/58/58
f 42/67/42 101/74/101 59/122/59
f 23/8/23 129/77/129 81/66/81
f 89/78/89 129/77/129 24/47/24
f 3/60/3 61/115/61 143/146/143 141/147/141
f 61/115/61 73/114/73 103/92/103 111/94/111
f 73/114/73 74/116/74 104/90/104 103/92/103
f 74/116/74 75/117/75 105/88/105 104/90/104
f 75/117/75 76/118/76 106/86/106 105/88/105
f 76/118/76 77/119/77 107/83/107 106/86/106
f 77/119/77 78/7/78 108/84/108 107/83/107
f 129/77/129 23/8/23 24/47/24
f 62/13/62 112/79/112 120/82/120 70/121/70
f 16/4/16 4/3/4 71/19/71
f 4/3/4 38/70/38 80/20/80
f 71/19/71 4/3/4 80/20/80
f 31/48/31 30/11/30 139/131/139 138/138/138
f 32/46/32 31/48/31 138/138/138 137/137/137
f 33/44/33 32/46/32 137/137/137 136/136/136
f 34/42/34 33/44/33 136/136/136 135/135/135
f 35/40/35 34/42/34 135/135/135 134/134/134
f 36/37/36 35/40/35 134/134/134 133/133/133
f 5/38/5 36/37/36 133/133/133 122/132/122
f 30/11/30 6/10/6 132/71/132 139/131/139
f 92/113/92 132/71/132 140/73/140 100/139/100
f 89/78/89 88/56/88 58/58/58
f 87/140/87 88/56/88 128/55/128 127/54/127
f 86/141/86 87/140/87 127/54/127 126/53/126
f 85/142/85 86/141/86 126/53/126 125/52/125
f 84/143/84 85/142/85 125/52/125 124/51/124
f 83/144/83 84/143/84 124/51/124 123/50/123
f 91/15/91 83/144/83 123/50/123 131/49/131
f 122/132/122 82/109/82 153/148/153 146/149/146
f 108/84/108 109/6/109 57/57/57
f 121/76/121 130/75/130 8/9/8
f 109/6/109 79/5/79 71/19/71
f 79/5/79 16/4/16 71/19/71
f 4/3/4 2/2/2 37/69/37
f 154/112/154 145/111/145 144/150/144 146/149/146
f 151/145/151 148/17/148 150/151/150 149/152/149
f 141/147/141 143/146/143 152/153/152 142/154/142
f 148/17/148 147/16/147 153/148/153 150/151/150
f 143/146/143 151/145/151 149/152/149 152/153/152
f 147/16/147 154/112/154 146/149/146 153/148/153
f 7/35/7 5/38/5 144/150/144 145/111/145
f 102/130/102 72/21/72 152/153/152 149/152/149
f 1/24/1 3/60/3 141/147/141 142/154/142
f 72/21/72 1/24/1 142/154/142 152/153/152
f 43/110/43 102/130/102 149/152/149 150/151/150
f 82/109/82 43/110/43 150/151/150 153/148/153
f 111/94/111 41/14/41 148/17/148 151/145/151
f 5/38/5 122/132/122 146/149/146 144/150/144
o Sphere
v 1.076617 -0.035792 -0.027997
v 0.688783 -0.099350 -0.070771
v 0.552039 -0.127422 -0.383694
v 0.690155 0.025296 -0.653277
v 1.841408 0.320706 -0.055571
v 1.624404 0.079562 -0.061845
v 1.415519 -0.043532 -0.152552
v 1.252855 0.087514 -0.568744
v 0.822146 0.007861 -0.636631
v 0.747058 0.005608 -0.655334
v 0.769656 0.019185 -0.658785
v 2.059369 0.273227 -0.101311
v 1.995595 0.090692 -0.144964
v 1.753620 0.013005 -0.312852
v 1.308651 0.080619 -0.604370
v 1.301212 0.079893 -0.604298
v 1.130041 0.046483 -0.634765
v 0.886019 0.020699 -0.665840
v 2.130350 0.264582 -0.110991
v 2.038477 0.095928 -0.150879
v 1.454220 0.115378 -0.560108
v 1.430089 0.109094 -0.571680
v 1.278842 0.070032 -0.617972
v 1.229539 0.050252 -0.644734
v 1.175295 0.028216 -0.697215
v 2.210267 0.310061 -0.111601
v 2.338470 0.126469 -0.182883
v 2.099340 -0.083240 -0.361064
v 2.130915 -0.073764 -0.471199
v 1.820668 0.087475 -0.612852
v 1.204193 0.049536 -0.642176
v 1.407556 0.043121 -0.726758
v 2.327606 0.416433 -0.147891
v 2.540449 0.233888 -0.240933
v 2.547877 0.059880 -0.397194
v 2.373982 0.030251 -0.608158
v 2.126692 0.033584 -0.763906
v 1.702408 0.083490 -0.750818
v 1.475890 0.060834 -0.730718
v 2.354768 0.525520 -0.197304
v 2.523487 0.461969 -0.335290
v 2.555789 0.377134 -0.509235
v 2.462894 0.287179 -0.685050
v 2.221663 0.231435 -0.828781
v 1.856020 0.167223 -0.846383
v 1.419199 0.077612 -0.696003
v 2.328340 0.620115 -0.225060
v 2.489599 0.633174 -0.370364
v 2.497584 0.598787 -0.528530
v 2.372776 0.531282 -0.668001
v 2.147307 0.437478 -0.812598
v 1.815286 0.243268 -0.810496
v 1.395677 0.093130 -0.666579
v 2.265602 0.700556 -0.230704
v 2.401628 0.807118 -0.370151
v 2.382234 0.811880 -0.533007
v 2.185045 0.619801 -0.536663
v 2.004154 0.436761 -0.542990
v 1.678140 0.211522 -0.679118
v 1.312780 0.102743 -0.629194
v 0.966617 0.053769 -0.627654
v 2.024634 0.553209 -0.110937
v 2.164253 0.766992 -0.217440
v 2.238027 0.979085 -0.348692
v 2.183651 1.066248 -0.506033
v 2.025580 0.977594 -0.569537
v 1.896650 0.560400 -0.477952
v 1.676021 0.234116 -0.537616
v 1.139958 0.085707 -0.591548
v 1.987253 0.777189 -0.199035
v 1.992497 1.055364 -0.329396
v 1.908368 1.111137 -0.454202
v 1.769597 0.976977 -0.439969
v 1.678275 0.606165 -0.444696
v 1.110215 0.150421 -0.525568
v 1.028740 0.106548 -0.554534
v 1.705688 0.678261 -0.191142
v 1.498014 0.895458 -0.416652
v 1.441688 0.846915 -0.405951
v 1.234801 0.733985 -0.376302
v 1.088004 0.583760 -0.444138
v 0.865727 0.180573 -0.529833
v 0.875595 0.086391 -0.570090
v 1.525224 0.567996 -0.196903
v 1.313719 0.758478 -0.380564
v 1.250587 0.736658 -0.377358
v 1.130755 0.674980 -0.399601
v 0.961595 0.677158 -0.401578
v 0.601286 0.457506 -0.578010
v 0.741860 0.083335 -0.583984
v 1.470380 0.540060 -0.087844
v 1.162848 0.731239 -0.104149
v 0.997784 0.736243 -0.183823
v 0.832112 0.700071 -0.327493
v 0.699594 0.591984 -0.434507
v 0.502218 0.450119 -0.632537
v 0.655190 0.094788 -0.608126
v 1.436916 0.488527 -0.013698
v 1.068040 0.516396 -0.003574
v 0.699893 0.581233 -0.158846
v 0.740832 0.611188 -0.196657
v 0.523868 0.465728 -0.332891
v 0.309327 0.376268 -0.627616
v 0.602253 0.089174 -0.620721
v 1.505497 0.339048 0.014912
v 1.058402 0.095982 0.041662
v 0.798779 0.136786 0.047278
v 0.487544 0.106809 -0.047235
v 0.329847 0.078462 -0.612456
v 0.312631 0.175704 -0.629802
v 0.628293 0.051280 -0.637374
v 1.664734 0.303448 -0.033593
v 1.321656 0.011180 -0.052451
v 0.537656 -0.019734 -0.622978
v 0.640086 0.073040 0.467452
v 0.762224 0.216229 0.862681
v -0.149957 0.375339 1.095988
v -1.807618 0.771384 0.886268
v 0.176977 0.166903 -0.599117
v 0.154526 -0.055535 -0.033659
v 0.054629 -0.098236 0.228427
v -0.735315 0.007880 0.259595
v -0.712866 0.029087 0.709218
v -1.235369 0.322756 0.815612
v -1.840457 0.611571 0.808397
v -0.011147 -0.101980 -0.635481
v -0.148611 -0.220746 -0.466438
v -0.688577 -0.207736 0.000034
v -1.206870 0.026298 0.295807
v -1.197873 0.030471 0.299026
v -1.372678 0.123684 0.457279
v -1.972292 0.492916 0.724575
v -0.092947 -0.131071 -0.680042
v -0.139559 -0.243121 -0.623010
v -0.969271 -0.010881 0.138890
v -1.059564 0.005708 0.170403
v -1.296899 0.033556 0.337073
v -1.530081 0.068172 0.415923
v -2.216293 0.325143 0.577012
v -0.138716 -0.069217 -0.697143
v -0.524422 -0.382964 -0.708300
v -1.195427 -0.380121 -0.261327
v -1.567423 -0.323085 -0.209643
v -1.811697 -0.366781 0.051193
v -1.497625 0.083324 0.427655
v -2.399271 0.297906 0.467787
v -0.261352 0.022417 -0.740669
v -0.696663 -0.276937 -0.762687
v -1.329122 -0.289704 -0.420910
v -2.091004 -0.235357 -0.190524
v -2.549327 -0.074589 0.005665
v -2.550594 0.179685 0.286010
v -2.623377 0.397393 0.438128
v -0.416841 0.217288 -0.763872
v -1.004672 0.072141 -0.788618
v -1.890890 0.079634 -0.662989
v -2.528959 0.071778 -0.438150
v -2.912825 0.174838 -0.140888
v -2.895658 0.373115 0.160594
v -2.655238 0.638777 0.407478
v -0.582859 0.426169 -0.776683
v -1.250057 0.465675 -0.795233
v -1.942448 0.505619 -0.736008
v -2.414771 0.533546 -0.527683
v -2.834109 0.763933 -0.190092
v -2.799814 0.825323 0.109301
v -2.562630 0.784506 0.348323
v -0.651100 0.640653 -0.781944
v -1.291606 0.846934 -0.840000
v -1.924269 0.951865 -0.764931
v -1.817402 0.738594 -0.531482
v -1.812585 0.812383 -0.299396
v -2.468532 1.106622 0.047666
v -2.386700 0.937584 0.318276
v -2.231956 0.938272 0.601262
v -0.086223 0.506610 -0.570869
v -0.614418 0.827587 -0.754157
v -1.176796 1.250765 -0.849427
v -1.728745 1.504142 -0.766695
v -1.966590 1.514599 -0.549625
v -1.536297 0.854000 -0.357067
v -1.737574 0.801162 -0.116669
v -1.805715 0.740182 0.338131
v -0.484482 0.935825 -0.558442
v -0.957227 1.510656 -0.723305
v -1.379298 1.729099 -0.615934
v -1.509880 1.619691 -0.421389
v -1.362621 1.082027 -0.261986
v -1.584507 1.213253 0.177953
v -1.700334 1.131510 0.311830
v -0.247626 0.909211 -0.499991
v -0.687457 1.632341 -0.356219
v -0.866245 1.786058 -0.226306
v -0.985981 1.442511 0.022886
v -1.258493 1.367756 0.136287
v -1.380383 1.335079 0.280564
v -1.802780 1.195204 0.466405
v -0.172219 0.820347 -0.497211
v -0.672259 1.447942 -0.129743
v -1.115831 1.391689 0.024742
v -1.205132 1.385746 0.118954
v -0.814361 1.484144 0.200409
v -1.085937 1.401098 0.538886
v -1.817364 1.237714 0.603019
v 0.063491 0.876656 -0.341302
v 0.275119 1.363358 -0.040721
v 0.093746 1.507520 0.107107
v -0.298771 1.479358 0.273939
v -0.637528 1.476709 0.427781
v -1.113178 1.466509 0.697583
v -1.895359 1.272182 0.723559
v 0.319123 0.761003 -0.264367
v 0.686259 1.005548 0.122578
v 0.382491 1.412710 0.433371
v 0.210985 1.455193 0.382878
v -0.127831 1.401323 0.653124
v -0.989356 1.377064 0.906549
v -1.871920 1.189107 0.848997
v 0.425845 0.400492 -0.142589
v 0.887916 0.277550 0.374745
v 1.091827 0.503557 0.569205
v 0.974344 0.682507 0.898653
v 0.180052 0.866686 1.103816
v -0.827118 1.056388 1.063834
v -1.814265 0.984841 0.904797
v 0.268696 0.229135 -0.618528
v 0.380763 0.013521 0.241015
v -1.032787 0.558380 1.015624
v 2.033377 2.524149 0.164910
v 2.471290 2.675333 0.132212
v 2.445130 2.987973 -0.102622
v 1.909557 3.246737 -0.624004
v 1.162930 2.165601 0.008867
v 1.393733 2.397593 0.118554
v 1.577355 2.590226 0.109793
v 1.386287 2.780483 -0.082834
v 1.807609 3.018702 -0.090442
v 1.834552 3.122350 -0.290384
v 1.784053 3.313140 -0.623527
v 0.911000 2.235828 0.016337
v 0.954291 2.442347 0.075495
v 1.096842 2.690176 -0.006940
v 1.275814 2.902087 -0.190763
v 1.282957 2.900778 -0.190055
v 1.404576 3.018451 -0.246594
v 1.535784 3.403311 -0.583628
v 0.833020 2.247869 0.019453
v 0.906921 2.440794 0.071499
v 1.196317 2.780021 -0.123483
v 1.201809 2.811213 -0.149194
v 1.288654 2.950029 -0.207783
v 1.302821 3.061926 -0.251580
v 1.103366 3.424731 -0.619767
v 0.750763 2.203691 0.000918
v 0.580698 2.424579 0.060404
v 0.736667 2.816846 0.003353
v 0.649998 2.944434 -0.082821
v 0.843837 3.007292 -0.191196
v 1.325906 3.051888 -0.253152
v 0.964031 3.409182 -0.630908
v 0.610587 2.142761 -0.078228
v 0.277709 2.352473 -0.004620
v 0.104657 2.740504 -0.012775
v 0.330193 2.989850 -0.243387
v 0.761940 3.347301 -0.735562
v 0.891881 3.383987 -0.682693
v 0.941786 3.385473 -0.693018
v 0.558291 2.101625 -0.178033
v 0.226451 2.246712 -0.235625
v -0.016745 2.542333 -0.355376
v 0.241363 2.840724 -0.457923
v 0.557985 3.135742 -0.893719
v 0.872593 3.296309 -0.802243
v 1.018419 3.333357 -0.767828
v 0.573674 2.054391 -0.256137
v 0.340437 2.189322 -0.372645
v 0.234329 2.393536 -0.497100
v 0.339359 2.623220 -0.595545
v 0.613073 2.887306 -0.913565
v 0.770652 3.106033 -0.875464
v 1.059251 3.277716 -0.822327
v 0.637670 1.998329 -0.310746
v 0.352160 2.001545 -0.474009
v 0.320954 2.228455 -0.665635
v 0.545821 2.440351 -0.643672
v 0.697310 2.541676 -0.541357
v 0.873143 2.828222 -0.893231
v 1.273930 3.110397 -0.889070
v 1.479117 3.296312 -0.777682
v 0.942192 2.012173 -0.150056
v 0.750429 1.936785 -0.344933
v 0.503847 1.800267 -0.658594
v 0.632789 1.983605 -0.703911
v 0.771083 2.129959 -0.700424
v 0.763066 2.444696 -0.668488
v 0.944068 2.573199 -0.763089
v 1.421642 2.917164 -0.881107
v 0.939292 1.921933 -0.350891
v 0.927290 1.740683 -0.699583
v 0.967232 1.885787 -0.694577
v 1.018307 2.043692 -0.700337
v 1.075278 2.332608 -0.732067
v 1.489380 2.565630 -0.756831
v 1.500539 2.770642 -0.849544
v 1.215788 2.012764 -0.312086
v 1.301330 1.975172 -0.581601
v 1.338797 2.098451 -0.589391
v 1.533710 2.293375 -0.627116
v 1.562692 2.418087 -0.676008
v 1.656977 2.524142 -0.732305
v 1.519389 2.853933 -0.861682
v 1.377409 2.116865 -0.253982
v 1.493901 2.096259 -0.553100
v 1.501326 2.305520 -0.642743
v 1.562906 2.383438 -0.658240
v 1.787532 2.313544 -0.590251
v 2.003679 2.568203 -0.674220
v 1.732763 2.913620 -0.848462
v 1.522753 2.042092 -0.173886
v 1.863988 1.935694 -0.318472
v 1.983293 2.025147 -0.404250
v 2.003977 2.228902 -0.475762
v 2.057041 2.383950 -0.565412
v 2.165028 2.665161 -0.669309
v 1.930826 3.012131 -0.785358
v 1.618499 2.018110 -0.084504
v 2.038505 2.026345 -0.122758
v 2.342383 2.165370 -0.323575
v 2.255632 2.167608 -0.369879
v 2.377764 2.422605 -0.424314
v 2.345188 2.790101 -0.596128
v 2.011871 3.084858 -0.710145
v 1.567161 2.110043 0.028785
v 2.097285 2.343582 0.149020
v 2.404486 2.337190 0.109555
v 2.719425 2.500709 0.019650
v 2.713140 2.760206 -0.199795
v 2.421378 2.934055 -0.456643
v 1.993393 3.162467 -0.656606
v 1.361540 2.172814 0.021145
v 1.731516 2.477256 0.138193
v 2.153805 3.109916 -0.332428
v 1.098101 2.097603 0.869319
v 1.695825 2.380752 0.915950
v 1.498303 3.039238 0.898643
v 0.399396 3.761324 0.600823
v -0.192877 1.790807 0.505599
v 0.165136 1.916949 0.771556
v 0.401459 2.163423 0.889324
v -0.000575 2.601281 0.838913
v 0.576814 2.938136 0.975133
v 0.498431 3.335511 0.838898
v 0.230879 3.683084 0.668745
v -0.564737 1.807142 0.580581
v -0.500292 1.945109 0.787983
v -0.369657 2.345934 0.871802
v -0.234411 2.860035 0.822098
v -0.223442 2.859031 0.821402
v -0.091762 3.083913 0.836793
v 0.015345 3.646806 0.702376
v -0.678199 1.800925 0.597653
v -0.570967 1.940518 0.785843
v -0.298397 2.622964 0.809077
v -0.308191 2.692775 0.804564
v -0.231035 2.936410 0.838218
v -0.249146 3.117469 0.869882
v -0.366962 3.651396 0.781393
v -0.800878 1.766513 0.552054
v -1.049796 1.888859 0.779022
v -0.906222 2.397288 0.993363
v -1.099023 2.629951 0.989446
v -0.879938 2.886707 0.927316
v -0.212745 3.113561 0.858412
v -0.629705 3.671088 0.781355
v -1.036704 1.790402 0.435419
v -1.440165 1.926164 0.668117
v -1.620868 2.286872 0.868549
v -1.631620 2.831077 0.877369
v -1.468505 3.282351 0.856043
v -0.985587 3.540838 0.762461
v -0.761530 3.736468 0.682144
v -1.158298 1.880195 0.305779
v -1.577595 2.123679 0.390349
v -1.834422 2.506000 0.486478
v -1.900738 2.946339 0.578367
v -1.714336 3.372678 0.616239
v -1.265995 3.638909 0.599177
v -0.730969 3.766511 0.520458
v -1.168117 1.945763 0.189567
v -1.593734 2.204038 0.182919
v -1.803287 2.557142 0.217291
v -1.790855 2.924207 0.278444
v -1.631377 3.346233 0.361287
v -1.219740 3.572582 0.422534
v -0.700550 3.711698 0.419743
v -1.091797 1.978608 0.087895
v -1.477343 2.230004 -0.031056
v -1.655880 2.603126 -0.046670
v -1.389640 2.698196 0.148516
v -1.171605 2.808163 0.285790
v -1.005337 3.427263 0.236783
v -0.582053 3.636615 0.320186
v -0.143472 3.780443 0.411649
v -0.568371 1.819578 0.244681
v -0.931116 1.986473 0.000055
v -1.217469 2.237021 -0.253466
v -1.321164 2.617333 -0.369926
v -1.184992 2.899780 -0.308015
v -0.964553 2.718051 0.137603
v -0.792634 2.973038 0.252734
v -0.285235 3.331760 0.440662
v -0.652741 2.011522 -0.031339
v -0.805091 2.176650 -0.443937
v -0.828508 2.628345 -0.484568
v -0.715746 2.807644 -0.332295
v -0.653665 2.744500 0.038340
v -0.201856 3.215723 0.102132
v -0.123269 3.344758 0.202257
v -0.240341 2.094208 0.053835
v 0.049729 2.361851 -0.400014
v 0.074865 2.689594 -0.415239
v 0.074335 2.939677 -0.119281
v -0.006071 3.100645 -0.031514
v 0.087736 3.236341 0.044318
v 0.030851 3.524255 0.217131
v -0.004865 2.156301 0.181690
v 0.258715 2.491238 -0.267159
v 0.064064 2.904232 -0.091747
v 0.071629 3.020312 -0.063035
v 0.400150 2.932864 -0.089217
v 0.610340 3.279334 0.117339
v 0.203845 3.645382 0.237062
v 0.255408 1.990445 0.202481
v 0.693902 2.150608 -0.048032
v 0.811511 2.388727 -0.082593
v 0.775630 2.706357 -0.012936
v 0.765079 2.990664 0.037182
v 0.809859 3.426402 0.134441
v 0.317094 3.783373 0.256305
v 0.439997 1.853714 0.272247
v 1.024298 1.992267 0.210603
v 1.344691 2.480823 0.080894
v 1.196969 2.534563 0.039502
v 1.310151 2.899431 0.158807
v 1.107305 3.509308 0.254672
v 0.456199 3.851605 0.345483
v 0.408976 1.777203 0.459713
v 1.204870 1.943199 0.718428
v 1.629379 2.047993 0.652779
v 2.018437 2.404108 0.656656
v 1.864621 2.988891 0.615586
v 1.287863 3.485396 0.492167
v 0.489773 3.823931 0.482517
v 0.099629 1.816613 0.510451
v 0.653720 2.032768 0.827336
v 0.942008 3.442483 0.766310
v 0.434390 3.500793 -0.250699
v 1.129290 3.746482 -0.459536
v 0.565946 3.909754 -0.755242
v -0.310891 3.739902 -1.219961
v -0.400761 2.850539 -0.141132
v -0.219625 3.218758 -0.134339
v -0.121592 3.451613 -0.239156
v -0.502076 3.502453 -0.469219
v -0.173989 3.830251 -0.621306
v -0.256760 3.828913 -0.888834
v -0.445757 3.757735 -1.142267
v -0.720250 2.884564 -0.111558
v -0.752007 3.151132 -0.109551
v -0.756207 3.392995 -0.295550
v -0.723430 3.547443 -0.602409
v -0.714166 3.547984 -0.602954
v -0.654098 3.662479 -0.727032
v -0.619937 3.748245 -1.095325
v -0.812602 2.883980 -0.094709
v -0.806133 3.137600 -0.103477
v -0.730397 3.439712 -0.474349
v -0.748229 3.459214 -0.513616
v -0.740544 3.590919 -0.636805
v -0.802816 3.682813 -0.717803
v -0.982402 3.763608 -1.024600
v -0.890772 2.808748 -0.085917
v -1.170706 3.046427 -0.048546
v -1.228760 3.457021 -0.238964
v -1.434148 3.505454 -0.347356
v -1.294200 3.564021 -0.521680
v -0.767141 3.675959 -0.723918
v -1.211187 3.728223 -1.009744
v -1.054858 2.665309 -0.125805
v -1.460782 2.891979 -0.083288
v -1.738802 3.192529 -0.181282
v -1.878348 3.384555 -0.455451
v -2.146480 3.350532 -0.931772
v -1.650082 3.487977 -1.119201
v -1.410370 3.560800 -1.191488
v -1.141104 2.546922 -0.211343
v -1.548655 2.657428 -0.277433
v -1.864861 2.849268 -0.420675
v -2.083865 2.966915 -0.713626
v -2.025801 3.197336 -0.922409
v -1.742756 3.378414 -1.053718
v -1.244863 3.462595 -1.216907
v -1.139784 2.443811 -0.282184
v -1.531977 2.471125 -0.392614
v -1.809261 2.572917 -0.579083
v -1.813837 2.829236 -0.736823
v -1.814443 3.047271 -0.944672
v -1.587834 3.234123 -1.061662
v -1.134475 3.372720 -1.223518
v -1.077009 2.336199 -0.319234
v -1.406975 2.270577 -0.485980
v -1.619507 2.369221 -0.668860
v -1.440799 2.654700 -0.734132
v -1.406961 2.773645 -0.813067
v -1.365219 3.015617 -1.057598
v -0.932376 3.302605 -1.235853
v -0.612708 3.504409 -1.322945
v -0.617362 2.484475 -0.175528
v -0.930824 2.211555 -0.326543
v -1.164931 2.060233 -0.577823
v -1.305563 2.088912 -0.809525
v -1.173254 2.429959 -0.733341
v -1.115360 2.689246 -0.825325
v -1.084117 2.862944 -0.932327
v -0.600878 3.373821 -1.067794
v -0.567606 2.135612 -0.330307
v -0.813324 2.007486 -0.663077
v -0.910233 2.068696 -0.871538
v -0.823730 2.343907 -0.789253
v -0.816015 2.669839 -0.879532
v -0.373657 3.031064 -1.137812
v -0.320948 3.192589 -1.217037
v -0.161674 2.404780 -0.411495
v -0.315714 2.245817 -0.790113
v -0.261457 2.293378 -0.935984
v -0.208926 2.697708 -0.977169
v -0.227273 2.870668 -1.085847
v -0.131822 3.030775 -1.186510
v -0.230864 3.293334 -1.325242
v -0.177474 2.601343 -0.460320
v -0.181153 2.510252 -0.824996
v -0.277029 2.742948 -0.992211
v -0.218925 2.839000 -1.066851
v 0.041157 2.802135 -1.018044
v 0.208915 3.116900 -1.214670
v -0.170403 3.359146 -1.380773
v 0.001122 2.527496 -0.376598
v 0.363486 2.473109 -0.590627
v 0.393805 2.599424 -0.743752
v 0.331748 2.782800 -0.904884
v 0.321779 2.932333 -1.062706
v 0.285867 3.194815 -1.278393
v -0.159193 3.445092 -1.385089
v 0.214635 2.619493 -0.250363
v 0.572115 2.784321 -0.436706
v 0.895512 2.795471 -0.819729
v 0.719711 2.828738 -0.888276
v 0.646711 3.050671 -0.891091
v 0.420342 3.345127 -1.263362
v -0.161984 3.537204 -1.385136
v 0.113923 2.857955 -0.131616
v 0.590734 3.309490 -0.233698
v 1.284600 3.360991 -0.380667
v 1.062556 3.508564 -0.685655
v 0.836020 3.651148 -0.822785
v 0.408036 3.624620 -1.139010
v -0.209930 3.657447 -1.320271
v -0.173954 2.902203 -0.146521
v 0.118993 3.378295 -0.206651
v 0.066392 3.846456 -0.989509
v 1.859524 1.540605 0.384210
v 2.263162 1.873946 0.295305
v 1.899296 2.246886 0.030403
v 0.827536 2.330103 -0.453896
v 0.949132 0.806521 0.278488
v 1.154048 1.167930 0.404435
v 1.247625 1.463938 0.384623
v 0.789099 1.628904 0.186877
v 1.137019 2.064144 0.137800
v 0.989094 2.200986 -0.109712
v 0.712774 2.245082 -0.359687
v 0.622421 0.806204 0.330156
v 0.586363 1.071232 0.416720
v 0.551226 1.419439 0.315448
v 0.521389 1.738367 0.078414
v 0.530975 1.739269 0.078139
v 0.570733 1.922682 -0.002009
v 0.535187 2.206716 -0.318974
v 0.527504 0.794388 0.346295
v 0.529678 1.053128 0.418331
v 0.541745 1.562269 0.163434
v 0.513879 1.601999 0.133264
v 0.497704 1.801261 0.059367
v 0.421515 1.940279 0.010038
v 0.215642 2.295521 -0.251287
v 0.447599 0.712919 0.330831
v 0.151312 0.923693 0.442477
v 0.059020 1.445542 0.387836
v -0.170735 1.555710 0.297840
v -0.049385 1.714866 0.151094
v 0.455893 1.935732 0.003135
v -0.063612 2.396335 -0.236747
v 0.273318 0.589965 0.246476
v -0.152806 0.786013 0.359604
v -0.465834 1.140769 0.358891
v -0.641876 1.496326 0.152641
v -0.636224 1.804196 -0.042101
v -0.351374 2.068808 -0.199530
v -0.209649 2.225812 -0.375919
v 0.175335 0.518286 0.125734
v -0.247828 0.662765 0.096618
v -0.592554 0.936207 0.017873
v -0.807547 1.282491 -0.090598
v -0.807587 1.629106 -0.237275
v -0.602993 1.937673 -0.395894
v -0.113568 2.045062 -0.512191
v 0.169820 0.461077 0.021580
v -0.223010 0.538401 -0.074793
v -0.486633 0.750373 -0.184686
v -0.446758 1.101237 -0.473993
v -0.659473 1.418662 -0.412930
v -0.465814 1.709477 -0.516034
v -0.063564 1.922650 -0.595212
v 0.232552 0.408889 -0.061814
v 0.137064 0.357093 -0.588424
v -0.086912 0.571704 -0.576734
v -0.150382 0.828402 -0.481198
v -0.206496 1.210465 -0.475109
v -0.079208 1.513715 -0.552316
v 0.149898 1.763675 -0.648773
v 0.394741 2.084538 -0.618977
v 0.667048 0.537637 0.096270
v 0.377098 0.355635 -0.177119
v 0.200955 0.243170 -0.605710
v 0.031909 0.370509 -0.564189
v -0.036951 0.601457 -0.563865
v 0.058063 1.072550 -0.503460
v 0.188903 1.424065 -0.530701
v 0.312089 1.705192 -0.569693
v 0.529351 0.397024 -0.170324
v 0.283913 0.250592 -0.625044
v 0.182053 0.393724 -0.600776
v 0.237782 0.646069 -0.602987
v 0.392959 1.062496 -0.530663
v 0.448935 1.397629 -0.547205
v 0.432722 1.669167 -0.592972
v 0.798937 0.599853 -0.147927
v 0.587547 0.496302 -0.556708
v 0.686841 0.644578 -0.635865
v 0.871016 1.087532 -0.434989
v 0.781931 1.186701 -0.485660
v 0.755765 1.455421 -0.590670
v 0.543820 1.648852 -0.737642
v 0.999811 0.796591 -0.087615
v 0.884532 0.678161 -0.394371
v 0.799835 1.114701 -0.432913
v 0.902627 1.202580 -0.462667
v 1.147060 1.204857 -0.499355
v 1.243791 1.595266 -0.622826
v 0.774391 1.875459 -0.708903
v 1.283556 0.765022 -0.014212
v 1.613352 0.739402 -0.254493
v 1.568794 0.930743 -0.421533
v 1.561839 1.133202 -0.445949
v 1.470537 1.386566 -0.526264
v 1.401644 1.763492 -0.644506
v 0.858624 1.991909 -0.710260
v 1.492661 0.778887 0.083030
v 1.968373 0.937388 -0.022923
v 2.121360 1.212473 -0.305508
v 1.977002 1.182181 -0.352693
v 1.957603 1.540554 -0.414305
v 1.593793 2.008245 -0.581395
v 0.928232 2.121700 -0.696026
v 1.467988 0.878504 0.241416
v 2.035802 1.344925 0.339464
v 2.378857 1.443536 0.246539
v 2.595890 1.750512 0.103996
v 2.296911 2.065640 -0.148844
v 1.703202 2.182554 -0.427581
v 0.938960 2.437737 -0.690850
v 1.184196 0.883363 0.266433
v 1.515455 1.380314 0.388697
v 1.347263 2.298955 -0.208439
v -0.575485 2.018683 0.855734
v -0.174890 2.351067 0.705124
v -0.532678 2.726458 0.256088
v -1.576813 2.759031 -0.535589
v -1.459501 1.294282 0.680854
v -1.274035 1.649140 0.891094
v -1.185291 1.943618 0.857283
v -1.643235 2.110265 0.525896
v -1.299344 2.543126 0.441417
v -1.444189 2.681334 0.023997
v -1.721375 2.725920 -0.394891
v -1.798848 1.291908 0.767501
v -1.846091 1.553031 0.912284
v -1.884003 1.900542 0.742319
v -1.914537 2.219630 0.344673
v -1.904796 2.220546 0.344171
v -1.866873 2.402959 0.209454
v -1.905529 2.685619 -0.321931
v -1.897213 1.279505 0.794563
v -1.903430 1.534959 0.915034
v -1.891849 2.044352 0.487315
v -1.920294 2.084041 0.436765
v -1.939669 2.282011 0.312835
v -2.019300 2.419862 0.230687
v -2.255662 2.674599 -0.218289
v -1.976882 1.198795 0.768748
v -2.287740 1.405290 0.955725
v -2.384731 1.924966 0.864296
v -2.617667 2.035014 0.713965
v -2.495646 2.194408 0.468414
v -1.984132 2.415510 0.218877
v -2.484418 2.636479 -0.221329
v -2.149690 1.079018 0.627616
v -2.596192 1.269462 0.816977
v -2.915637 1.621650 0.816021
v -3.096132 1.976731 0.471479
v -3.093134 2.282138 0.147318
v -2.740014 2.469326 -0.144625
v -2.587745 2.577160 -0.372996
v -2.188541 0.847172 0.453719
v -2.640845 0.989909 0.404688
v -3.056735 1.427478 0.244858
v -3.135132 1.736396 -0.025176
v -3.121390 2.075846 -0.266377
v -2.961186 2.353226 -0.385417
v -2.525028 2.478421 -0.578752
v -2.183524 0.796953 0.279633
v -2.621067 0.877742 0.117829
v -2.971909 1.258205 -0.094372
v -2.953355 1.511564 -0.353995
v -2.973286 1.878166 -0.540973
v -2.852807 2.183312 -0.544186
v -2.454199 2.371454 -0.658505
v -2.153469 0.918729 0.112849
v -2.524325 0.915323 -0.171625
v -2.789976 1.110624 -0.424757
v -2.649057 1.373925 -0.275349
v -2.537634 1.592821 -0.199277
v -2.576389 1.987184 -0.665729
v -2.302832 2.269213 -0.726660
v -1.994357 2.519394 -0.739202
v -1.708148 1.038255 0.376843
v -1.992622 0.884615 0.003671
v -2.237088 0.800031 -0.431076
v -2.427043 0.927941 -0.795181
v -2.425606 1.185871 -0.910831
v -2.293543 1.458510 -0.313225
v -2.260229 1.745929 -0.356474
v -1.992104 2.221637 -0.399712
v -1.755460 0.931059 -0.057623
v -1.875139 0.807670 -0.585829
v -1.987937 0.945746 -0.898358
v -1.989238 1.191413 -0.885013
v -2.011342 1.456668 -0.450735
v -1.779373 1.901375 -0.689644
v -1.788637 2.077929 -0.682921
v -1.468125 1.132920 -0.029557
v -1.416057 1.092472 -0.658088
v -1.364597 1.208760 -0.856101
v -1.409443 1.567041 -0.668192
v -1.536789 1.754926 -0.710036
v -1.524768 1.931249 -0.749511
v -1.714660 2.236984 -0.796946
v -1.318265 1.312395 0.069165
v -1.305854 1.348110 -0.552154
v -1.513673 1.608743 -0.666644
v -1.507342 1.722215 -0.705426
v -1.157002 1.697104 -0.685448
v -1.119468 2.095698 -0.839803
v -1.603502 2.366678 -0.866902
v -1.054013 1.271414 0.191347
v -0.665585 1.258050 -0.234908
v -0.645301 1.400957 -0.469467
v -0.762710 1.653149 -0.567762
v -0.852232 1.861378 -0.741657
v -0.965819 2.247263 -0.965704
v -1.588576 2.444483 -1.098585
v -0.878427 1.274011 0.353281
v -0.416904 1.426061 0.173750
v -0.233690 1.688061 -0.314039
v -0.341845 1.659759 -0.415566
v -0.295185 2.015734 -0.620790
v -0.718531 2.498070 -0.898071
v -1.501936 2.595763 -1.140977
v -0.936470 1.364985 0.618101
v -0.396029 1.823324 0.780790
v -0.055097 1.920916 0.624072
v 0.161678 2.227886 0.382982
v 0.127770 2.689586 -0.118778
v -0.687021 2.693178 -0.531966
v -1.575102 2.606358 -1.122746
v -1.223046 1.370427 0.660320
v -0.915922 1.859851 0.863935
v -1.076634 2.781779 -0.149383
v 2.087147 2.119357 -0.473162
v 2.234310 2.595105 -0.517606
v 1.940675 1.210539 -0.188537
v 2.114112 1.490863 -0.396942
v 2.380044 1.723447 -0.456834
v 2.095216 0.994014 -0.240883
v 2.300061 1.137068 -0.458776
v 2.127156 0.923978 -0.253969
v 2.303923 1.105199 -0.467348
v 2.099903 0.834217 -0.219248
v 2.152222 0.695696 -0.111802
v 2.244346 0.648561 0.015786
v 2.274095 0.658037 0.125029
v 2.243571 0.707341 0.214159
v 1.969186 0.977075 0.043645
v 2.164117 0.799011 0.285293
v 2.097578 0.971672 0.309328
v 2.290982 0.923360 0.628134
v 2.616439 0.997737 0.760631
v 2.110400 1.249284 0.243602
v 2.323835 1.362637 0.596438
v 2.482947 1.495485 0.674049
v 2.152247 1.422941 0.143553
v 2.446212 1.560476 0.472400
v 2.586703 1.609587 0.471266
v 2.591220 1.793120 0.267490
v 2.591220 0.998018 0.174379
v 1.900271 1.529121 0.091894
v 1.823401 1.824681 0.320558
v 2.028602 1.964317 0.388084
v 2.417809 2.045613 0.385499
v 1.727694 1.602617 0.005436
v 1.675236 1.994427 0.069380
v 2.041897 2.326028 0.258063
v 2.125616 2.250748 0.305098
v 1.739098 1.571275 -0.165020
v 1.816405 2.123615 -0.370472
v 1.769588 2.405853 -0.306027
v 2.035510 2.748605 -0.253711
v 1.892861 1.398598 -0.194116
v 2.130766 1.828449 -0.433645
v 2.591220 1.044620 0.118402
v 2.591220 1.476624 -0.170286
v 2.591220 1.078244 0.066430
v 2.591220 1.106627 0.008317
v 2.591220 1.135621 -0.059770
v 2.591220 1.712671 0.250265
v 2.591220 1.977749 -0.175880
v 2.591220 1.287340 -0.169398
v 2.591220 1.299995 -0.170207
v 2.591220 1.472811 0.324951
v 2.591220 1.620200 -0.235075
v 2.591220 2.075700 -0.063261
v 2.591220 1.277016 0.286853
v 2.591220 1.855005 -0.239216
v 2.591220 1.558992 0.336971
v 2.591220 1.153409 -0.097313
v 2.591220 1.313010 0.316750
v 2.591220 1.188039 0.221395
v 2.591220 1.918322 0.223736
v 2.591220 1.102757 0.205208
v 2.591220 1.408454 0.335549
vn 0.0373 -0.7774 0.6279
vn -0.2295 -0.8296 0.5089
vn -0.2438 -0.9694 -0.0287
vn -0.0618 0.1322 -0.9893
vn 0.1536 -0.0221 0.9879
vn 0.1682 -0.4784 0.8619
vn 0.1316 -0.9772 0.1665
vn 0.0968 -0.9947 -0.0336
vn 0.1527 -0.9848 -0.0828
vn -0.0211 -0.6626 -0.7487
vn 0.0179 -0.0473 -0.9987
vn 0.1674 -0.1079 0.9800
vn 0.4273 -0.6708 0.6062
vn 0.3539 -0.8504 -0.3894
vn 0.0936 -0.9738 0.2071
vn 0.0901 -0.8977 0.4313
vn 0.0931 -0.9693 0.2275
vn 0.0291 -0.1152 -0.9929
vn 0.1112 -0.1680 0.9795
vn 0.1241 -0.6037 0.7875
vn 0.0689 -0.9266 -0.3697
vn 0.1150 -0.8496 -0.5148
vn 0.0424 -0.8745 0.4831
vn 0.0618 -0.8790 0.4728
vn -0.1360 -0.3161 -0.9389
vn 0.1641 -0.0657 0.9843
vn 0.2127 -0.4920 0.8442
vn -0.0172 -0.9362 0.3511
vn 0.0248 -0.9864 -0.1625
vn -0.0628 -0.9763 -0.2069
vn 0.0631 -0.9499 0.3062
vn -0.0825 -0.4512 -0.8886
vn 0.3607 0.1624 0.9184
vn 0.6604 -0.2019 0.7233
vn 0.7207 -0.6815 0.1272
vn 0.4224 -0.7609 -0.4926
vn 0.1384 -0.7259 -0.6738
vn -0.0812 -0.7880 -0.6103
vn -0.0525 -0.7904 -0.6104
vn 0.4560 0.3278 0.8274
vn 0.8679 0.2413 0.4342
vn 0.9425 0.0503 -0.3303
vn 0.6511 -0.0723 -0.7555
vn 0.2431 -0.1122 -0.9635
vn -0.1046 -0.1160 -0.9877
vn -0.2538 0.5596 -0.7889
vn 0.4511 0.3272 0.8303
vn 0.8377 0.3764 0.3957
vn 0.6763 0.4306 -0.5977
vn 0.2300 0.5277 -0.8177
vn -0.0192 0.5263 -0.8501
vn -0.3210 0.5049 -0.8013
vn -0.2772 0.7924 -0.5434
vn 0.4080 0.3278 0.8521
vn 0.7282 0.5138 0.4535
vn 0.4660 0.4068 -0.7857
vn -0.1200 0.2913 -0.9491
vn -0.3926 0.5917 -0.7041
vn -0.3855 0.8403 -0.3811
vn -0.2135 0.9022 -0.3747
vn -0.0516 0.8308 -0.5542
vn 0.1197 0.2921 0.9489
vn 0.2643 0.3779 0.8873
vn 0.4412 0.6654 0.6022
vn 0.2666 0.7151 -0.6462
vn -0.1218 0.1754 -0.9769
vn -0.2302 0.1344 -0.9638
vn -0.2272 0.5635 -0.7942
vn -0.1279 0.8643 -0.4864
vn -0.0259 0.4311 0.9020
vn -0.0132 0.7134 0.7007
vn -0.1911 0.9423 -0.2750
vn -0.1696 0.0644 -0.9834
vn -0.1330 0.1545 -0.9790
vn -0.0400 0.4193 -0.9070
vn -0.0135 0.6319 -0.7749
vn -0.2036 0.3850 0.9002
vn -0.3193 0.6484 0.6911
vn -0.4597 0.6627 -0.5912
vn -0.0643 0.9583 -0.2783
vn 0.0520 0.2425 -0.9688
vn 0.1503 0.2440 -0.9581
vn 0.0980 0.6088 -0.7873
vn 0.0511 0.7696 0.6364
vn -0.1721 0.7336 0.6575
vn -0.0195 0.6904 0.7232
vn -0.0653 0.7173 -0.6937
vn -0.0004 0.6365 -0.7713
vn 0.1771 0.4272 -0.8867
vn 0.2814 0.6465 -0.7091
vn 0.1530 0.7895 0.5943
vn 0.0432 0.7689 0.6379
vn -0.2510 0.9144 0.3177
vn -0.3300 0.9244 -0.1910
vn -0.3021 0.8785 -0.3700
vn -0.0522 0.5054 -0.8613
vn 0.1881 0.4526 -0.8716
vn 0.0813 0.3659 0.9271
vn -0.0756 0.3406 0.9372
vn -0.3491 0.4718 0.8097
vn -0.5720 0.7524 0.3267
vn -0.7614 0.6030 0.2381
vn -0.5819 0.3487 -0.7347
vn 0.0471 0.1566 -0.9865
vn 0.1431 -0.0225 0.9894
vn 0.0250 -0.1809 0.9832
vn -0.1968 -0.0258 0.9801
vn -0.5973 -0.0986 0.7960
vn -0.7925 -0.5971 -0.1242
vn -0.6507 -0.0961 -0.7533
vn -0.0286 0.1631 -0.9862
vn 0.1775 -0.1308 0.9754
vn 0.1842 -0.5417 0.8201
vn -0.1458 -0.5890 -0.7949
vn 0.3603 -0.9056 0.2235
vn 0.3596 -0.6479 0.6715
vn 0.0218 -0.4105 0.9116
vn -0.3590 -0.2057 0.9104
vn 0.2741 -0.3292 -0.9036
vn 0.4039 -0.9111 -0.0819
vn 0.1234 -0.9542 0.2726
vn -0.0247 -0.8866 0.4619
vn -0.0959 -0.8575 0.5055
vn -0.2390 -0.6337 0.7357
vn -0.3899 -0.4129 0.8231
vn 0.6762 -0.3452 -0.6508
vn 0.1431 -0.9568 -0.2529
vn -0.2086 -0.9760 0.0622
vn -0.0708 -0.9779 0.1969
vn -0.0622 -0.9683 0.2419
vn -0.1204 -0.7617 0.6366
vn -0.3426 -0.4044 0.8480
vn 0.4916 -0.3060 -0.8153
vn 0.4695 -0.8143 -0.3413
vn -0.3743 -0.9237 -0.0810
vn -0.2034 -0.9779 -0.0495
vn 0.1854 -0.7764 0.6024
vn -0.0051 -0.7427 0.6696
vn -0.3218 -0.4858 0.8127
vn 0.3665 -0.0644 -0.9282
vn 0.1643 -0.8194 -0.5492
vn 0.0146 -0.9728 0.2312
vn -0.0705 -0.9967 0.0394
vn -0.0404 -0.9150 0.4013
vn -0.1535 -0.7458 0.6483
vn -0.2743 -0.5423 0.7942
vn 0.2426 0.0016 -0.9701
vn -0.0495 -0.4422 -0.8956
vn -0.2314 -0.7979 -0.5566
vn -0.2933 -0.8849 -0.3619
vn -0.4436 -0.8416 0.3080
vn -0.3922 -0.6159 0.6833
vn -0.4071 -0.3248 0.8537
vn 0.1936 0.0785 -0.9779
vn -0.0719 -0.2169 -0.9735
vn -0.2454 -0.4000 -0.8830
vn -0.4648 -0.4738 -0.7480
vn -0.8392 -0.4721 -0.2699
vn -0.8477 -0.2021 0.4905
vn -0.6414 0.1619 0.7499
vn 0.1742 0.0437 -0.9837
vn -0.0455 -0.0883 -0.9951
vn -0.3153 0.0180 -0.9488
vn -0.4676 0.3208 -0.8237
vn -0.5845 0.5245 -0.6191
vn -0.7436 0.6560 0.1297
vn -0.6299 0.5826 0.5136
vn 0.1920 0.0020 -0.9814
vn -0.0196 -0.0332 -0.9993
vn -0.4668 0.0812 -0.8806
vn -0.7217 0.6814 -0.1218
vn -0.1422 0.9806 -0.1351
vn -0.0989 0.9933 -0.0602
vn -0.1187 0.9338 0.3376
vn -0.7171 0.5317 0.4507
vn 0.4098 0.2974 -0.8623
vn 0.3369 0.1675 -0.9265
vn 0.1074 0.1928 -0.9754
vn -0.3485 0.4605 -0.8164
vn -0.7524 0.5073 0.4202
vn -0.6000 0.5507 0.5803
vn -0.1867 0.9680 -0.1677
vn -0.2941 0.8603 -0.4164
vn 0.4866 0.3705 -0.7912
vn 0.3140 0.5007 -0.8066
vn -0.0742 0.8978 -0.4342
vn -0.4771 0.6344 0.6082
vn -0.7482 0.5029 0.4328
vn -0.6312 0.6897 -0.3549
vn -0.6884 0.5431 -0.4808
vn 0.6678 0.4642 -0.5820
vn 0.6285 0.7597 -0.1668
vn 0.1281 0.8604 0.4933
vn -0.7151 -0.6543 -0.2460
vn -0.4636 0.8850 -0.0435
vn -0.3600 0.9180 -0.1666
vn -0.4662 0.8164 -0.3409
vn 0.4331 0.3989 -0.8083
vn 0.4258 0.9034 0.0500
vn 0.5048 0.5874 -0.6326
vn -0.1269 0.9790 -0.1593
vn -0.0818 0.9746 -0.2087
vn -0.2247 0.9645 -0.1390
vn -0.3830 0.8572 -0.3443
vn 0.3500 0.4301 -0.8322
vn 0.3958 0.6965 -0.5985
vn 0.2036 0.9701 -0.1319
vn 0.0012 1.0000 0.0064
vn -0.0193 0.9998 0.0066
vn -0.1228 0.9839 0.1297
vn -0.4700 0.8772 0.0980
vn 0.5891 0.1636 -0.7913
vn 0.7522 0.3590 -0.5526
vn 0.6685 0.7437 -0.0019
vn 0.1665 0.9472 0.2742
vn 0.1815 0.8394 0.5123
vn -0.0368 0.6841 0.7285
vn -0.3857 0.4717 0.7929
vn 0.7623 -0.1746 -0.6232
vn 0.8301 -0.4192 -0.3678
vn 0.9994 -0.0065 0.0342
vn 0.5779 0.1841 0.7950
vn 0.1722 0.2536 0.9518
vn -0.0402 0.2579 0.9653
vn -0.3269 0.0816 0.9415
vn 0.3504 -0.0730 -0.9338
vn 0.5180 -0.8288 -0.2115
vn -0.1642 -0.2716 0.9483
vn 0.0117 0.1838 0.9829
vn 0.2170 0.2852 0.9336
vn 0.3139 0.7613 0.5673
vn 0.3876 0.8814 -0.2700
vn -0.0656 -0.5248 0.8487
vn -0.0667 -0.1051 0.9922
vn -0.0895 0.3826 0.9196
vn -0.0945 0.5988 0.7953
vn -0.0935 0.6635 0.7423
vn 0.0395 0.8517 0.5225
vn 0.2692 0.9548 -0.1264
vn -0.0804 -0.4347 0.8970
vn -0.2742 0.0576 0.9599
vn -0.3779 0.6246 0.6834
vn -0.0389 0.4670 0.8834
vn -0.1129 0.5018 0.8576
vn -0.0331 0.6705 0.7411
vn 0.1129 0.9674 0.2268
vn -0.0127 -0.3721 0.9281
vn -0.0679 0.0176 0.9975
vn -0.3641 0.7276 0.5813
vn -0.2433 0.7325 0.6358
vn 0.1146 0.3793 0.9182
vn -0.0172 0.5502 0.8348
vn -0.0844 0.9918 0.0958
vn -0.0415 -0.4824 0.8750
vn -0.0502 -0.0918 0.9945
vn 0.0589 0.4136 0.9086
vn -0.0109 0.6966 0.7174
vn 0.0203 0.6969 0.7169
vn -0.1112 0.6476 0.7538
vn -0.4070 0.8181 0.4064
vn -0.2334 -0.6991 0.6759
vn -0.3755 -0.3579 0.8549
vn -0.4864 0.2946 0.8226
vn -0.4283 0.8291 0.3593
vn -0.2938 0.9170 -0.2697
vn -0.2988 0.9222 0.2455
vn -0.1621 0.9302 -0.3293
vn -0.3469 -0.8481 0.4006
vn -0.6516 -0.7327 0.1962
vn -0.9409 -0.0670 -0.3319
vn -0.7946 0.4282 -0.4304
vn -0.3235 0.3641 -0.8734
vn -0.0541 0.5913 -0.8046
vn -0.0071 0.7341 -0.6790
vn -0.3882 -0.7996 0.4582
vn -0.7304 -0.6733 0.1151
vn -0.7332 -0.1585 -0.6613
vn -0.4706 -0.1037 -0.8762
vn -0.2665 -0.2852 -0.9207
vn 0.0348 0.1330 -0.9905
vn 0.0007 0.4561 -0.8899
vn -0.3417 -0.7347 0.5861
vn -0.7149 -0.6675 0.2084
vn -0.4667 -0.0122 -0.8843
vn -0.1716 0.0753 -0.9823
vn -0.2046 -0.2474 -0.9471
vn -0.0464 -0.2678 -0.9623
vn 0.1183 0.1431 -0.9826
vn 0.1699 0.5881 -0.7907
vn -0.0496 -0.8455 0.5317
vn -0.1813 -0.8444 0.5042
vn -0.4034 -0.7651 -0.5019
vn -0.1746 -0.0666 -0.9824
vn -0.0569 0.0628 -0.9964
vn -0.2477 0.0358 -0.9682
vn -0.2242 -0.2482 -0.9424
vn 0.2583 -0.0974 -0.9611
vn 0.1176 -0.9049 0.4090
vn 0.1229 -0.7378 -0.6637
vn 0.1485 -0.1112 -0.9826
vn 0.1320 -0.1587 -0.9785
vn 0.0072 -0.1578 -0.9874
vn 0.0713 -0.3529 -0.9329
vn 0.0591 -0.3027 -0.9512
vn 0.3595 -0.8506 0.3837
vn 0.5078 -0.6887 -0.5175
vn 0.2896 -0.2951 -0.9105
vn -0.1082 0.7520 -0.6502
vn 0.1647 -0.4017 -0.9009
vn 0.1592 -0.3972 -0.9038
vn -0.2042 -0.0672 -0.9766
vn 0.0290 -0.9888 -0.1464
vn 0.2235 -0.6922 -0.6863
vn -0.5479 0.2258 -0.8055
vn 0.1991 -0.4074 -0.8913
vn 0.1673 -0.5578 -0.8129
vn 0.2237 -0.3686 -0.9023
vn 0.1571 -0.0203 -0.9874
vn -0.0998 -0.9786 -0.1798
vn 0.0801 -0.9727 -0.2177
vn 0.3122 -0.6355 -0.7062
vn 0.2731 -0.4378 -0.8566
vn 0.2966 -0.4774 -0.8271
vn 0.3815 -0.2260 -0.8963
vn 0.3086 0.1605 -0.9375
vn 0.0128 -0.8861 0.4633
vn 0.2256 -0.8737 0.4311
vn 0.5375 -0.8431 -0.0181
vn 0.4348 -0.4633 -0.7722
vn 0.5927 -0.3702 -0.7153
vn 0.5857 0.0139 -0.8104
vn 0.4400 0.3900 -0.8089
vn -0.0433 -0.5216 0.8521
vn 0.0826 -0.3525 0.9322
vn 0.3539 -0.4877 0.7980
vn 0.7896 -0.2215 0.5722
vn 0.9384 0.2963 -0.1777
vn 0.7075 0.4921 -0.5071
vn 0.4800 0.6598 -0.5782
vn -0.0795 -0.4210 0.9036
vn -0.0782 -0.0571 0.9953
vn 0.3304 0.9272 0.1763
vn 0.0983 -0.3563 0.9292
vn 0.2932 -0.1990 0.9351
vn 0.2700 0.2849 0.9197
vn 0.0503 0.7654 0.6415
vn 0.0461 -0.9933 0.1060
vn 0.0368 -0.6802 0.7321
vn -0.0186 -0.1775 0.9840
vn -0.0383 0.0190 0.9991
vn -0.0438 0.0805 0.9958
vn -0.0238 0.3475 0.9374
vn -0.0556 0.6085 0.7916
vn 0.0299 -0.9630 0.2678
vn -0.1945 -0.5151 0.8348
vn -0.2745 0.0223 0.9613
vn 0.0218 -0.0911 0.9956
vn -0.0450 -0.0702 0.9965
vn 0.0220 0.1349 0.9906
vn 0.0304 0.5944 0.8036
vn 0.1086 -0.9196 0.3775
vn 0.0186 -0.5448 0.8384
vn -0.2790 0.1375 0.9504
vn -0.1789 0.1236 0.9761
vn 0.1750 -0.1343 0.9754
vn 0.1181 0.0408 0.9922
vn 0.0820 0.5191 0.8508
vn 0.0350 -0.9807 0.1925
vn -0.0376 -0.6457 0.7627
vn 0.0618 -0.1287 0.9898
vn -0.0306 0.0435 0.9986
vn 0.0629 0.0958 0.9934
vn 0.0086 0.1279 0.9918
vn -0.0344 0.4578 0.8884
vn -0.2284 -0.9588 -0.1688
vn -0.4639 -0.7829 0.4145
vn -0.4615 -0.3241 0.8258
vn -0.4096 0.0731 0.9093
vn -0.2520 0.3527 0.9012
vn -0.1388 0.4515 0.8814
vn -0.0889 0.7613 0.6422
vn -0.3320 -0.8590 -0.3897
vn -0.6977 -0.6965 -0.1676
vn -0.9509 -0.2981 0.0835
vn -0.9519 0.1697 0.2553
vn -0.6797 0.6674 0.3043
vn -0.3651 0.9103 0.1949
vn -0.1543 0.9851 -0.0754
vn -0.3273 -0.8529 -0.4068
vn -0.6698 -0.6461 -0.3660
vn -0.8352 -0.0080 -0.5499
vn -0.4686 0.3816 -0.7967
vn -0.4300 0.4578 -0.7782
vn -0.3045 0.6638 -0.6831
vn -0.1672 0.7830 -0.5992
vn -0.2864 -0.8566 -0.4292
vn -0.5628 -0.6139 -0.5535
vn -0.7479 0.2288 -0.6231
vn -0.1955 0.8102 -0.5525
vn -0.0742 0.4154 -0.9066
vn -0.0413 0.2403 -0.9698
vn 0.0728 0.3484 -0.9345
vn -0.1601 0.8727 -0.4612
vn 0.0372 -0.8858 -0.4626
vn -0.1839 -0.8630 -0.4706
vn -0.3988 -0.5798 -0.7105
vn -0.4541 0.1854 -0.8715
vn -0.1978 0.8943 -0.4014
vn -0.1534 0.8856 -0.4383
vn -0.1766 0.3189 -0.9312
vn -0.1669 0.2636 -0.9501
vn 0.0819 -0.8610 -0.5020
vn -0.0614 -0.5164 -0.8542
vn -0.0839 0.1839 -0.9794
vn -0.0300 0.8394 -0.5426
vn -0.2212 0.8966 -0.3838
vn -0.3652 0.5854 -0.7238
vn -0.4593 0.5832 -0.6700
vn 0.3732 -0.8337 -0.4069
vn 0.3722 -0.4194 -0.8280
vn 0.3171 0.3603 -0.8773
vn 0.5358 0.7481 -0.3915
vn -0.1397 0.5928 -0.7931
vn -0.0908 0.4754 -0.8751
vn -0.1959 0.4440 -0.8743
vn 0.0823 -0.6040 -0.7927
vn 0.5406 -0.1795 -0.8219
vn 0.6121 0.1630 -0.7738
vn 0.2262 0.2680 -0.9365
vn 0.1204 0.1576 -0.9801
vn 0.0455 0.3423 -0.9385
vn -0.1430 0.3593 -0.9222
vn -0.0495 -0.5269 -0.8485
vn 0.1256 -0.4813 -0.8675
vn 0.3183 0.0303 -0.9475
vn 0.1950 0.1599 -0.9677
vn 0.1882 0.1838 -0.9648
vn 0.1348 0.3247 -0.9362
vn -0.0729 0.5510 -0.8313
vn 0.0914 -0.8292 -0.5514
vn 0.2895 -0.7552 -0.5880
vn 0.4736 -0.3933 -0.7881
vn 0.3271 0.1389 -0.9347
vn 0.4436 0.2198 -0.8689
vn 0.4114 0.5722 -0.7095
vn 0.1310 0.9223 -0.3636
vn 0.0725 -0.9913 0.1098
vn 0.2379 -0.8908 0.3872
vn 0.5624 -0.8265 0.0255
vn 0.9566 -0.2847 0.0621
vn 0.8638 0.5037 0.0115
vn 0.5776 0.8163 0.0094
vn 0.1673 0.9437 0.2854
vn 0.0292 -0.9555 0.2934
vn 0.0198 -0.6295 0.7767
vn 0.1977 0.5792 0.7908
vn 0.0791 0.5294 0.8447
vn 0.4020 0.7406 0.5384
vn 0.2116 0.9768 -0.0315
vn -0.0823 0.7951 -0.6008
vn 0.0740 -0.0849 0.9936
vn 0.0465 0.1998 0.9787
vn -0.0709 0.6570 0.7506
vn -0.1480 0.8179 0.5559
vn -0.1706 0.8466 0.5041
vn -0.1936 0.9810 0.0109
vn -0.2217 0.8846 -0.4103
vn 0.1201 -0.0615 0.9909
vn -0.1696 0.2252 0.9594
vn -0.4686 0.6749 0.5701
vn -0.0527 0.7280 0.6836
vn -0.1424 0.7257 0.6731
vn -0.1151 0.9260 0.3595
vn -0.1639 0.9188 -0.3590
vn 0.1594 -0.0243 0.9869
vn 0.0522 0.2760 0.9597
vn -0.5054 0.7818 0.3653
vn -0.3841 0.8256 0.4132
vn 0.1396 0.7234 0.6762
vn 0.0425 0.8638 0.5021
vn -0.1082 0.9623 -0.2496
vn 0.0838 -0.1367 0.9871
vn 0.0156 0.1657 0.9861
vn 0.0085 0.6979 0.7161
vn -0.1621 0.8660 0.4731
vn -0.0849 0.9448 0.3165
vn -0.1899 0.9221 0.3371
vn -0.3560 0.9342 0.0230
vn -0.0989 -0.3817 0.9190
vn -0.2551 -0.1580 0.9539
vn -0.4447 0.2283 0.8661
vn -0.6201 0.6431 0.4494
vn -0.7249 0.4696 -0.5040
vn -0.5008 0.3671 -0.7838
vn -0.4033 0.3886 -0.8284
vn -0.1943 -0.5377 0.8205
vn -0.4277 -0.4766 0.7681
vn -0.7665 -0.3336 0.5489
vn -0.8959 -0.4239 -0.1329
vn -0.5927 -0.3400 -0.7301
vn -0.2616 -0.2673 -0.9274
vn -0.2058 -0.1392 -0.9686
vn -0.2159 -0.5034 0.8367
vn -0.4474 -0.5577 0.6991
vn -0.7454 -0.6452 -0.1676
vn -0.4608 -0.5793 -0.6723
vn -0.3034 -0.4860 -0.8196
vn -0.2533 -0.3168 -0.9140
vn -0.1957 -0.2160 -0.9566
vn -0.2471 -0.4620 0.8518
vn -0.4576 -0.6620 0.5936
vn -0.5775 -0.5001 -0.6453
vn -0.2416 -0.3010 -0.9225
vn -0.1968 -0.5492 -0.8122
vn -0.0794 -0.5216 -0.8495
vn 0.0479 -0.4662 -0.8834
vn -0.2097 0.0374 -0.9771
vn 0.0729 -0.3709 0.9258
vn -0.1827 -0.5768 0.7962
vn -0.2988 -0.8820 0.3645
vn -0.3436 -0.4744 -0.8105
vn -0.1712 -0.0212 -0.9850
vn -0.1793 -0.4168 -0.8911
vn -0.0765 -0.5240 -0.8483
vn -0.1343 -0.5344 -0.8345
vn 0.2057 -0.7120 0.6714
vn 0.1338 -0.9901 0.0413
vn -0.0568 -0.4668 -0.8825
vn -0.1854 0.0116 -0.9826
vn -0.1606 -0.3816 -0.9103
vn -0.2501 -0.3046 -0.9191
vn -0.3543 -0.4177 -0.8366
vn 0.7369 -0.3433 0.5823
vn 0.6472 -0.7359 -0.1989
vn 0.2900 -0.2628 -0.9202
vn -0.8801 -0.1812 -0.4388
vn -0.0582 -0.4743 -0.8784
vn -0.0644 -0.5082 -0.8588
vn -0.1616 -0.5109 -0.8443
vn 0.3378 -0.9360 0.0988
vn 0.6086 -0.6206 -0.4944
vn 0.4656 -0.7670 0.4415
vn 0.1218 -0.6417 -0.7572
vn 0.1146 -0.7063 -0.6986
vn 0.0716 -0.5379 -0.8399
vn -0.0655 -0.3602 -0.9306
vn 0.0926 -0.9823 0.1626
vn 0.2738 -0.9609 0.0416
vn 0.3149 -0.7706 -0.5540
vn 0.1913 -0.6023 -0.7750
vn 0.2864 -0.5656 -0.7733
vn 0.2521 -0.3510 -0.9018
vn 0.0104 -0.0921 -0.9957
vn 0.3428 -0.5799 0.7391
vn 0.4799 -0.6084 0.6320
vn 0.6700 -0.6098 -0.4234
vn 0.3323 -0.3946 -0.8567
vn 0.4846 -0.1416 -0.8632
vn 0.4546 0.0010 -0.8907
vn 0.0600 0.2225 -0.9731
vn 0.1780 -0.1169 0.9771
vn 0.2403 -0.0289 0.9703
vn 0.7232 -0.0966 0.6839
vn 0.7028 0.2880 -0.6505
vn 0.5300 0.3939 -0.7509
vn 0.4364 0.4856 -0.7575
vn 0.0354 0.5841 -0.8109
vn 0.0472 0.0087 0.9988
vn 0.0400 0.2572 0.9655
vn 0.0839 0.9160 -0.3924
vn 0.0798 0.1684 0.9825
vn 0.2445 0.3797 0.8922
vn 0.1542 0.8431 0.5152
vn -0.2179 0.9523 0.2137
vn 0.1855 -0.5494 0.8147
vn 0.0869 -0.1425 0.9860
vn -0.0672 0.2936 0.9536
vn -0.1393 0.4870 0.8622
vn -0.1625 0.5483 0.8203
vn -0.2150 0.8041 0.5543
vn -0.3003 0.9111 0.2823
vn 0.1519 -0.4640 0.8727
vn -0.1382 -0.0860 0.9867
vn -0.3898 0.3602 0.8475
vn -0.0455 0.3975 0.9165
vn -0.1198 0.3902 0.9129
vn -0.0628 0.6266 0.7768
vn -0.0350 0.9806 0.1927
vn 0.2001 -0.3804 0.9029
vn 0.0490 -0.0274 0.9984
vn -0.4316 0.4830 0.7618
vn -0.3170 0.5265 0.7888
vn 0.1204 0.4093 0.9044
vn 0.2040 0.5669 0.7981
vn 0.3189 0.9145 0.2492
vn 0.1692 -0.5052 0.8463
vn 0.0194 -0.1319 0.9911
vn 0.0038 0.3768 0.9263
vn -0.1366 0.5167 0.8452
vn -0.0428 0.5766 0.8159
vn 0.0107 0.5828 0.8125
vn -0.1034 0.9009 0.4216
vn -0.0264 -0.7378 0.6745
vn -0.2672 -0.4546 0.8497
vn -0.4236 -0.0639 0.9036
vn -0.5585 0.3154 0.7672
vn -0.4973 0.6174 0.6095
vn -0.4419 0.7107 0.5473
vn -0.4181 0.8435 -0.3372
vn -0.1264 -0.8502 0.5111
vn -0.4700 -0.7306 0.4953
vn -0.8128 -0.5134 0.2753
vn -0.9769 -0.2051 0.0594
vn -0.9476 0.2336 -0.2181
vn -0.6254 0.5342 -0.5687
vn -0.3014 0.5031 -0.8100
vn -0.1341 -0.8838 0.4483
vn -0.4785 -0.8492 0.2235
vn -0.7560 -0.6076 -0.2437
vn -0.3535 -0.0943 -0.9307
vn -0.5228 -0.1481 -0.8395
vn -0.3529 0.0424 -0.9347
vn -0.2205 0.2129 -0.9519
vn -0.1313 -0.9192 0.3712
vn -0.1420 -0.4601 0.8764
vn -0.2655 -0.1878 -0.9457
vn -0.3299 -0.0342 -0.9434
vn -0.1055 -0.0377 -0.9937
vn -0.0986 -0.1817 -0.9784
vn 0.0303 -0.1150 -0.9929
vn -0.2032 0.4357 -0.8769
vn 0.2586 -0.8625 0.4349
vn -0.0667 -0.9454 0.3191
vn -0.2446 -0.7979 -0.5510
vn 0.3013 0.7895 -0.5347
vn -0.0369 0.1429 -0.9890
vn -0.1271 0.0388 -0.9911
vn -0.0436 -0.1470 -0.9882
vn 0.0066 -0.1861 -0.9825
vn 0.4163 -0.8963 0.1529
vn 0.1833 -0.6112 -0.7700
vn -0.0931 -0.0122 -0.9956
vn -0.0832 0.1759 -0.9809
vn 0.0322 -0.0004 -0.9995
vn -0.0906 -0.1976 -0.9761
vn -0.3333 -0.2207 -0.9166
vn 0.6267 -0.7785 0.0352
vn 0.5208 -0.4703 -0.7124
vn 0.2540 0.0910 -0.9629
vn 0.2329 -0.9647 -0.1233
vn 0.1151 -0.2742 -0.9547
vn -0.0118 -0.3248 -0.9457
vn -0.1877 -0.2159 -0.9582
vn 0.2480 -0.9548 -0.1639
vn 0.5089 -0.6681 -0.5428
vn 0.1976 -0.8903 -0.4102
vn 0.0777 -0.5503 -0.8313
vn 0.0481 -0.3939 -0.9179
vn 0.0964 -0.2647 -0.9595
vn -0.0107 -0.0239 -0.9997
vn 0.1684 -0.9735 -0.1546
vn 0.2856 -0.8624 -0.4179
vn 0.1975 -0.3326 -0.9222
vn 0.1418 -0.2245 -0.9641
vn 0.1892 -0.2633 -0.9460
vn 0.1944 -0.1035 -0.9755
vn -0.0117 0.0608 -0.9981
vn 0.3128 -0.8790 0.3599
vn 0.5438 -0.8190 0.1833
vn 0.7212 -0.5690 -0.3950
vn 0.3604 -0.1726 -0.9167
vn 0.4533 -0.0586 -0.8894
vn 0.3316 0.1073 -0.9373
vn 0.0589 0.1258 -0.9903
vn 0.2081 -0.5412 0.8148
vn 0.3021 -0.3304 0.8942
vn 0.6554 -0.3556 0.6663
vn 0.9582 0.1983 0.2063
vn 0.6421 0.6181 -0.4535
vn 0.4076 0.6518 -0.6396
vn 0.0009 0.6977 -0.7164
vn 0.1490 -0.4512 0.8799
vn 0.0619 -0.1025 0.9928
vn 0.0246 0.9712 0.2370
vn 0.1368 0.2479 0.9591
vn 0.2676 0.4528 0.8505
vn 0.1023 0.8758 0.4717
vn -0.1626 0.9749 -0.1523
vn 0.2360 -0.7131 0.6601
vn 0.1137 -0.1804 0.9770
vn -0.0919 0.4137 0.9058
vn -0.1877 0.6697 0.7186
vn -0.2092 0.6906 0.6923
vn -0.2279 0.9065 0.3554
vn -0.2724 0.9616 0.0320
vn 0.2099 -0.6376 0.7412
vn -0.1417 -0.1548 0.9777
vn -0.4646 0.5055 0.7270
vn -0.0566 0.5674 0.8215
vn -0.1698 0.5787 0.7977
vn -0.1108 0.8034 0.5850
vn -0.1872 0.9801 0.0663
vn 0.2768 -0.5213 0.8072
vn 0.1246 -0.0662 0.9900
vn -0.4785 0.6586 0.5808
vn -0.3640 0.6752 0.6416
vn 0.1707 0.5957 0.7848
vn 0.0661 0.7253 0.6853
vn -0.0956 0.9776 0.1877
vn 0.2091 -0.6755 0.7071
vn 0.0299 -0.1767 0.9838
vn -0.0125 0.4844 0.8747
vn -0.1782 0.6975 0.6940
vn -0.0511 0.7768 0.6277
vn -0.1469 0.8016 0.5795
vn -0.2669 0.9203 0.2861
vn 0.0435 -0.7617 0.6464
vn -0.3129 -0.5067 0.8033
vn -0.5376 -0.0061 0.8432
vn -0.7180 0.4380 0.5409
vn -0.6208 0.7131 0.3256
vn -0.4476 0.8553 0.2609
vn -0.3178 0.9314 -0.1772
vn 0.0599 -0.8377 0.5428
vn -0.4757 -0.7674 0.4299
vn -0.8844 -0.4256 0.1913
vn -0.9852 -0.1474 -0.0875
vn -0.9212 0.2366 -0.3088
vn -0.6514 0.6080 -0.4539
vn -0.3623 0.6600 -0.6581
vn 0.1191 -0.9928 -0.0150
vn -0.3756 -0.9259 -0.0402
vn -0.8142 -0.5128 -0.2722
vn -0.3306 -0.2692 -0.9046
vn -0.4142 -0.3324 -0.8473
vn -0.4749 0.0990 -0.8744
vn -0.3304 0.2974 -0.8958
vn 0.0969 -0.9944 -0.0415
vn -0.3597 -0.9326 -0.0289
vn -0.7686 -0.4152 -0.4867
vn -0.2367 0.3021 -0.9234
vn 0.0289 -0.1858 -0.9822
vn 0.0164 -0.3532 -0.9354
vn 0.0603 -0.1491 -0.9870
vn -0.4476 0.3464 -0.8244
vn 0.3421 -0.8971 0.2795
vn 0.0533 -0.9714 0.2312
vn -0.1597 -0.9870 -0.0157
vn -0.4205 -0.5326 -0.7345
vn -0.3002 0.3495 -0.8876
vn -0.3348 0.3581 -0.8716
vn -0.2282 -0.3667 -0.9019
vn -0.1351 -0.3767 -0.9164
vn 0.3672 -0.9185 0.1467
vn 0.2325 -0.9549 -0.1846
vn 0.0638 -0.4639 -0.8836
vn -0.0783 0.3706 -0.9255
vn -0.3608 0.4205 -0.8325
vn -0.4191 -0.1489 -0.8956
vn -0.5729 -0.1559 -0.8046
vn 0.6867 -0.7171 0.1191
vn 0.7346 -0.6314 -0.2485
vn 0.4349 -0.0327 -0.8999
vn -0.8843 0.3903 0.2562
vn -0.1810 -0.1526 -0.9716
vn -0.1708 -0.2891 -0.9419
vn -0.3147 -0.2680 -0.9106
vn 0.2888 -0.9489 -0.1273
vn 0.5935 -0.6211 -0.5119
vn 0.4174 -0.8606 -0.2917
vn 0.0751 -0.3845 -0.9201
vn 0.0331 -0.5417 -0.8399
vn -0.1083 -0.4645 -0.8789
vn -0.3147 -0.5845 -0.7479
vn 0.1565 -0.9724 -0.1731
vn 0.2918 -0.9238 -0.2480
vn 0.3394 -0.5391 -0.7709
vn 0.2423 -0.4531 -0.8579
vn 0.1628 -0.4795 -0.8623
vn 0.1313 -0.3981 -0.9079
vn -0.2481 -0.2927 -0.9235
vn 0.3414 -0.9121 0.2270
vn 0.5265 -0.8315 0.1774
vn 0.7748 -0.5868 -0.2353
vn 0.5536 -0.3961 -0.7326
vn 0.5794 -0.1896 -0.7927
vn 0.3903 0.3118 -0.8663
vn 0.0567 0.2980 -0.9529
vn 0.2505 -0.6883 0.6808
vn 0.3577 -0.3900 0.8485
vn 0.7164 -0.3607 0.5973
vn 0.9135 0.1759 0.3669
vn 0.6949 0.6862 -0.2152
vn 0.3000 0.8498 -0.4333
vn -0.2141 0.1033 -0.9713
vn 0.2086 -0.6311 0.7472
vn 0.1013 -0.1491 0.9836
vn -0.0338 0.9971 0.0687
vn -0.0177 -0.0369 -0.9992
vn 0.1562 0.4306 -0.8889
vn -0.8037 -0.2905 -0.5193
vn -0.1728 -0.1377 -0.9753
vn 0.2628 -0.1051 -0.9591
vn -0.7481 -0.2942 -0.5947
vn 0.0028 0.1104 -0.9939
vn -0.1630 -0.5647 -0.8090
vn 0.0458 -0.2320 -0.9716
vn -0.1915 -0.5456 -0.8158
vn -0.0856 -0.8727 -0.4808
vn 0.0427 -0.9883 -0.1463
vn 0.0646 -0.9939 0.0895
vn -0.0151 -0.8368 0.5473
vn -0.9079 -0.3641 0.2080
vn -0.1569 -0.4583 0.8749
vn -0.4289 -0.3526 0.8317
vn -0.2240 -0.7636 0.6056
vn 0.2856 -0.3546 0.8903
vn -0.8649 0.3196 0.3870
vn -0.6857 0.3002 0.6632
vn 0.0630 0.5178 0.8532
vn -0.5627 -0.1682 0.8094
vn -0.4552 0.3932 0.7988
vn 0.5083 0.4552 0.7310
vn 0.6072 -0.1190 0.7856
vn 0.7048 -0.4333 0.5617
vn -0.4526 -0.3861 0.8038
vn -0.5668 -0.0979 0.8180
vn -0.2039 0.1714 0.9639
vn 0.3291 0.2178 0.9188
vn -0.8801 -0.3097 0.3598
vn -0.9204 0.2078 0.3312
vn -0.1873 0.6444 0.7414
vn 0.1324 0.5269 0.8396
vn -0.7687 -0.2678 -0.5808
vn -0.5793 -0.0394 -0.8142
vn -0.8055 0.3475 -0.4801
vn -0.0602 0.9982 -0.0023
vn -0.6373 -0.2907 -0.7137
vn -0.2825 -0.1700 -0.9441
vn 0.9340 -0.3540 -0.0489
vn 0.8639 -0.0436 -0.5017
vn 0.9184 -0.3176 -0.2360
vn 0.8770 -0.3119 -0.3655
vn 0.8404 -0.3427 -0.4198
vn 0.9028 0.1645 0.3973
vn 0.9141 0.1353 -0.3823
vn 0.8861 -0.1729 -0.4301
vn 0.8288 0.1611 -0.5359
vn 0.9952 -0.0040 0.0978
vn 0.7709 -0.2176 -0.5986
vn 0.8607 0.4651 0.2070
vn 0.8385 -0.5098 -0.1925
vn 0.7881 0.0753 -0.6110
vn 0.9451 0.2231 0.2386
vn 0.8086 -0.4487 -0.3804
vn 0.9521 -0.2655 -0.1515
vn 0.8959 -0.3382 0.2880
vn 0.8503 0.4785 0.2193
vn 0.6422 -0.1235 0.7565
vn 0.9894 0.1115 0.0930
vt 0.166667 0.083333
vt 0.166667 0.104167
vt 0.208333 0.104167
vt 0.208333 0.083333
vt 0.250000 0.083333
vt 0.250000 0.104167
vt 0.291667 0.104167
vt 0.291667 0.083333
vt 0.041667 0.083333
vt 0.041667 0.104167
vt 0.083333 0.104167
vt 0.083333 0.083333
vt 0.125000 0.083333
vt 0.125000 0.104167
vt 0.333333 0.093750
vt -0.000000 0.093750
vt 0.041667 0.125000
vt 0.083333 0.125000
vt 0.125000 0.125000
vt 0.166667 0.125000
vt 0.208333 0.125000
vt 0.250000 0.125000
vt 0.291667 0.125000
vt 0.333333 0.114583
vt 0.000000 0.114583
vt 0.291667 0.145833
vt 0.333333 0.135417
vt 0.000000 0.135417
vt 0.041667 0.145833
vt 0.083333 0.145833
vt 0.125000 0.145833
vt 0.166667 0.145833
vt 0.208333 0.145833
vt 0.250000 0.145833
vt 0.083333 0.166667
vt 0.125000 0.166667
vt 0.166667 0.166667
vt 0.208333 0.166667
vt 0.250000 0.166667
vt 0.291667 0.166667
vt 0.041667 0.166667
vt 0.333333 0.156250
vt 0.000000 0.156250
vt 0.041667 0.187500
vt 0.083333 0.187500
vt 0.125000 0.187500
vt 0.166667 0.187500
vt 0.208333 0.187500
vt 0.250000 0.187500
vt 0.291667 0.187500
vt 0.333333 0.177083
vt 0.000000 0.177083
vt 0.125000 0.208333
vt 0.166667 0.208333
vt 0.208333 0.208333
vt 0.250000 0.208333
vt 0.291667 0.208333
vt 0.333333 0.197917
vt 0.000000 0.197917
vt 0.041667 0.208333
vt 0.083333 0.208333
vt 0.000000 0.218750
vt 0.041667 0.229167
vt 0.083333 0.229167
vt 0.125000 0.229167
vt 0.166667 0.229167
vt 0.208333 0.229167
vt 0.250000 0.229167
vt 0.291667 0.229167
vt 0.333333 0.218750
vt 0.166667 0.250000
vt 0.208333 0.250000
vt 0.250000 0.250000
vt 0.291667 0.250000
vt 0.041667 0.250000
vt 0.083333 0.250000
vt 0.125000 0.250000
vt 0.333333 0.239583
vt 0.000000 0.239583
vt 0.041667 0.270833
vt 0.083333 0.270833
vt 0.125000 0.270833
vt 0.166667 0.270833
vt 0.208333 0.270833
vt 0.250000 0.270833
vt 0.291667 0.270833
vt 0.333333 0.260417
vt 0.000000 0.260417
vt 0.208333 0.291667
vt 0.250000 0.291667
vt 0.291667 0.291667
vt 0.333333 0.281250
vt 0.000000 0.281250
vt 0.041667 0.291667
vt 0.083333 0.291667
vt 0.125000 0.291667
vt 0.166667 0.291667
vt 0.000000 0.302083
vt 0.041667 0.312500
vt 0.083333 0.312500
vt 0.125000 0.312500
vt 0.166667 0.312500
vt 0.208333 0.312500
vt 0.250000 0.312500
vt 0.291667 0.312500
vt 0.333333 0.302083
vt 0.250000 0.333333
vt 0.291667 0.333333
vt 0.041667 0.333333
vt 0.083333 0.333333
vt 0.125000 0.333333
vt 0.166667 0.333333
vt 0.208333 0.333333
vt 0.333333 0.322917
vt 0.000000 0.322917
vt 0.041667 -0.000000
vt 0.041667 0.020833
vt 0.083333 0.020833
vt 0.083333 -0.000000
vt 0.125000 -0.000000
vt 0.125000 0.020833
vt 0.166667 0.020833
vt 0.166667 -0.000000
vt 0.208333 -0.000000
vt 0.208333 0.020833
vt 0.250000 0.020833
vt 0.250000 -0.000000
vt 0.291667 -0.000000
vt 0.291667 0.020833
vt 0.333333 0.010417
vt -0.000000 0.010417
vt 0.291667 0.041667
vt 0.333333 0.031250
vt -0.000000 0.031250
vt 0.041667 0.041667
vt 0.083333 0.041667
vt 0.125000 0.041667
vt 0.166667 0.041667
vt 0.208333 0.041667
vt 0.250000 0.041667
vt 0.083333 0.062500
vt 0.125000 0.062500
vt 0.166667 0.062500
vt 0.208333 0.062500
vt 0.250000 0.062500
vt 0.291667 0.062500
vt 0.041667 0.062500
vt 0.333333 0.052083
vt -0.000000 0.052083
vt 0.333333 0.072917
vt -0.000000 0.072917
vt 0.166667 0.416667
vt 0.166667 0.437500
vt 0.208333 0.437500
vt 0.208333 0.416667
vt 0.250000 0.416667
vt 0.250000 0.437500
vt 0.291667 0.437500
vt 0.291667 0.416667
vt 0.041667 0.416667
vt 0.041667 0.437500
vt 0.083333 0.437500
vt 0.083333 0.416667
vt 0.125000 0.416667
vt 0.125000 0.437500
vt 0.333333 0.427083
vt -0.000000 0.427083
vt 0.041667 0.458333
vt 0.083333 0.458333
vt 0.125000 0.458333
vt 0.166667 0.458333
vt 0.208333 0.458333
vt 0.250000 0.458333
vt 0.291667 0.458333
vt 0.333333 0.447917
vt 0.000000 0.447917
vt 0.291667 0.479167
vt 0.333333 0.468750
vt 0.000000 0.468750
vt 0.041667 0.479167
vt 0.083333 0.479167
vt 0.125000 0.479167
vt 0.166667 0.479167
vt 0.208333 0.479167
vt 0.250000 0.479167
vt 0.083333 0.500000
vt 0.125000 0.500000
vt 0.166667 0.500000
vt 0.208333 0.500000
vt 0.250000 0.500000
vt 0.291667 0.500000
vt 0.041667 0.500000
vt 0.333333 0.489583
vt 0.000000 0.489583
vt 0.041667 0.520833
vt 0.083333 0.520833
vt 0.125000 0.520833
vt 0.166667 0.520833
vt 0.208333 0.520833
vt 0.250000 0.520833
vt 0.291667 0.520833
vt 0.333333 0.510417
vt 0.000000 0.510417
vt 0.125000 0.541667
vt 0.166667 0.541667
vt 0.208333 0.541667
vt 0.250000 0.541667
vt 0.291667 0.541667
vt 0.333333 0.531250
vt 0.000000 0.531250
vt 0.041667 0.541667
vt 0.083333 0.541667
vt 0.000000 0.552083
vt 0.041667 0.562500
vt 0.083333 0.562500
vt 0.125000 0.562500
vt 0.166667 0.562500
vt 0.208333 0.562500
vt 0.250000 0.562500
vt 0.291667 0.562500
vt 0.333333 0.552083
vt 0.166667 0.583333
vt 0.208333 0.583333
vt 0.250000 0.583333
vt 0.291667 0.583333
vt 0.041667 0.583333
vt 0.083333 0.583333
vt 0.125000 0.583333
vt 0.333333 0.572917
vt 0.000000 0.572917
vt 0.041667 0.604167
vt 0.083333 0.604167
vt 0.125000 0.604167
vt 0.166667 0.604167
vt 0.208333 0.604167
vt 0.250000 0.604167
vt 0.291667 0.604167
vt 0.333333 0.593750
vt 0.000000 0.593750
vt 0.208333 0.625000
vt 0.250000 0.625000
vt 0.291667 0.625000
vt 0.333333 0.614583
vt 0.000000 0.614583
vt 0.041667 0.625000
vt 0.083333 0.625000
vt 0.125000 0.625000
vt 0.166667 0.625000
vt 0.000000 0.635417
vt 0.041667 0.645833
vt 0.083333 0.645833
vt 0.125000 0.645833
vt 0.166667 0.645833
vt 0.208333 0.645833
vt 0.250000 0.645833
vt 0.291667 0.645833
vt 0.333333 0.635417
vt 0.250000 0.666667
vt 0.291667 0.666667
vt 0.041667 0.666667
vt 0.083333 0.666667
vt 0.125000 0.666667
vt 0.166667 0.666667
vt 0.208333 0.666667
vt 0.333333 0.656250
vt 0.000000 0.656250
vt 0.041667 0.333333
vt 0.041667 0.354167
vt 0.083333 0.354167
vt 0.083333 0.333333
vt 0.125000 0.333333
vt 0.125000 0.354167
vt 0.166667 0.354167
vt 0.166667 0.333333
vt 0.208333 0.333333
vt 0.208333 0.354167
vt 0.250000 0.354167
vt 0.291667 0.333333
vt 0.291667 0.354167
vt 0.333333 0.343750
vt -0.000000 0.343750
vt 0.291667 0.375000
vt 0.333333 0.364583
vt -0.000000 0.364583
vt 0.041667 0.375000
vt 0.083333 0.375000
vt 0.125000 0.375000
vt 0.166667 0.375000
vt 0.208333 0.375000
vt 0.250000 0.375000
vt 0.083333 0.395833
vt 0.125000 0.395833
vt 0.166667 0.395833
vt 0.208333 0.395833
vt 0.250000 0.395833
vt 0.291667 0.395833
vt 0.041667 0.395833
vt 0.333333 0.385417
vt -0.000000 0.385417
vt 0.333333 0.406250
vt -0.000000 0.406250
vt 0.416667 0.166667
vt 0.437500 0.166667
vt 0.437500 0.125000
vt 0.416667 0.125000
vt 0.416667 0.083333
vt 0.437500 0.083333
vt 0.437500 0.041667
vt 0.416667 0.041667
vt 0.416667 0.291667
vt 0.437500 0.291667
vt 0.437500 0.250000
vt 0.416667 0.250000
vt 0.416667 0.208333
vt 0.437500 0.208333
vt 0.427083 0.000000
vt 0.427083 0.333333
vt 0.458333 0.291667
vt 0.458333 0.250000
vt 0.458333 0.208333
vt 0.458333 0.166667
vt 0.458333 0.125000
vt 0.458333 0.083333
vt 0.458333 0.041667
vt 0.447917 0.000000
vt 0.447917 0.333333
vt 0.479167 0.041667
vt 0.468750 -0.000000
vt 0.468750 0.333333
vt 0.479167 0.291667
vt 0.479167 0.250000
vt 0.479167 0.208333
vt 0.479167 0.166667
vt 0.479167 0.125000
vt 0.479167 0.083333
vt 0.500000 0.250000
vt 0.500000 0.208333
vt 0.500000 0.166667
vt 0.500000 0.125000
vt 0.500000 0.083333
vt 0.500000 0.041667
vt 0.500000 0.291667
vt 0.489583 -0.000000
vt 0.489583 0.333333
vt 0.520833 0.291667
vt 0.520833 0.250000
vt 0.520833 0.208333
vt 0.520833 0.166667
vt 0.520833 0.125000
vt 0.520833 0.083333
vt 0.520833 0.041667
vt 0.510417 -0.000000
vt 0.510417 0.333333
vt 0.541667 0.208333
vt 0.541667 0.166667
vt 0.541667 0.125000
vt 0.541667 0.083333
vt 0.541667 0.041667
vt 0.531250 -0.000000
vt 0.531250 0.333333
vt 0.541667 0.291667
vt 0.541667 0.250000
vt 0.552083 0.333333
vt 0.562500 0.291667
vt 0.562500 0.250000
vt 0.562500 0.208333
vt 0.562500 0.166667
vt 0.562500 0.125000
vt 0.562500 0.083333
vt 0.562500 0.041667
vt 0.552083 -0.000000
vt 0.583333 0.166667
vt 0.583333 0.125000
vt 0.583333 0.083333
vt 0.583333 0.041667
vt 0.583333 0.291667
vt 0.583333 0.250000
vt 0.583333 0.208333
vt 0.572917 -0.000000
vt 0.572917 0.333333
vt 0.604167 0.291667
vt 0.604167 0.250000
vt 0.604167 0.208333
vt 0.604167 0.166667
vt 0.604167 0.125000
vt 0.604167 0.083333
vt 0.604167 0.041667
vt 0.593750 -0.000000
vt 0.593750 0.333333
vt 0.625000 0.125000
vt 0.625000 0.083333
vt 0.625000 0.041667
vt 0.614583 -0.000000
vt 0.614583 0.333333
vt 0.625000 0.291667
vt 0.625000 0.250000
vt 0.625000 0.208333
vt 0.625000 0.166667
vt 0.635417 0.333333
vt 0.645833 0.291667
vt 0.645833 0.250000
vt 0.645833 0.208333
vt 0.645833 0.166667
vt 0.645833 0.125000
vt 0.645833 0.083333
vt 0.645833 0.041667
vt 0.635417 -0.000000
vt 0.666667 0.083333
vt 0.666667 0.041667
vt 0.666667 0.291667
vt 0.666667 0.250000
vt 0.666667 0.208333
vt 0.666667 0.166667
vt 0.666667 0.125000
vt 0.656250 -0.000000
vt 0.656250 0.333333
vt 0.333333 0.291667
vt 0.354167 0.291667
vt 0.354167 0.250000
vt 0.333333 0.250000
vt 0.333333 0.208333
vt 0.354167 0.208333
vt 0.354167 0.166667
vt 0.333333 0.166667
vt 0.333333 0.125000
vt 0.354167 0.125000
vt 0.354167 0.083333
vt 0.333333 0.083333
vt 0.333333 0.041667
vt 0.354167 0.041667
vt 0.343750 0.000000
vt 0.343750 0.333333
vt 0.375000 0.041667
vt 0.364583 0.000000
vt 0.364583 0.333333
vt 0.375000 0.291667
vt 0.375000 0.250000
vt 0.375000 0.208333
vt 0.375000 0.166667
vt 0.375000 0.125000
vt 0.375000 0.083333
vt 0.395833 0.250000
vt 0.395833 0.208333
vt 0.395833 0.166667
vt 0.395833 0.125000
vt 0.395833 0.083333
vt 0.395833 0.041667
vt 0.395833 0.291667
vt 0.385417 0.000000
vt 0.385417 0.333333
vt 0.406250 0.000000
vt 0.406250 0.333333
vt 0.416667 0.500000
vt 0.437500 0.500000
vt 0.437500 0.458333
vt 0.416667 0.458333
vt 0.416667 0.416667
vt 0.437500 0.416667
vt 0.437500 0.375000
vt 0.416667 0.375000
vt 0.416667 0.625000
vt 0.437500 0.625000
vt 0.437500 0.583333
vt 0.416667 0.583333
vt 0.416667 0.541667
vt 0.437500 0.541667
vt 0.427083 0.333333
vt 0.427083 0.666667
vt 0.458333 0.625000
vt 0.458333 0.583333
vt 0.458333 0.541667
vt 0.458333 0.500000
vt 0.458333 0.458333
vt 0.458333 0.416667
vt 0.458333 0.375000
vt 0.447917 0.333333
vt 0.447917 0.666667
vt 0.479167 0.375000
vt 0.468750 0.333333
vt 0.468750 0.666667
vt 0.479167 0.625000
vt 0.479167 0.583333
vt 0.479167 0.541667
vt 0.479167 0.500000
vt 0.479167 0.458333
vt 0.479167 0.416667
vt 0.500000 0.583333
vt 0.500000 0.541667
vt 0.500000 0.500000
vt 0.500000 0.458333
vt 0.500000 0.416667
vt 0.500000 0.375000
vt 0.500000 0.625000
vt 0.489583 0.333333
vt 0.489583 0.666667
vt 0.520833 0.625000
vt 0.520833 0.583333
vt 0.520833 0.541667
vt 0.520833 0.500000
vt 0.520833 0.458333
vt 0.520833 0.416667
vt 0.520833 0.375000
vt 0.510417 0.333333
vt 0.510417 0.666667
vt 0.541667 0.541667
vt 0.541667 0.500000
vt 0.541667 0.458333
vt 0.541667 0.416667
vt 0.541667 0.375000
vt 0.531250 0.333333
vt 0.531250 0.666667
vt 0.541667 0.625000
vt 0.541667 0.583333
vt 0.552083 0.666667
vt 0.562500 0.625000
vt 0.562500 0.583333
vt 0.562500 0.541667
vt 0.562500 0.500000
vt 0.562500 0.458333
vt 0.562500 0.416667
vt 0.562500 0.375000
vt 0.552083 0.333333
vt 0.583333 0.500000
vt 0.583333 0.458333
vt 0.583333 0.416667
vt 0.583333 0.375000
vt 0.583333 0.625000
vt 0.583333 0.583333
vt 0.583333 0.541667
vt 0.572917 0.333333
vt 0.572917 0.666667
vt 0.604167 0.625000
vt 0.604167 0.583333
vt 0.604167 0.541667
vt 0.604167 0.500000
vt 0.604167 0.458333
vt 0.604167 0.416667
vt 0.604167 0.375000
vt 0.593750 0.333333
vt 0.593750 0.666667
vt 0.625000 0.458333
vt 0.625000 0.416667
vt 0.625000 0.375000
vt 0.614583 0.333333
vt 0.614583 0.666667
vt 0.625000 0.625000
vt 0.625000 0.583333
vt 0.625000 0.541667
vt 0.625000 0.500000
vt 0.635417 0.666667
vt 0.645833 0.625000
vt 0.645833 0.583333
vt 0.645833 0.541667
vt 0.645833 0.500000
vt 0.645833 0.458333
vt 0.645833 0.416667
vt 0.645833 0.375000
vt 0.635417 0.333333
vt 0.666667 0.416667
vt 0.666667 0.375000
vt 0.666667 0.625000
vt 0.666667 0.583333
vt 0.666667 0.541667
vt 0.666667 0.500000
vt 0.666667 0.458333
vt 0.656250 0.333333
vt 0.656250 0.666667
vt 0.333333 0.625000
vt 0.354167 0.625000
vt 0.354167 0.583333
vt 0.333333 0.583333
vt 0.333333 0.541667
vt 0.354167 0.541667
vt 0.354167 0.500000
vt 0.333333 0.500000
vt 0.333333 0.458333
vt 0.354167 0.458333
vt 0.354167 0.416667
vt 0.333333 0.416667
vt 0.333333 0.375000
vt 0.354167 0.375000
vt 0.343750 0.333333
vt 0.343750 0.666667
vt 0.375000 0.375000
vt 0.364583 0.333333
vt 0.364583 0.666667
vt 0.375000 0.625000
vt 0.375000 0.583333
vt 0.375000 0.541667
vt 0.375000 0.500000
vt 0.375000 0.458333
vt 0.375000 0.416667
vt 0.395833 0.583333
vt 0.395833 0.541667
vt 0.395833 0.500000
vt 0.395833 0.458333
vt 0.395833 0.416667
vt 0.395833 0.375000
vt 0.395833 0.625000
vt 0.385417 0.333333
vt 0.385417 0.666667
vt 0.406250 0.333333
vt 0.406250 0.666667
vt 0.166667 0.750000
vt 0.166667 0.770833
vt 0.208333 0.770833
vt 0.208333 0.750000
vt 0.250000 0.750000
vt 0.250000 0.770833
vt 0.291667 0.770833
vt 0.291667 0.750000
vt 0.041667 0.750000
vt 0.041667 0.770833
vt 0.083333 0.770833
vt 0.083333 0.750000
vt 0.125000 0.750000
vt 0.125000 0.770833
vt 0.333333 0.760417
vt -0.000000 0.760417
vt 0.041667 0.791667
vt 0.083333 0.791667
vt 0.125000 0.791667
vt 0.166667 0.791667
vt 0.208333 0.791667
vt 0.250000 0.791667
vt 0.291667 0.791667
vt 0.333333 0.781250
vt 0.000000 0.781250
vt 0.291667 0.812500
vt 0.333333 0.802083
vt 0.000000 0.802083
vt 0.041667 0.812500
vt 0.083333 0.812500
vt 0.125000 0.812500
vt 0.166667 0.812500
vt 0.208333 0.812500
vt 0.250000 0.812500
vt 0.083333 0.833333
vt 0.125000 0.833333
vt 0.166667 0.833333
vt 0.208333 0.833333
vt 0.250000 0.833333
vt 0.291667 0.833333
vt 0.041667 0.833333
vt 0.333333 0.822917
vt 0.000000 0.822917
vt 0.041667 0.854167
vt 0.083333 0.854167
vt 0.125000 0.854167
vt 0.166667 0.854167
vt 0.208333 0.854167
vt 0.250000 0.854167
vt 0.291667 0.854167
vt 0.333333 0.843750
vt 0.000000 0.843750
vt 0.125000 0.875000
vt 0.166667 0.875000
vt 0.208333 0.875000
vt 0.250000 0.875000
vt 0.291667 0.875000
vt 0.333333 0.864583
vt 0.000000 0.864583
vt 0.041667 0.875000
vt 0.083333 0.875000
vt 0.000000 0.885417
vt 0.041667 0.895833
vt 0.083333 0.895833
vt 0.125000 0.895833
vt 0.166667 0.895833
vt 0.208333 0.895833
vt 0.250000 0.895833
vt 0.291667 0.895833
vt 0.333333 0.885417
vt 0.166667 0.916667
vt 0.208333 0.916667
vt 0.250000 0.916667
vt 0.291667 0.916667
vt 0.041667 0.916667
vt 0.083333 0.916667
vt 0.125000 0.916667
vt 0.333333 0.906250
vt 0.000000 0.906250
vt 0.041667 0.937500
vt 0.083333 0.937500
vt 0.125000 0.937500
vt 0.166667 0.937500
vt 0.208333 0.937500
vt 0.250000 0.937500
vt 0.291667 0.937500
vt 0.333333 0.927083
vt 0.000000 0.927083
vt 0.208333 0.958333
vt 0.250000 0.958333
vt 0.291667 0.958333
vt 0.333333 0.947917
vt 0.000000 0.947917
vt 0.041667 0.958333
vt 0.083333 0.958333
vt 0.125000 0.958333
vt 0.166667 0.958333
vt 0.000000 0.968750
vt 0.041667 0.979167
vt 0.083333 0.979167
vt 0.125000 0.979167
vt 0.166667 0.979167
vt 0.208333 0.979167
vt 0.250000 0.979167
vt 0.291667 0.979167
vt 0.333333 0.968750
vt 0.250000 1.000000
vt 0.291667 1.000000
vt 0.041667 1.000000
vt 0.083333 1.000000
vt 0.125000 1.000000
vt 0.166667 1.000000
vt 0.208333 1.000000
vt 0.333333 0.989583
vt 0.000000 0.989583
vt 0.041667 0.666667
vt 0.041667 0.687500
vt 0.083333 0.687500
vt 0.083333 0.666667
vt 0.125000 0.666667
vt 0.125000 0.687500
vt 0.166667 0.687500
vt 0.166667 0.666667
vt 0.208333 0.666667
vt 0.208333 0.687500
vt 0.250000 0.687500
vt 0.291667 0.666667
vt 0.291667 0.687500
vt 0.333333 0.677083
vt -0.000000 0.677083
vt 0.291667 0.708333
vt 0.333333 0.697917
vt -0.000000 0.697917
vt 0.041667 0.708333
vt 0.083333 0.708333
vt 0.125000 0.708333
vt 0.166667 0.708333
vt 0.208333 0.708333
vt 0.250000 0.708333
vt 0.083333 0.729167
vt 0.125000 0.729167
vt 0.166667 0.729167
vt 0.208333 0.729167
vt 0.250000 0.729167
vt 0.291667 0.729167
vt 0.041667 0.729167
vt 0.333333 0.718750
vt -0.000000 0.718750
vt 0.333333 0.739583
vt -0.000000 0.739583
vt 0.500000 0.750000
vt 0.500000 0.770833
vt 0.541667 0.770833
vt 0.541667 0.750000
vt 0.583333 0.750000
vt 0.583333 0.770833
vt 0.625000 0.770833
vt 0.625000 0.750000
vt 0.375000 0.750000
vt 0.375000 0.770833
vt 0.416667 0.770833
vt 0.416667 0.750000
vt 0.458333 0.750000
vt 0.458333 0.770833
vt 0.666667 0.760417
vt 0.375000 0.791667
vt 0.416667 0.791667
vt 0.458333 0.791667
vt 0.500000 0.791667
vt 0.541667 0.791667
vt 0.583333 0.791667
vt 0.625000 0.791667
vt 0.666667 0.781250
vt 0.625000 0.812500
vt 0.666667 0.802083
vt 0.375000 0.812500
vt 0.416667 0.812500
vt 0.458333 0.812500
vt 0.500000 0.812500
vt 0.541667 0.812500
vt 0.583333 0.812500
vt 0.416667 0.833333
vt 0.458333 0.833333
vt 0.500000 0.833333
vt 0.541667 0.833333
vt 0.583333 0.833333
vt 0.625000 0.833333
vt 0.375000 0.833333
vt 0.666667 0.822917
vt 0.375000 0.854167
vt 0.416667 0.854167
vt 0.458333 0.854167
vt 0.500000 0.854167
vt 0.541667 0.854167
vt 0.583333 0.854167
vt 0.625000 0.854167
vt 0.666667 0.843750
vt 0.458333 0.875000
vt 0.500000 0.875000
vt 0.541667 0.875000
vt 0.583333 0.875000
vt 0.625000 0.875000
vt 0.666667 0.864583
vt 0.375000 0.875000
vt 0.416667 0.875000
vt 0.375000 0.895833
vt 0.416667 0.895833
vt 0.458333 0.895833
vt 0.500000 0.895833
vt 0.541667 0.895833
vt 0.583333 0.895833
vt 0.625000 0.895833
vt 0.666667 0.885417
vt 0.500000 0.916667
vt 0.541667 0.916667
vt 0.583333 0.916667
vt 0.625000 0.916667
vt 0.375000 0.916667
vt 0.416667 0.916667
vt 0.458333 0.916667
vt 0.666667 0.906250
vt 0.375000 0.937500
vt 0.416667 0.937500
vt 0.458333 0.937500
vt 0.500000 0.937500
vt 0.541667 0.937500
vt 0.583333 0.937500
vt 0.625000 0.937500
vt 0.666667 0.927083
vt 0.541667 0.958333
vt 0.583333 0.958333
vt 0.625000 0.958333
vt 0.666667 0.947917
vt 0.375000 0.958333
vt 0.416667 0.958333
vt 0.458333 0.958333
vt 0.500000 0.958333
vt 0.375000 0.979167
vt 0.416667 0.979167
vt 0.458333 0.979167
vt 0.500000 0.979167
vt 0.541667 0.979167
vt 0.583333 0.979167
vt 0.625000 0.979167
vt 0.666667 0.968750
vt 0.583333 1.000000
vt 0.625000 1.000000
vt 0.375000 1.000000
vt 0.416667 1.000000
vt 0.458333 1.000000
vt 0.500000 1.000000
vt 0.541667 1.000000
vt 0.666667 0.989583
vt 0.375000 0.666667
vt 0.375000 0.687500
vt 0.416667 0.687500
vt 0.416667 0.666667
vt 0.458333 0.666667
vt 0.458333 0.687500
vt 0.500000 0.687500
vt 0.500000 0.666667
vt 0.541667 0.666667
vt 0.541667 0.687500
vt 0.583333 0.687500
vt 0.583333 0.666667
vt 0.625000 0.666667
vt 0.625000 0.687500
vt 0.666667 0.677083
vt 0.625000 0.708333
vt 0.666667 0.697917
vt 0.375000 0.708333
vt 0.416667 0.708333
vt 0.458333 0.708333
vt 0.500000 0.708333
vt 0.541667 0.708333
vt 0.583333 0.708333
vt 0.416667 0.729167
vt 0.458333 0.729167
vt 0.500000 0.729167
vt 0.541667 0.729167
vt 0.583333 0.729167
vt 0.625000 0.729167
vt 0.375000 0.729167
vt 0.666667 0.718750
vt 0.666667 0.739583
vt 0.750000 0.166667
vt 0.770833 0.166667
vt 0.770833 0.125000
vt 0.750000 0.125000
vt 0.750000 0.083333
vt 0.770833 0.083333
vt 0.770833 0.041667
vt 0.750000 0.041667
vt 0.750000 0.291667
vt 0.770833 0.291667
vt 0.770833 0.250000
vt 0.750000 0.250000
vt 0.750000 0.208333
vt 0.770833 0.208333
vt 0.760417 0.000000
vt 0.760417 0.333333
vt 0.791667 0.291667
vt 0.791667 0.250000
vt 0.791667 0.208333
vt 0.791667 0.166667
vt 0.791667 0.125000
vt 0.791667 0.083333
vt 0.791667 0.041667
vt 0.781250 0.000000
vt 0.781250 0.333333
vt 0.812500 0.041667
vt 0.802083 0.000000
vt 0.802083 0.333333
vt 0.812500 0.291667
vt 0.812500 0.250000
vt 0.812500 0.208333
vt 0.812500 0.166667
vt 0.812500 0.125000
vt 0.812500 0.083333
vt 0.833333 0.250000
vt 0.833333 0.208333
vt 0.833333 0.166667
vt 0.833333 0.125000
vt 0.833333 0.083333
vt 0.833333 0.041667
vt 0.833333 0.291667
vt 0.822917 0.000000
vt 0.822917 0.333333
vt 0.854167 0.291667
vt 0.854167 0.250000
vt 0.854167 0.208333
vt 0.854167 0.166667
vt 0.854167 0.125000
vt 0.854167 0.083333
vt 0.854167 0.041667
vt 0.843750 0.000000
vt 0.843750 0.333333
vt 0.875000 0.208333
vt 0.875000 0.166667
vt 0.875000 0.125000
vt 0.875000 0.083333
vt 0.875000 0.041667
vt 0.864583 0.000000
vt 0.864583 0.333333
vt 0.875000 0.291667
vt 0.875000 0.250000
vt 0.885417 0.333333
vt 0.895833 0.291667
vt 0.895833 0.250000
vt 0.895833 0.208333
vt 0.895833 0.166667
vt 0.895833 0.125000
vt 0.895833 0.083333
vt 0.895833 0.041667
vt 0.885417 0.000000
vt 0.916667 0.166667
vt 0.916667 0.125000
vt 0.916667 0.083333
vt 0.916667 0.041667
vt 0.916667 0.291667
vt 0.916667 0.250000
vt 0.916667 0.208333
vt 0.906250 0.000000
vt 0.906250 0.333333
vt 0.937500 0.291667
vt 0.937500 0.250000
vt 0.937500 0.208333
vt 0.937500 0.166667
vt 0.937500 0.125000
vt 0.937500 0.083333
vt 0.937500 0.041667
vt 0.927083 -0.000000
vt 0.927083 0.333333
vt 0.958333 0.125000
vt 0.958333 0.083333
vt 0.958333 0.041667
vt 0.947917 -0.000000
vt 0.947917 0.333333
vt 0.958333 0.291667
vt 0.958333 0.250000
vt 0.958333 0.208333
vt 0.958333 0.166667
vt 0.968750 0.333333
vt 0.979167 0.291667
vt 0.979167 0.250000
vt 0.979167 0.208333
vt 0.979167 0.166667
vt 0.979167 0.125000
vt 0.979167 0.083333
vt 0.979167 0.041667
vt 0.968750 -0.000000
vt 1.000000 0.083333
vt 1.000000 0.041667
vt 1.000000 0.291667
vt 1.000000 0.250000
vt 1.000000 0.208333
vt 1.000000 0.166667
vt 1.000000 0.125000
vt 0.989583 -0.000000
vt 0.989583 0.333333
vt 0.666667 0.291667
vt 0.687500 0.291667
vt 0.687500 0.250000
vt 0.666667 0.250000
vt 0.666667 0.208333
vt 0.687500 0.208333
vt 0.687500 0.166667
vt 0.666667 0.166667
vt 0.666667 0.125000
vt 0.687500 0.125000
vt 0.687500 0.083333
vt 0.666667 0.083333
vt 0.666667 0.041667
vt 0.687500 0.041667
vt 0.677083 0.000000
vt 0.677083 0.333333
vt 0.708333 0.041667
vt 0.697917 0.000000
vt 0.697917 0.333333
vt 0.708333 0.291667
vt 0.708333 0.250000
vt 0.708333 0.208333
vt 0.708333 0.166667
vt 0.708333 0.125000
vt 0.708333 0.083333
vt 0.729167 0.250000
vt 0.729167 0.208333
vt 0.729167 0.166667
vt 0.729167 0.125000
vt 0.729167 0.083333
vt 0.729167 0.041667
vt 0.729167 0.291667
vt 0.718750 0.000000
vt 0.718750 0.333333
vt 0.739583 0.000000
vt 0.739583 0.333333
vt 0.916667 0.397640
vt 0.916667 0.355974
vt 0.905347 0.355974
vt 0.908328 0.380962
vt 0.916667 0.480974
vt 0.916667 0.439307
vt 0.895833 0.439307
vt 0.895833 0.397640
vt 0.895833 0.480974
vt 0.906250 0.522640
vt 0.887702 0.397640
vt 0.886542 0.420725
vt 0.875000 0.480974
vt 0.885417 0.522640
vt 0.875000 0.439307
vt 0.854167 0.480974
vt 0.864583 0.522640
vt 0.854167 0.439307
vt 0.843439 0.439307
vt 0.845232 0.463104
vt 0.833333 0.480974
vt 0.843750 0.522640
vt 0.812500 0.480974
vt 0.822917 0.522640
vt 0.833333 0.460871
vt 0.875000 0.418216
vt 0.688430 0.522640
vt 0.693483 0.542852
vt 0.731379 0.522640
vt 0.688100 0.542852
vt 0.693153 0.563063
vt 0.731049 0.542852
vt 0.812500 0.458540
vt 0.686178 0.563063
vt 0.691231 0.583274
vt 0.729127 0.563063
vt 0.682545 0.583274
vt 0.687598 0.603485
vt 0.725494 0.583274
vt 0.687500 0.371793
vt 0.989540 0.376893
vt 1.000000 0.382822
vt 0.729167 0.480974
vt 0.708333 0.480974
vt 0.718750 0.522640
vt 0.722090 0.439307
vt 0.717584 0.462472
vt 0.708333 0.439307
vt 0.687500 0.439307
vt 0.708333 0.397640
vt 0.687500 0.397640
vt 0.687500 0.480974
vt 0.697917 0.522640
vt 0.666667 0.439307
vt 0.666667 0.397640
vt 0.666667 0.480974
vt 0.677083 0.522640
vt 1.000000 0.439307
vt 1.000000 0.397640
vt 0.979167 0.397640
vt 1.000000 0.480974
vt 0.979167 0.480974
vt 0.989583 0.522640
vt 0.708333 0.369157
vt 0.703138 0.371749
vt 0.979167 0.439307
vt 0.958333 0.480974
vt 0.968750 0.522640
vt 0.979167 0.355974
vt 0.958333 0.355974
vt 0.958333 0.439307
vt 0.958333 0.397640
vt 0.937500 0.355974
vt 0.937500 0.439307
vt 0.937500 0.480974
vt 0.791667 0.458881
vt 0.937500 0.397640
vt 0.947917 0.522640
vt 0.958333 0.338481
vt 0.937500 0.334233
vt 0.927083 0.522640
vt 0.895833 0.381377
vt 0.750000 0.464859
vt 0.770833 0.460862
vt 0.729167 0.461795
vt 0.927987 0.333333
vt 0.823717 0.458540
vt 0.674076 0.382822
vt 0.669371 0.537493
vt 0.666667 0.528081
vt 0.671202 0.558185
vt 0.666667 0.548210
vt 0.673644 0.579366
vt 0.666667 0.567941
vt 0.979167 0.338041
vt 0.988133 0.355974
vt 0.666667 0.598834
vt 0.666912 0.587182
vt 0.722575 0.426123
vt 0.967080 0.338481
vt 0.700424 0.371793
vt 0.864894 0.417852
vt 0.948370 0.334233
s 1
f 156/155/156 162/156/162 161/157/161 155/158/155
f 267/159/267 160/160/160 159/161/159 266/162/266
f 158/163/158 165/164/165 164/165/164 268/166/268
f 157/167/157 163/168/163 162/156/162 156/155/156
f 155/158/155 161/157/161 160/160/160 267/159/267
f 266/162/266 159/161/159 216/169/216
f 215/170/215 165/164/165 158/163/158
f 268/166/268 164/165/164 163/168/163 157/167/157
f 165/164/165 172/171/172 171/172/171 164/165/164
f 163/168/163 170/173/170 169/174/169 162/156/162
f 161/157/161 168/175/168 167/176/167 160/160/160
f 159/161/159 166/177/166 216/178/216
f 215/179/215 172/171/172 165/164/165
f 164/165/164 171/172/171 170/173/170 163/168/163
f 162/156/162 169/174/169 168/175/168 161/157/161
f 160/160/160 167/176/167 166/177/166 159/161/159
f 166/177/166 173/180/173 216/181/216
f 215/182/215 179/183/179 172/171/172
f 171/172/171 178/184/178 177/185/177 170/173/170
f 169/174/169 176/186/176 175/187/175 168/175/168
f 167/176/167 174/188/174 173/180/173 166/177/166
f 172/171/172 179/183/179 178/184/178 171/172/171
f 170/173/170 177/185/177 176/186/176 169/174/169
f 168/175/168 175/187/175 174/188/174 167/176/167
f 178/184/178 185/189/185 184/190/184 177/185/177
f 176/186/176 183/191/183 182/192/182 175/187/175
f 174/188/174 181/193/181 180/194/180 173/180/173
f 179/183/179 186/195/186 185/189/185 178/184/178
f 177/185/177 184/190/184 183/191/183 176/186/176
f 175/187/175 182/192/182 181/193/181 174/188/174
f 173/180/173 180/194/180 216/196/216
f 215/197/215 186/195/186 179/183/179
f 186/195/186 193/198/193 192/199/192 185/189/185
f 184/190/184 191/200/191 190/201/190 183/191/183
f 182/192/182 189/202/189 188/203/188 181/193/181
f 180/194/180 187/204/187 216/205/216
f 215/206/215 193/198/193 186/195/186
f 185/189/185 192/199/192 191/200/191 184/190/184
f 183/191/183 190/201/190 189/202/189 182/192/182
f 181/193/181 188/203/188 187/204/187 180/194/180
f 191/200/191 198/207/198 197/208/197 190/201/190
f 189/202/189 196/209/196 195/210/195 188/203/188
f 187/204/187 194/211/194 216/212/216
f 215/213/215 200/214/200 193/198/193
f 192/199/192 199/215/199 198/207/198 191/200/191
f 190/201/190 197/208/197 196/209/196 189/202/189
f 188/203/188 195/210/195 194/211/194 187/204/187
f 193/198/193 200/214/200 199/215/199 192/199/192
f 215/216/215 207/217/207 200/214/200
f 199/215/199 206/218/206 205/219/205 198/207/198
f 197/208/197 204/220/204 203/221/203 196/209/196
f 195/210/195 202/222/202 201/223/201 194/211/194
f 200/214/200 207/217/207 206/218/206 199/215/199
f 198/207/198 205/219/205 204/220/204 197/208/197
f 196/209/196 203/221/203 202/222/202 195/210/195
f 194/211/194 201/223/201 216/224/216
f 204/220/204 211/225/211 210/226/210 203/221/203
f 202/222/202 209/227/209 208/228/208 201/223/201
f 207/217/207 214/229/214 213/230/213 206/218/206
f 205/219/205 212/231/212 211/225/211 204/220/204
f 203/221/203 210/226/210 209/227/209 202/222/202
f 201/223/201 208/228/208 216/232/216
f 215/233/215 214/229/214 207/217/207
f 206/218/206 213/230/213 212/231/212 205/219/205
f 214/229/214 223/234/223 222/235/222 213/230/213
f 212/231/212 221/236/221 220/237/220 211/225/211
f 210/226/210 219/238/219 218/239/218 209/227/209
f 208/228/208 217/240/217 216/241/216
f 215/242/215 223/234/223 214/229/214
f 213/230/213 222/235/222 221/236/221 212/231/212
f 211/225/211 220/237/220 219/238/219 210/226/210
f 209/227/209 218/239/218 217/240/217 208/228/208
f 219/238/219 226/243/226 225/244/225 218/239/218
f 217/240/217 224/245/224 216/246/216
f 215/247/215 230/248/230 223/234/223
f 222/235/222 229/249/229 228/250/228 221/236/221
f 220/237/220 227/251/227 226/243/226 219/238/219
f 218/239/218 225/244/225 224/245/224 217/240/217
f 223/234/223 230/248/230 229/249/229 222/235/222
f 221/236/221 228/250/228 227/251/227 220/237/220
f 215/252/215 237/253/237 230/248/230
f 229/249/229 236/254/236 235/255/235 228/250/228
f 227/251/227 234/256/234 233/257/233 226/243/226
f 225/244/225 232/258/232 231/259/231 224/245/224
f 230/248/230 237/253/237 236/254/236 229/249/229
f 228/250/228 235/255/235 234/256/234 227/251/227
f 226/243/226 233/257/233 232/258/232 225/244/225
f 224/245/224 231/259/231 216/260/216
f 232/258/232 239/261/239 238/262/238 231/259/231
f 237/253/237 244/263/244 243/264/243 236/254/236
f 235/255/235 242/265/242 241/266/241 234/256/234
f 233/257/233 240/267/240 239/261/239 232/258/232
f 231/259/231 238/262/238 216/268/216
f 215/269/215 244/263/244 237/253/237
f 236/254/236 243/264/243 242/265/242 235/255/235
f 234/256/234 241/266/241 240/267/240 233/257/233
f 244/270/244 251/271/251 250/272/250 243/273/243
f 242/274/242 249/275/249 248/276/248 241/277/241
f 240/278/240 247/279/247 246/280/246 239/281/239
f 238/282/238 245/283/245 216/284/216
f 215/285/215 251/271/251 244/270/244
f 243/273/243 250/272/250 249/275/249 242/274/242
f 241/277/241 248/276/248 247/279/247 240/278/240
f 239/281/239 246/280/246 245/283/245 238/282/238
f 245/283/245 252/286/252 216/287/216
f 215/288/215 258/289/258 251/271/251
f 250/272/250 257/290/257 256/291/256 249/275/249
f 248/276/248 255/292/255 254/293/254 247/279/247
f 246/280/246 253/294/253 252/286/252 245/283/245
f 251/271/251 258/289/258 257/290/257 250/272/250
f 249/275/249 256/291/256 255/292/255 248/276/248
f 247/279/247 254/293/254 253/294/253 246/280/246
f 257/290/257 264/295/264 263/296/263 256/291/256
f 255/292/255 262/297/262 261/298/261 254/293/254
f 253/294/253 260/299/260 259/300/259 252/286/252
f 258/289/258 265/301/265 264/295/264 257/290/257
f 256/291/256 263/296/263 262/297/262 255/292/255
f 254/293/254 261/298/261 260/299/260 253/294/253
f 252/286/252 259/300/259 216/302/216
f 215/303/215 265/301/265 258/289/258
f 265/301/265 158/163/158 268/166/268 264/295/264
f 263/296/263 157/167/157 156/155/156 262/297/262
f 261/298/261 155/158/155 267/159/267 260/299/260
f 259/300/259 266/162/266 216/304/216
f 215/305/215 158/163/158 265/301/265
f 264/295/264 268/166/268 157/167/157 263/296/263
f 262/297/262 156/155/156 155/158/155 261/298/261
f 260/299/260 267/159/267 266/162/266 259/300/259
f 270/306/270 276/307/276 275/308/275 269/309/269
f 381/310/381 274/311/274 273/312/273 380/313/380
f 272/314/272 279/315/279 278/316/278 382/317/382
f 271/318/271 277/319/277 276/307/276 270/306/270
f 269/309/269 275/308/275 274/311/274 381/310/381
f 380/313/380 273/312/273 330/320/330
f 329/321/329 279/315/279 272/314/272
f 382/317/382 278/316/278 277/319/277 271/318/271
f 279/315/279 286/322/286 285/323/285 278/316/278
f 277/319/277 284/324/284 283/325/283 276/307/276
f 275/308/275 282/326/282 281/327/281 274/311/274
f 273/312/273 280/328/280 330/329/330
f 329/330/329 286/322/286 279/315/279
f 278/316/278 285/323/285 284/324/284 277/319/277
f 276/307/276 283/325/283 282/326/282 275/308/275
f 274/311/274 281/327/281 280/328/280 273/312/273
f 280/328/280 287/331/287 330/332/330
f 329/333/329 293/334/293 286/322/286
f 285/323/285 292/335/292 291/336/291 284/324/284
f 283/325/283 290/337/290 289/338/289 282/326/282
f 281/327/281 288/339/288 287/331/287 280/328/280
f 286/322/286 293/334/293 292/335/292 285/323/285
f 284/324/284 291/336/291 290/337/290 283/325/283
f 282/326/282 289/338/289 288/339/288 281/327/281
f 292/335/292 299/340/299 298/341/298 291/336/291
f 290/337/290 297/342/297 296/343/296 289/338/289
f 288/339/288 295/344/295 294/345/294 287/331/287
f 293/334/293 300/346/300 299/340/299 292/335/292
f 291/336/291 298/341/298 297/342/297 290/337/290
f 289/338/289 296/343/296 295/344/295 288/339/288
f 287/331/287 294/345/294 330/347/330
f 329/348/329 300/346/300 293/334/293
f 300/346/300 307/349/307 306/350/306 299/340/299
f 298/341/298 305/351/305 304/352/304 297/342/297
f 296/343/296 303/353/303 302/354/302 295/344/295
f 294/345/294 301/355/301 330/356/330
f 329/357/329 307/349/307 300/346/300
f 299/340/299 306/350/306 305/351/305 298/341/298
f 297/342/297 304/352/304 303/353/303 296/343/296
f 295/344/295 302/354/302 301/355/301 294/345/294
f 305/351/305 312/358/312 311/359/311 304/352/304
f 303/353/303 310/360/310 309/361/309 302/354/302
f 301/355/301 308/362/308 330/363/330
f 329/364/329 314/365/314 307/349/307
f 306/350/306 313/366/313 312/358/312 305/351/305
f 304/352/304 311/359/311 310/360/310 303/353/303
f 302/354/302 309/361/309 308/362/308 301/355/301
f 307/349/307 314/365/314 313/366/313 306/350/306
f 329/367/329 321/368/321 314/365/314
f 313/366/313 320/369/320 319/370/319 312/358/312
f 311/359/311 318/371/318 317/372/317 310/360/310
f 309/361/309 316/373/316 315/374/315 308/362/308
f 314/365/314 321/368/321 320/369/320 313/366/313
f 312/358/312 319/370/319 318/371/318 311/359/311
f 310/360/310 317/372/317 316/373/316 309/361/309
f 308/362/308 315/374/315 330/375/330
f 318/371/318 325/376/325 324/377/324 317/372/317
f 316/373/316 323/378/323 322/379/322 315/374/315
f 321/368/321 328/380/328 327/381/327 320/369/320
f 319/370/319 326/382/326 325/376/325 318/371/318
f 317/372/317 324/377/324 323/378/323 316/373/316
f 315/374/315 322/379/322 330/383/330
f 329/384/329 328/380/328 321/368/321
f 320/369/320 327/381/327 326/382/326 319/370/319
f 328/380/328 337/385/337 336/386/336 327/381/327
f 326/382/326 335/387/335 334/388/334 325/376/325
f 324/377/324 333/389/333 332/390/332 323/378/323
f 322/379/322 331/391/331 330/392/330
f 329/393/329 337/385/337 328/380/328
f 327/381/327 336/386/336 335/387/335 326/382/326
f 325/376/325 334/388/334 333/389/333 324/377/324
f 323/378/323 332/390/332 331/391/331 322/379/322
f 333/389/333 340/394/340 339/395/339 332/390/332
f 331/391/331 338/396/338 330/397/330
f 329/398/329 344/399/344 337/385/337
f 336/386/336 343/400/343 342/401/342 335/387/335
f 334/388/334 341/402/341 340/394/340 333/389/333
f 332/390/332 339/395/339 338/396/338 331/391/331
f 337/385/337 344/399/344 343/400/343 336/386/336
f 335/387/335 342/401/342 341/402/341 334/388/334
f 329/403/329 351/404/351 344/399/344
f 343/400/343 350/405/350 349/406/349 342/401/342
f 341/402/341 348/407/348 347/408/347 340/394/340
f 339/395/339 346/409/346 345/410/345 338/396/338
f 344/399/344 351/404/351 350/405/350 343/400/343
f 342/401/342 349/406/349 348/407/348 341/402/341
f 340/394/340 347/408/347 346/409/346 339/395/339
f 338/396/338 345/410/345 330/411/330
f 346/409/346 353/412/353 352/413/352 345/410/345
f 351/404/351 358/414/358 357/415/357 350/405/350
f 349/406/349 356/416/356 355/417/355 348/407/348
f 347/408/347 354/418/354 353/412/353 346/409/346
f 345/410/345 352/413/352 330/419/330
f 329/420/329 358/414/358 351/404/351
f 350/405/350 357/415/357 356/416/356 349/406/349
f 348/407/348 355/417/355 354/418/354 347/408/347
f 358/421/358 365/422/365 364/423/364 357/424/357
f 356/425/356 363/426/363 362/427/362 355/428/355
f 354/429/354 361/430/361 360/431/360 353/261/353
f 352/432/352 359/433/359 330/434/330
f 329/435/329 365/422/365 358/421/358
f 357/424/357 364/423/364 363/426/363 356/425/356
f 355/428/355 362/427/362 361/430/361 354/429/354
f 353/261/353 360/431/360 359/433/359 352/432/352
f 359/433/359 366/436/366 330/437/330
f 329/438/329 372/439/372 365/422/365
f 364/423/364 371/440/371 370/441/370 363/426/363
f 362/427/362 369/442/369 368/443/368 361/430/361
f 360/431/360 367/444/367 366/436/366 359/433/359
f 365/422/365 372/439/372 371/440/371 364/423/364
f 363/426/363 370/441/370 369/442/369 362/427/362
f 361/430/361 368/443/368 367/444/367 360/431/360
f 371/440/371 378/445/378 377/446/377 370/441/370
f 369/442/369 376/447/376 375/448/375 368/443/368
f 367/444/367 374/449/374 373/450/373 366/436/366
f 372/439/372 379/451/379 378/445/378 371/440/371
f 370/441/370 377/446/377 376/447/376 369/442/369
f 368/443/368 375/448/375 374/449/374 367/444/367
f 366/436/366 373/450/373 330/452/330
f 329/453/329 379/451/379 372/439/372
f 379/451/379 272/314/272 382/317/382 378/445/378
f 377/446/377 271/318/271 270/306/270 376/447/376
f 375/448/375 269/309/269 381/310/381 374/449/374
f 373/450/373 380/313/380 330/454/330
f 329/455/329 272/314/272 379/451/379
f 378/445/378 382/317/382 271/318/271 377/446/377
f 376/447/376 270/306/270 269/309/269 375/448/375
f 374/449/374 381/310/381 380/313/380 373/450/373
f 384/456/384 390/457/390 389/458/389 383/459/383
f 495/460/495 388/461/388 387/462/387 494/463/494
f 386/464/386 393/465/393 392/466/392 496/467/496
f 385/468/385 391/469/391 390/457/390 384/456/384
f 383/459/383 389/458/389 388/461/388 495/460/495
f 494/463/494 387/462/387 444/470/444
f 443/471/443 393/465/393 386/464/386
f 496/467/496 392/466/392 391/469/391 385/468/385
f 393/465/393 400/472/400 399/473/399 392/466/392
f 391/469/391 398/474/398 397/475/397 390/457/390
f 389/458/389 396/476/396 395/477/395 388/461/388
f 387/462/387 394/478/394 444/479/444
f 443/480/443 400/472/400 393/465/393
f 392/466/392 399/473/399 398/474/398 391/469/391
f 390/457/390 397/475/397 396/476/396 389/458/389
f 388/461/388 395/477/395 394/478/394 387/462/387
f 394/478/394 401/481/401 444/482/444
f 443/483/443 407/484/407 400/472/400
f 399/473/399 406/485/406 405/486/405 398/474/398
f 397/475/397 404/487/404 403/488/403 396/476/396
f 395/477/395 402/489/402 401/481/401 394/478/394
f 400/472/400 407/484/407 406/485/406 399/473/399
f 398/474/398 405/486/405 404/487/404 397/475/397
f 396/476/396 403/488/403 402/489/402 395/477/395
f 406/485/406 413/490/413 412/491/412 405/486/405
f 404/487/404 411/492/411 410/493/410 403/488/403
f 402/489/402 409/494/409 408/495/408 401/481/401
f 407/484/407 414/496/414 413/490/413 406/485/406
f 405/486/405 412/491/412 411/492/411 404/487/404
f 403/488/403 410/493/410 409/494/409 402/489/402
f 401/481/401 408/495/408 444/497/444
f 443/498/443 414/496/414 407/484/407
f 414/496/414 421/499/421 420/500/420 413/490/413
f 412/491/412 419/501/419 418/502/418 411/492/411
f 410/493/410 417/503/417 416/504/416 409/494/409
f 408/495/408 415/505/415 444/506/444
f 443/507/443 421/499/421 414/496/414
f 413/490/413 420/500/420 419/501/419 412/491/412
f 411/492/411 418/502/418 417/503/417 410/493/410
f 409/494/409 416/504/416 415/505/415 408/495/408
f 419/501/419 426/508/426 425/509/425 418/502/418
f 417/503/417 424/510/424 423/511/423 416/504/416
f 415/505/415 422/512/422 444/513/444
f 443/514/443 428/515/428 421/499/421
f 420/500/420 427/516/427 426/508/426 419/501/419
f 418/502/418 425/509/425 424/510/424 417/503/417
f 416/504/416 423/511/423 422/512/422 415/505/415
f 421/499/421 428/515/428 427/516/427 420/500/420
f 443/517/443 435/518/435 428/515/428
f 427/516/427 434/519/434 433/520/433 426/508/426
f 425/509/425 432/521/432 431/522/431 424/510/424
f 423/511/423 430/523/430 429/524/429 422/512/422
f 428/515/428 435/518/435 434/519/434 427/516/427
f 426/508/426 433/520/433 432/521/432 425/509/425
f 424/510/424 431/522/431 430/523/430 423/511/423
f 422/512/422 429/524/429 444/525/444
f 432/521/432 439/526/439 438/527/438 431/522/431
f 430/523/430 437/528/437 436/529/436 429/524/429
f 435/518/435 442/530/442 441/531/441 434/519/434
f 433/520/433 440/532/440 439/526/439 432/521/432
f 431/522/431 438/527/438 437/528/437 430/523/430
f 429/524/429 436/529/436 444/533/444
f 443/534/443 442/530/442 435/518/435
f 434/519/434 441/531/441 440/532/440 433/520/433
f 442/530/442 451/535/451 450/536/450 441/531/441
f 440/532/440 449/537/449 448/538/448 439/526/439
f 438/527/438 447/539/447 446/540/446 437/528/437
f 436/529/436 445/541/445 444/542/444
f 443/543/443 451/535/451 442/530/442
f 441/531/441 450/536/450 449/537/449 440/532/440
f 439/526/439 448/538/448 447/539/447 438/527/438
f 437/528/437 446/540/446 445/541/445 436/529/436
f 447/539/447 454/544/454 453/545/453 446/540/446
f 445/541/445 452/546/452 444/547/444
f 443/548/443 458/549/458 451/535/451
f 450/536/450 457/550/457 456/551/456 449/537/449
f 448/538/448 455/552/455 454/544/454 447/539/447
f 446/540/446 453/545/453 452/546/452 445/541/445
f 451/535/451 458/549/458 457/550/457 450/536/450
f 449/537/449 456/551/456 455/552/455 448/538/448
f 443/553/443 465/554/465 458/549/458
f 457/550/457 464/555/464 463/556/463 456/551/456
f 455/552/455 462/557/462 461/558/461 454/544/454
f 453/545/453 460/559/460 459/560/459 452/546/452
f 458/549/458 465/554/465 464/555/464 457/550/457
f 456/551/456 463/556/463 462/557/462 455/552/455
f 454/544/454 461/558/461 460/559/460 453/545/453
f 452/546/452 459/560/459 444/561/444
f 460/559/460 467/562/467 466/563/466 459/560/459
f 465/554/465 472/564/472 471/565/471 464/555/464
f 463/556/463 470/566/470 469/567/469 462/557/462
f 461/558/461 468/568/468 467/562/467 460/559/460
f 459/560/459 466/563/466 444/569/444
f 443/570/443 472/564/472 465/554/465
f 464/555/464 471/565/471 470/566/470 463/556/463
f 462/557/462 469/567/469 468/568/468 461/558/461
f 472/571/472 479/572/479 478/573/478 471/574/471
f 470/575/470 477/576/477 476/577/476 469/578/469
f 468/579/468 475/580/475 474/581/474 467/582/467
f 466/583/466 473/584/473 444/585/444
f 443/586/443 479/572/479 472/571/472
f 471/574/471 478/573/478 477/576/477 470/575/470
f 469/578/469 476/577/476 475/580/475 468/579/468
f 467/582/467 474/581/474 473/584/473 466/583/466
f 473/584/473 480/587/480 444/588/444
f 443/589/443 486/590/486 479/572/479
f 478/573/478 485/591/485 484/592/484 477/576/477
f 476/577/476 483/593/483 482/594/482 475/580/475
f 474/581/474 481/595/481 480/587/480 473/584/473
f 479/572/479 486/590/486 485/591/485 478/573/478
f 477/576/477 484/592/484 483/593/483 476/577/476
f 475/580/475 482/594/482 481/595/481 474/581/474
f 485/591/485 492/596/492 491/597/491 484/592/484
f 483/593/483 490/598/490 489/599/489 482/594/482
f 481/595/481 488/600/488 487/601/487 480/587/480
f 486/590/486 493/602/493 492/596/492 485/591/485
f 484/592/484 491/597/491 490/598/490 483/593/483
f 482/594/482 489/599/489 488/600/488 481/595/481
f 480/587/480 487/601/487 444/603/444
f 443/604/443 493/602/493 486/590/486
f 493/602/493 386/464/386 496/467/496 492/596/492
f 491/597/491 385/468/385 384/456/384 490/598/490
f 489/599/489 383/459/383 495/460/495 488/600/488
f 487/601/487 494/463/494 444/605/444
f 443/606/443 386/464/386 493/602/493
f 492/596/492 496/467/496 385/468/385 491/597/491
f 490/598/490 384/456/384 383/459/383 489/599/489
f 488/600/488 495/460/495 494/463/494 487/601/487
f 498/607/498 504/608/504 503/609/503 497/610/497
f 609/611/609 502/612/502 501/613/501 608/614/608
f 500/615/500 507/616/507 506/617/506 610/618/610
f 499/619/499 505/620/505 504/608/504 498/607/498
f 497/610/497 503/609/503 502/612/502 609/611/609
f 608/614/608 501/613/501 558/621/558
f 557/622/557 507/616/507 500/615/500
f 610/618/610 506/617/506 505/620/505 499/619/499
f 507/616/507 514/623/514 513/624/513 506/617/506
f 505/620/505 512/625/512 511/626/511 504/608/504
f 503/609/503 510/627/510 509/628/509 502/612/502
f 501/613/501 508/629/508 558/630/558
f 557/631/557 514/623/514 507/616/507
f 506/617/506 513/624/513 512/625/512 505/620/505
f 504/608/504 511/626/511 510/627/510 503/609/503
f 502/612/502 509/628/509 508/629/508 501/613/501
f 508/629/508 515/632/515 558/633/558
f 557/634/557 521/635/521 514/623/514
f 513/624/513 520/636/520 519/637/519 512/625/512
f 511/626/511 518/638/518 517/639/517 510/627/510
f 509/628/509 516/640/516 515/632/515 508/629/508
f 514/623/514 521/635/521 520/636/520 513/624/513
f 512/625/512 519/637/519 518/638/518 511/626/511
f 510/627/510 517/639/517 516/640/516 509/628/509
f 520/636/520 527/641/527 526/642/526 519/637/519
f 518/638/518 525/643/525 524/644/524 517/639/517
f 516/640/516 523/645/523 522/646/522 515/632/515
f 521/635/521 528/647/528 527/641/527 520/636/520
f 519/637/519 526/642/526 525/643/525 518/638/518
f 517/639/517 524/644/524 523/645/523 516/640/516
f 515/632/515 522/646/522 558/648/558
f 557/649/557 528/647/528 521/635/521
f 528/647/528 535/650/535 534/651/534 527/641/527
f 526/642/526 533/652/533 532/653/532 525/643/525
f 524/644/524 531/654/531 530/655/530 523/645/523
f 522/646/522 529/656/529 558/657/558
f 557/658/557 535/650/535 528/647/528
f 527/641/527 534/651/534 533/652/533 526/642/526
f 525/643/525 532/653/532 531/654/531 524/644/524
f 523/645/523 530/655/530 529/656/529 522/646/522
f 533/652/533 540/659/540 539/660/539 532/653/532
f 531/654/531 538/661/538 537/662/537 530/655/530
f 529/656/529 536/663/536 558/664/558
f 557/665/557 542/666/542 535/650/535
f 534/651/534 541/667/541 540/659/540 533/652/533
f 532/653/532 539/660/539 538/661/538 531/654/531
f 530/655/530 537/662/537 536/663/536 529/656/529
f 535/650/535 542/666/542 541/667/541 534/651/534
f 557/668/557 549/669/549 542/666/542
f 541/667/541 548/670/548 547/671/547 540/659/540
f 539/660/539 546/672/546 545/673/545 538/661/538
f 537/662/537 544/674/544 543/675/543 536/663/536
f 542/666/542 549/669/549 548/670/548 541/667/541
f 540/659/540 547/671/547 546/672/546 539/660/539
f 538/661/538 545/673/545 544/674/544 537/662/537
f 536/663/536 543/675/543 558/676/558
f 546/672/546 553/677/553 552/678/552 545/673/545
f 544/674/544 551/679/551 550/680/550 543/675/543
f 549/669/549 556/681/556 555/682/555 548/670/548
f 547/671/547 554/683/554 553/677/553 546/672/546
f 545/673/545 552/678/552 551/679/551 544/674/544
f 543/675/543 550/680/550 558/684/558
f 557/685/557 556/681/556 549/669/549
f 548/670/548 555/682/555 554/683/554 547/671/547
f 556/681/556 565/686/565 564/687/564 555/682/555
f 554/683/554 563/688/563 562/689/562 553/677/553
f 552/678/552 561/690/561 560/691/560 551/679/551
f 550/680/550 559/692/559 558/693/558
f 557/694/557 565/686/565 556/681/556
f 555/682/555 564/687/564 563/688/563 554/683/554
f 553/677/553 562/689/562 561/690/561 552/678/552
f 551/679/551 560/691/560 559/692/559 550/680/550
f 561/690/561 568/695/568 567/696/567 560/691/560
f 559/692/559 566/697/566 558/698/558
f 557/699/557 572/700/572 565/686/565
f 564/687/564 571/701/571 570/702/570 563/688/563
f 562/689/562 569/703/569 568/695/568 561/690/561
f 560/691/560 567/696/567 566/697/566 559/692/559
f 565/686/565 572/700/572 571/701/571 564/687/564
f 563/688/563 570/702/570 569/703/569 562/689/562
f 557/704/557 579/705/579 572/700/572
f 571/701/571 578/706/578 577/707/577 570/702/570
f 569/703/569 576/708/576 575/709/575 568/695/568
f 567/696/567 574/710/574 573/711/573 566/697/566
f 572/700/572 579/705/579 578/706/578 571/701/571
f 570/702/570 577/707/577 576/708/576 569/703/569
f 568/695/568 575/709/575 574/710/574 567/696/567
f 566/697/566 573/711/573 558/712/558
f 574/710/574 581/713/581 580/714/580 573/711/573
f 579/705/579 586/715/586 585/716/585 578/706/578
f 577/707/577 584/717/584 583/718/583 576/708/576
f 575/709/575 582/719/582 581/713/581 574/710/574
f 573/711/573 580/714/580 558/720/558
f 557/721/557 586/715/586 579/705/579
f 578/706/578 585/716/585 584/717/584 577/707/577
f 576/708/576 583/718/583 582/719/582 575/709/575
f 586/722/586 593/723/593 592/724/592 585/725/585
f 584/726/584 591/727/591 590/728/590 583/729/583
f 582/730/582 589/731/589 588/732/588 581/733/581
f 580/734/580 587/735/587 558/736/558
f 557/737/557 593/723/593 586/722/586
f 585/725/585 592/724/592 591/727/591 584/726/584
f 583/729/583 590/728/590 589/731/589 582/730/582
f 581/733/581 588/732/588 587/735/587 580/734/580
f 587/735/587 594/738/594 558/739/558
f 557/740/557 600/741/600 593/723/593
f 592/724/592 599/742/599 598/743/598 591/727/591
f 590/728/590 597/744/597 596/745/596 589/731/589
f 588/732/588 595/746/595 594/738/594 587/735/587
f 593/723/593 600/741/600 599/742/599 592/724/592
f 591/727/591 598/743/598 597/744/597 590/728/590
f 589/731/589 596/745/596 595/746/595 588/732/588
f 599/742/599 606/747/606 605/748/605 598/743/598
f 597/744/597 604/749/604 603/750/603 596/745/596
f 595/746/595 602/751/602 601/752/601 594/738/594
f 600/741/600 607/753/607 606/747/606 599/742/599
f 598/743/598 605/748/605 604/749/604 597/744/597
f 596/745/596 603/750/603 602/751/602 595/746/595
f 594/738/594 601/752/601 558/754/558
f 557/755/557 607/753/607 600/741/600
f 607/753/607 500/615/500 610/618/610 606/747/606
f 605/748/605 499/619/499 498/607/498 604/749/604
f 603/750/603 497/610/497 609/611/609 602/751/602
f 601/752/601 608/614/608 558/756/558
f 557/757/557 500/615/500 607/753/607
f 606/747/606 610/618/610 499/619/499 605/748/605
f 604/749/604 498/607/498 497/610/497 603/750/603
f 602/751/602 609/611/609 608/614/608 601/752/601
f 612/758/612 618/759/618 617/760/617 611/761/611
f 723/762/723 616/763/616 615/764/615 722/765/722
f 614/766/614 621/767/621 620/768/620 724/769/724
f 613/770/613 619/771/619 618/759/618 612/758/612
f 611/761/611 617/760/617 616/763/616 723/762/723
f 722/765/722 615/764/615 672/772/672
f 671/773/671 621/767/621 614/766/614
f 724/769/724 620/768/620 619/771/619 613/770/613
f 621/767/621 628/774/628 627/775/627 620/768/620
f 619/771/619 626/776/626 625/777/625 618/759/618
f 617/760/617 624/778/624 623/779/623 616/763/616
f 615/764/615 622/780/622 672/781/672
f 671/782/671 628/774/628 621/767/621
f 620/768/620 627/775/627 626/776/626 619/771/619
f 618/759/618 625/777/625 624/778/624 617/760/617
f 616/763/616 623/779/623 622/780/622 615/764/615
f 622/780/622 629/783/629 672/784/672
f 671/785/671 635/786/635 628/774/628
f 627/775/627 634/787/634 633/788/633 626/776/626
f 625/777/625 632/789/632 631/790/631 624/778/624
f 623/779/623 630/791/630 629/783/629 622/780/622
f 628/774/628 635/786/635 634/787/634 627/775/627
f 626/776/626 633/788/633 632/789/632 625/777/625
f 624/778/624 631/790/631 630/791/630 623/779/623
f 634/787/634 641/792/641 640/793/640 633/788/633
f 632/789/632 639/794/639 638/795/638 631/790/631
f 630/791/630 637/796/637 636/797/636 629/783/629
f 635/786/635 642/798/642 641/792/641 634/787/634
f 633/788/633 640/793/640 639/794/639 632/789/632
f 631/790/631 638/795/638 637/796/637 630/791/630
f 629/783/629 636/797/636 672/799/672
f 671/800/671 642/798/642 635/786/635
f 642/798/642 649/801/649 648/802/648 641/792/641
f 640/793/640 647/803/647 646/804/646 639/794/639
f 638/795/638 645/805/645 644/806/644 637/796/637
f 636/797/636 643/807/643 672/808/672
f 671/809/671 649/801/649 642/798/642
f 641/792/641 648/802/648 647/803/647 640/793/640
f 639/794/639 646/804/646 645/805/645 638/795/638
f 637/796/637 644/806/644 643/807/643 636/797/636
f 647/803/647 654/810/654 653/811/653 646/804/646
f 645/805/645 652/812/652 651/813/651 644/806/644
f 643/807/643 650/814/650 672/815/672
f 671/816/671 656/817/656 649/801/649
f 648/802/648 655/818/655 654/810/654 647/803/647
f 646/804/646 653/811/653 652/812/652 645/805/645
f 644/806/644 651/813/651 650/814/650 643/807/643
f 649/801/649 656/817/656 655/818/655 648/802/648
f 671/819/671 663/820/663 656/817/656
f 655/818/655 662/821/662 661/822/661 654/810/654
f 653/811/653 660/823/660 659/824/659 652/812/652
f 651/813/651 658/825/658 657/826/657 650/814/650
f 656/817/656 663/820/663 662/821/662 655/818/655
f 654/810/654 661/822/661 660/823/660 653/811/653
f 652/812/652 659/824/659 658/825/658 651/813/651
f 650/814/650 657/826/657 672/827/672
f 660/823/660 667/828/667 666/829/666 659/824/659
f 658/825/658 665/830/665 664/831/664 657/826/657
f 663/820/663 670/832/670 669/833/669 662/821/662
f 661/822/661 668/834/668 667/828/667 660/823/660
f 659/824/659 666/829/666 665/830/665 658/825/658
f 657/826/657 664/831/664 672/835/672
f 671/836/671 670/832/670 663/820/663
f 662/821/662 669/833/669 668/834/668 661/822/661
f 670/832/670 679/837/679 678/838/678 669/833/669
f 668/834/668 677/839/677 676/840/676 667/828/667
f 666/829/666 675/841/675 674/842/674 665/830/665
f 664/831/664 673/843/673 672/844/672
f 671/845/671 679/837/679 670/832/670
f 669/833/669 678/838/678 677/839/677 668/834/668
f 667/828/667 676/840/676 675/841/675 666/829/666
f 665/830/665 674/842/674 673/843/673 664/831/664
f 675/841/675 682/846/682 681/847/681 674/842/674
f 673/843/673 680/848/680 672/849/672
f 671/850/671 686/851/686 679/837/679
f 678/838/678 685/852/685 684/853/684 677/839/677
f 676/840/676 683/854/683 682/846/682 675/841/675
f 674/842/674 681/847/681 680/848/680 673/843/673
f 679/837/679 686/851/686 685/852/685 678/838/678
f 677/839/677 684/853/684 683/854/683 676/840/676
f 671/855/671 693/856/693 686/851/686
f 685/852/685 692/857/692 691/858/691 684/853/684
f 683/854/683 690/859/690 689/860/689 682/846/682
f 681/847/681 688/861/688 687/862/687 680/848/680
f 686/851/686 693/856/693 692/857/692 685/852/685
f 684/853/684 691/858/691 690/859/690 683/854/683
f 682/846/682 689/860/689 688/861/688 681/847/681
f 680/848/680 687/862/687 672/863/672
f 688/861/688 695/864/695 694/865/694 687/862/687
f 693/856/693 700/866/700 699/867/699 692/857/692
f 691/858/691 698/868/698 697/869/697 690/859/690
f 689/860/689 696/870/696 695/864/695 688/861/688
f 687/862/687 694/865/694 672/871/672
f 671/872/671 700/866/700 693/856/693
f 692/857/692 699/867/699 698/868/698 691/858/691
f 690/859/690 697/869/697 696/870/696 689/860/689
f 700/873/700 707/874/707 706/875/706 699/876/699
f 698/877/698 705/878/705 704/879/704 697/880/697
f 696/881/696 703/882/703 702/883/702 695/412/695
f 694/884/694 701/885/701 672/886/672
f 671/887/671 707/874/707 700/873/700
f 699/876/699 706/875/706 705/878/705 698/877/698
f 697/880/697 704/879/704 703/882/703 696/881/696
f 695/412/695 702/883/702 701/885/701 694/884/694
f 701/885/701 708/888/708 672/889/672
f 671/890/671 714/891/714 707/874/707
f 706/875/706 713/892/713 712/893/712 705/878/705
f 704/879/704 711/894/711 710/895/710 703/882/703
f 702/883/702 709/896/709 708/888/708 701/885/701
f 707/874/707 714/891/714 713/892/713 706/875/706
f 705/878/705 712/893/712 711/894/711 704/879/704
f 703/882/703 710/895/710 709/896/709 702/883/702
f 713/892/713 720/897/720 719/898/719 712/893/712
f 711/894/711 718/899/718 717/900/717 710/895/710
f 709/896/709 716/901/716 715/902/715 708/888/708
f 714/891/714 721/903/721 720/897/720 713/892/713
f 712/893/712 719/898/719 718/899/718 711/894/711
f 710/895/710 717/900/717 716/901/716 709/896/709
f 708/888/708 715/902/715 672/904/672
f 671/905/671 721/903/721 714/891/714
f 721/903/721 614/766/614 724/769/724 720/897/720
f 719/898/719 613/770/613 612/758/612 718/899/718
f 717/900/717 611/761/611 723/762/723 716/901/716
f 715/902/715 722/765/722 672/906/672
f 671/907/671 614/766/614 721/903/721
f 720/897/720 724/769/724 613/770/613 719/898/719
f 718/899/718 612/758/612 611/761/611 717/900/717
f 716/901/716 723/762/723 722/765/722 715/902/715
f 726/908/726 732/909/732 731/910/731 725/911/725
f 837/912/837 730/913/730 729/914/729 836/915/836
f 728/916/728 735/917/735 734/918/734 838/919/838
f 727/920/727 733/921/733 732/909/732 726/908/726
f 725/911/725 731/910/731 730/913/730 837/912/837
f 836/915/836 729/914/729 786/922/786
f 785/772/785 735/917/735 728/916/728
f 838/919/838 734/918/734 733/921/733 727/920/727
f 735/917/735 742/923/742 741/924/741 734/918/734
f 733/921/733 740/925/740 739/926/739 732/909/732
f 731/910/731 738/927/738 737/928/737 730/913/730
f 729/914/729 736/929/736 786/930/786
f 785/781/785 742/923/742 735/917/735
f 734/918/734 741/924/741 740/925/740 733/921/733
f 732/909/732 739/926/739 738/927/738 731/910/731
f 730/913/730 737/928/737 736/929/736 729/914/729
f 736/929/736 743/931/743 786/932/786
f 785/784/785 749/933/749 742/923/742
f 741/924/741 748/934/748 747/935/747 740/925/740
f 739/926/739 746/936/746 745/937/745 738/927/738
f 737/928/737 744/938/744 743/931/743 736/929/736
f 742/923/742 749/933/749 748/934/748 741/924/741
f 740/925/740 747/935/747 746/936/746 739/926/739
f 738/927/738 745/937/745 744/938/744 737/928/737
f 748/934/748 755/939/755 754/940/754 747/935/747
f 746/936/746 753/941/753 752/942/752 745/937/745
f 744/938/744 751/943/751 750/944/750 743/931/743
f 749/933/749 756/945/756 755/939/755 748/934/748
f 747/935/747 754/940/754 753/941/753 746/936/746
f 745/937/745 752/942/752 751/943/751 744/938/744
f 743/931/743 750/944/750 786/946/786
f 785/799/785 756/945/756 749/933/749
f 756/945/756 763/947/763 762/948/762 755/939/755
f 754/940/754 761/949/761 760/950/760 753/941/753
f 752/942/752 759/951/759 758/952/758 751/943/751
f 750/944/750 757/953/757 786/954/786
f 785/808/785 763/947/763 756/945/756
f 755/939/755 762/948/762 761/949/761 754/940/754
f 753/941/753 760/950/760 759/951/759 752/942/752
f 751/943/751 758/952/758 757/953/757 750/944/750
f 761/949/761 768/955/768 767/956/767 760/950/760
f 759/951/759 766/957/766 765/958/765 758/952/758
f 757/953/757 764/959/764 786/960/786
f 785/815/785 770/961/770 763/947/763
f 762/948/762 769/962/769 768/955/768 761/949/761
f 760/950/760 767/956/767 766/957/766 759/951/759
f 758/952/758 765/958/765 764/959/764 757/953/757
f 763/947/763 770/961/770 769/962/769 762/948/762
f 785/827/785 777/963/777 770/961/770
f 769/962/769 776/964/776 775/965/775 768/955/768
f 767/956/767 774/966/774 773/967/773 766/957/766
f 765/958/765 772/968/772 771/969/771 764/959/764
f 770/961/770 777/963/777 776/964/776 769/962/769
f 768/955/768 775/965/775 774/966/774 767/956/767
f 766/957/766 773/967/773 772/968/772 765/958/765
f 764/959/764 771/969/771 786/970/786
f 774/966/774 781/971/781 780/972/780 773/967/773
f 772/968/772 779/973/779 778/974/778 771/969/771
f 777/963/777 784/975/784 783/976/783 776/964/776
f 775/965/775 782/977/782 781/971/781 774/966/774
f 773/967/773 780/972/780 779/973/779 772/968/772
f 771/969/771 778/974/778 786/978/786
f 785/835/785 784/975/784 777/963/777
f 776/964/776 783/976/783 782/977/782 775/965/775
f 784/975/784 793/979/793 792/980/792 783/976/783
f 782/977/782 791/981/791 790/982/790 781/971/781
f 780/972/780 789/983/789 788/984/788 779/973/779
f 778/974/778 787/985/787 786/986/786
f 785/844/785 793/979/793 784/975/784
f 783/976/783 792/980/792 791/981/791 782/977/782
f 781/971/781 790/982/790 789/983/789 780/972/780
f 779/973/779 788/984/788 787/985/787 778/974/778
f 789/983/789 796/987/796 795/988/795 788/984/788
f 787/985/787 794/989/794 786/990/786
f 785/849/785 800/991/800 793/979/793
f 792/980/792 799/992/799 798/993/798 791/981/791
f 790/982/790 797/994/797 796/987/796 789/983/789
f 788/984/788 795/988/795 794/989/794 787/985/787
f 793/979/793 800/991/800 799/992/799 792/980/792
f 791/981/791 798/993/798 797/994/797 790/982/790
f 785/863/785 807/995/807 800/991/800
f 799/992/799 806/996/806 805/997/805 798/993/798
f 797/994/797 804/998/804 803/999/803 796/987/796
f 795/988/795 802/1000/802 801/1001/801 794/989/794
f 800/991/800 807/995/807 806/996/806 799/992/799
f 798/993/798 805/997/805 804/998/804 797/994/797
f 796/987/796 803/999/803 802/1000/802 795/988/795
f 794/989/794 801/1001/801 786/1002/786
f 802/1000/802 809/1003/809 808/1004/808 801/1001/801
f 807/995/807 814/1005/814 813/1006/813 806/996/806
f 805/997/805 812/1007/812 811/1008/811 804/998/804
f 803/999/803 810/1009/810 809/1003/809 802/1000/802
f 801/1001/801 808/1004/808 786/1010/786
f 785/871/785 814/1005/814 807/995/807
f 806/996/806 813/1006/813 812/1007/812 805/997/805
f 804/998/804 811/1008/811 810/1009/810 803/999/803
f 814/1011/814 821/1012/821 820/1013/820 813/1014/813
f 812/1015/812 819/1016/819 818/1017/818 811/1018/811
f 810/1019/810 817/1020/817 816/1021/816 809/1022/809
f 808/1023/808 815/1024/815 786/1025/786
f 785/886/785 821/1012/821 814/1011/814
f 813/1014/813 820/1013/820 819/1016/819 812/1015/812
f 811/1018/811 818/1017/818 817/1020/817 810/1019/810
f 809/1022/809 816/1021/816 815/1024/815 808/1023/808
f 815/1024/815 822/1026/822 786/1027/786
f 785/889/785 828/1028/828 821/1012/821
f 820/1013/820 827/1029/827 826/1030/826 819/1016/819
f 818/1017/818 825/1031/825 824/1032/824 817/1020/817
f 816/1021/816 823/1033/823 822/1026/822 815/1024/815
f 821/1012/821 828/1028/828 827/1029/827 820/1013/820
f 819/1016/819 826/1030/826 825/1031/825 818/1017/818
f 817/1020/817 824/1032/824 823/1033/823 816/1021/816
f 827/1029/827 834/1034/834 833/1035/833 826/1030/826
f 825/1031/825 832/1036/832 831/1037/831 824/1032/824
f 823/1033/823 830/1038/830 829/1039/829 822/1026/822
f 828/1028/828 835/1040/835 834/1034/834 827/1029/827
f 826/1030/826 833/1035/833 832/1036/832 825/1031/825
f 824/1032/824 831/1037/831 830/1038/830 823/1033/823
f 822/1026/822 829/1039/829 786/1041/786
f 785/904/785 835/1040/835 828/1028/828
f 835/1040/835 728/916/728 838/919/838 834/1034/834
f 833/1035/833 727/920/727 726/908/726 832/1036/832
f 831/1037/831 725/911/725 837/912/837 830/1038/830
f 829/1039/829 836/915/836 786/1042/786
f 785/906/785 728/916/728 835/1040/835
f 834/1034/834 838/919/838 727/920/727 833/1035/833
f 832/1036/832 726/908/726 725/911/725 831/1037/831
f 830/1038/830 837/912/837 836/915/836 829/1039/829
f 840/1043/840 846/1044/846 845/1045/845 839/1046/839
f 951/1047/951 844/1048/844 843/1049/843 950/1050/950
f 842/1051/842 849/1052/849 848/1053/848 952/1054/952
f 841/1055/841 847/1056/847 846/1044/846 840/1043/840
f 839/1046/839 845/1045/845 844/1048/844 951/1047/951
f 950/1050/950 843/1049/843 900/1057/900
f 899/1058/899 849/1052/849 842/1051/842
f 952/1054/952 848/1053/848 847/1056/847 841/1055/841
f 849/1052/849 856/1059/856 855/1060/855 848/1053/848
f 847/1056/847 854/1061/854 853/1062/853 846/1044/846
f 845/1045/845 852/1063/852 851/1064/851 844/1048/844
f 843/1049/843 850/1065/850 900/1066/900
f 899/1067/899 856/1059/856 849/1052/849
f 848/1053/848 855/1060/855 854/1061/854 847/1056/847
f 846/1044/846 853/1062/853 852/1063/852 845/1045/845
f 844/1048/844 851/1064/851 850/1065/850 843/1049/843
f 850/1065/850 857/1068/857 900/1069/900
f 899/1070/899 863/1071/863 856/1059/856
f 855/1060/855 862/1072/862 861/1073/861 854/1061/854
f 853/1062/853 860/1074/860 859/1075/859 852/1063/852
f 851/1064/851 858/1076/858 857/1068/857 850/1065/850
f 856/1059/856 863/1071/863 862/1072/862 855/1060/855
f 854/1061/854 861/1073/861 860/1074/860 853/1062/853
f 852/1063/852 859/1075/859 858/1076/858 851/1064/851
f 862/1072/862 869/1077/869 868/1078/868 861/1073/861
f 860/1074/860 867/1079/867 866/1080/866 859/1075/859
f 858/1076/858 865/1081/865 864/1082/864 857/1068/857
f 863/1071/863 870/1083/870 869/1077/869 862/1072/862
f 861/1073/861 868/1078/868 867/1079/867 860/1074/860
f 859/1075/859 866/1080/866 865/1081/865 858/1076/858
f 857/1068/857 864/1082/864 900/1084/900
f 899/1085/899 870/1083/870 863/1071/863
f 870/1083/870 877/1086/877 876/1087/876 869/1077/869
f 868/1078/868 875/1088/875 874/1089/874 867/1079/867
f 866/1080/866 873/1090/873 872/1091/872 865/1081/865
f 864/1082/864 871/1092/871 900/1093/900
f 899/1094/899 877/1086/877 870/1083/870
f 869/1077/869 876/1087/876 875/1088/875 868/1078/868
f 867/1079/867 874/1089/874 873/1090/873 866/1080/866
f 865/1081/865 872/1091/872 871/1092/871 864/1082/864
f 875/1088/875 882/1095/882 881/1096/881 874/1089/874
f 873/1090/873 880/1097/880 879/1098/879 872/1091/872
f 871/1092/871 878/1099/878 900/1100/900
f 899/1101/899 884/1102/884 877/1086/877
f 876/1087/876 883/1103/883 882/1095/882 875/1088/875
f 874/1089/874 881/1096/881 880/1097/880 873/1090/873
f 872/1091/872 879/1098/879 878/1099/878 871/1092/871
f 877/1086/877 884/1102/884 883/1103/883 876/1087/876
f 899/1104/899 891/1105/891 884/1102/884
f 883/1103/883 890/1106/890 889/1107/889 882/1095/882
f 881/1096/881 888/1108/888 887/1109/887 880/1097/880
f 879/1098/879 886/1110/886 885/1111/885 878/1099/878
f 884/1102/884 891/1105/891 890/1106/890 883/1103/883
f 882/1095/882 889/1107/889 888/1108/888 881/1096/881
f 880/1097/880 887/1109/887 886/1110/886 879/1098/879
f 878/1099/878 885/1111/885 900/1112/900
f 888/1108/888 895/1113/895 894/1114/894 887/1109/887
f 886/1110/886 893/1115/893 892/1116/892 885/1111/885
f 891/1105/891 898/1117/898 897/1118/897 890/1106/890
f 889/1107/889 896/1119/896 895/1113/895 888/1108/888
f 887/1109/887 894/1114/894 893/1115/893 886/1110/886
f 885/1111/885 892/1116/892 900/1120/900
f 899/1121/899 898/1117/898 891/1105/891
f 890/1106/890 897/1118/897 896/1119/896 889/1107/889
f 898/1117/898 907/1122/907 906/1123/906 897/1118/897
f 896/1119/896 905/1124/905 904/1125/904 895/1113/895
f 894/1114/894 903/1126/903 902/1127/902 893/1115/893
f 892/1116/892 901/1128/901 900/1129/900
f 899/1130/899 907/1122/907 898/1117/898
f 897/1118/897 906/1123/906 905/1124/905 896/1119/896
f 895/1113/895 904/1125/904 903/1126/903 894/1114/894
f 893/1115/893 902/1127/902 901/1128/901 892/1116/892
f 903/1126/903 910/1131/910 909/1132/909 902/1127/902
f 901/1128/901 908/1133/908 900/1134/900
f 899/1135/899 914/1136/914 907/1122/907
f 906/1123/906 913/1137/913 912/1138/912 905/1124/905
f 904/1125/904 911/1139/911 910/1131/910 903/1126/903
f 902/1127/902 909/1132/909 908/1133/908 901/1128/901
f 907/1122/907 914/1136/914 913/1137/913 906/1123/906
f 905/1124/905 912/1138/912 911/1139/911 904/1125/904
f 899/1140/899 921/1141/921 914/1136/914
f 913/1137/913 920/1142/920 919/1143/919 912/1138/912
f 911/1139/911 918/1144/918 917/1145/917 910/1131/910
f 909/1132/909 916/1146/916 915/1147/915 908/1133/908
f 914/1136/914 921/1141/921 920/1142/920 913/1137/913
f 912/1138/912 919/1143/919 918/1144/918 911/1139/911
f 910/1131/910 917/1145/917 916/1146/916 909/1132/909
f 908/1133/908 915/1147/915 900/1148/900
f 916/1146/916 923/1149/923 922/1150/922 915/1147/915
f 921/1141/921 928/1151/928 927/1152/927 920/1142/920
f 919/1143/919 926/1153/926 925/1154/925 918/1144/918
f 917/1145/917 924/1155/924 923/1149/923 916/1146/916
f 915/1147/915 922/1150/922 900/1156/900
f 899/1157/899 928/1151/928 921/1141/921
f 920/1142/920 927/1152/927 926/1153/926 919/1143/919
f 918/1144/918 925/1154/925 924/1155/924 917/1145/917
f 928/1158/928 935/1159/935 934/1160/934 927/1161/927
f 926/1162/926 933/1163/933 932/1164/932 925/1165/925
f 924/1166/924 931/1167/931 930/1168/930 923/1169/923
f 922/1170/922 929/1171/929 900/1172/900
f 899/1173/899 935/1159/935 928/1158/928
f 927/1161/927 934/1160/934 933/1163/933 926/1162/926
f 925/1165/925 932/1164/932 931/1167/931 924/1166/924
f 923/1169/923 930/1168/930 929/1171/929 922/1170/922
f 929/1171/929 936/1174/936 900/1175/900
f 899/1176/899 942/1177/942 935/1159/935
f 934/1160/934 941/1178/941 940/1179/940 933/1163/933
f 932/1164/932 939/1180/939 938/1181/938 931/1167/931
f 930/1168/930 937/1182/937 936/1174/936 929/1171/929
f 935/1159/935 942/1177/942 941/1178/941 934/1160/934
f 933/1163/933 940/1179/940 939/1180/939 932/1164/932
f 931/1167/931 938/1181/938 937/1182/937 930/1168/930
f 941/1178/941 948/1183/948 947/1184/947 940/1179/940
f 939/1180/939 946/1185/946 945/1186/945 938/1181/938
f 937/1182/937 944/1187/944 943/1188/943 936/1174/936
f 942/1177/942 949/1189/949 948/1183/948 941/1178/941
f 940/1179/940 947/1184/947 946/1185/946 939/1180/939
f 938/1181/938 945/1186/945 944/1187/944 937/1182/937
f 936/1174/936 943/1188/943 900/1190/900
f 899/1191/899 949/1189/949 942/1177/942
f 949/1189/949 842/1051/842 952/1054/952 948/1183/948
f 947/1184/947 841/1055/841 840/1043/840 946/1185/946
f 945/1186/945 839/1046/839 951/1047/951 944/1187/944
f 943/1188/943 950/1050/950 900/1192/900
f 899/1193/899 842/1051/842 949/1189/949
f 948/1183/948 952/1054/952 841/1055/841 947/1184/947
f 946/1185/946 840/1043/840 839/1046/839 945/1186/945
f 944/1187/944 951/1047/951 950/1050/950 943/1188/943
f 953/1194/953 954/1195/954 1000/1196/1000 1007/1197/1007
f 992/1198/992 993/1199/993 956/1200/956
f 993/1199/993 953/1194/953 957/1201/957
f 992/1198/992 955/1202/955 967/1203/967
f 956/1200/956 957/1201/957 1004/1204/1004 995/1205/995
f 955/1202/955 958/1206/958 967/1207/967
f 955/1202/955 956/1200/956 959/1208/959
f 958/1206/958 960/1209/960 967/1210/967
f 958/1206/958 959/1208/959 961/1211/961
f 960/1209/960 961/1211/961 1001/1212/1001 1009/1213/1009
f 960/1209/960 962/1214/962 967/1215/967
f 962/1214/962 963/1216/963 967/1217/967
f 995/1205/995 998/1218/998 1002/1219/1002
f 963/1220/963 964/1221/964 967/1222/967
f 1002/1219/1002 1009/1213/1009 1001/1212/1001
f 998/1218/998 1009/1213/1009 1002/1219/1002
f 964/1223/964 965/1224/965 967/1225/967
f 998/1218/998 995/1205/995 997/1226/997
f 965/1227/965 966/1228/966 967/1229/967
f 966/1230/966 968/1231/968 967/1232/967
f 1007/1197/1007 1000/1196/1000 1004/1204/1004
f 1003/1233/1003 999/1234/999 1008/1235/1008
f 968/1236/968 969/1237/969 967/1238/967
f 1006/1239/1006 1011/1240/1011 1003/1233/1003
f 1004/1204/1004 1000/1196/1000 995/1205/995
f 969/1237/969 970/1241/970 973/1242/973
f 971/1243/971 974/1244/974 973/1242/973
f 969/1237/969 972/1245/972 967/1246/967
f 972/1245/972 973/1242/973 976/1247/976
f 993/1199/993 957/1201/957 956/1200/956
f 974/1244/974 977/1248/977 976/1247/976
f 972/1245/972 975/1249/975 967/1250/967
f 1003/1233/1003 1011/1240/1011 999/1234/999
f 992/1198/992 956/1200/956 955/1202/955
f 976/1251/976 977/1252/977 982/1253/982
f 975/1254/975 980/1255/980 967/1256/967
f 1010/1257/1010 1006/1239/1006 1014/1258/1014
f 975/1254/975 976/1251/976 981/1259/981
f 980/1255/980 984/1260/984 967/1261/967
f 982/1253/982 983/1262/983 987/1263/987
f 981/1259/981 985/1264/985 984/1260/984
f 995/1205/995 1011/1240/1011 997/1226/997
f 982/1253/982 986/1265/986 985/1264/985
f 986/1265/986 987/1263/987 991/1266/991
f 985/1264/985 989/1267/989 988/1268/988
f 997/1226/997 1011/1240/1011 996/1269/996
f 985/1264/985 986/1265/986 990/1270/990
f 984/1260/984 988/1268/988 967/1271/967
f 1012/1272/1012 999/1234/999 1005/1273/1005
f 989/1267/989 990/1270/990 953/1194/953
f 988/1268/988 992/1198/992 967/1274/967
f 990/1270/990 991/1266/991 954/1195/954
f 988/1268/988 989/1267/989 993/1199/993
f 953/1194/953 1007/1197/1007 1004/1275/1004 957/1201/957
f 956/1200/956 995/1205/995 1002/1219/1002 959/1208/959
f 955/1202/955 959/1208/959 958/1206/958
f 958/1206/958 961/1211/961 960/1209/960
f 960/1209/960 1009/1213/1009 998/1218/998 962/1214/962
f 1014/1258/1014 1006/1239/1006 1003/1233/1003
f 969/1237/969 973/1242/973 972/1245/972
f 971/1243/971 973/1242/973 970/1241/970
f 972/1245/972 976/1247/976 975/1249/975
f 974/1244/974 976/1247/976 973/1242/973
f 976/1251/976 982/1253/982 981/1259/981
f 979/1276/979 994/1277/994 1013/1278/1013
f 975/1254/975 981/1259/981 980/1255/980
f 982/1253/982 987/1263/987 986/1265/986
f 981/1259/981 984/1260/984 980/1255/980
f 982/1253/982 985/1264/985 981/1259/981
f 986/1265/986 991/1266/991 990/1270/990
f 985/1264/985 988/1268/988 984/1260/984
f 985/1264/985 990/1270/990 989/1267/989
f 989/1267/989 953/1194/953 993/1199/993
f 990/1270/990 954/1195/954 953/1194/953
f 988/1268/988 993/1199/993 992/1198/992
f 1011/1240/1011 995/1205/995 999/1234/999
f 1000/1279/1000 954/1195/954 991/1266/991 1005/1273/1005
f 997/1280/997 963/1216/963 962/1214/962 998/1218/998
f 1008/1281/1008 977/1248/977 974/1244/974 1003/1233/1003
f 999/1234/999 982/1253/982 977/1252/977 1008/1235/1008
f 996/1282/996 964/1221/964 963/1220/963 997/1283/997
f 994/1284/994 965/1224/965 964/1223/964 996/1285/996
f 1013/1278/1013 996/1269/996 1011/1240/1011
f 979/1286/979 966/1228/966 965/1227/965 994/1287/994
f 999/1234/999 1012/1272/1012 978/1288/978
f 978/1289/978 983/1262/983 982/1253/982 999/1234/999
f 999/1234/999 995/1205/995 1000/1196/1000
f 1013/1290/1013 968/1231/968 966/1230/966 979/1291/979
f 1011/1240/1011 969/1237/969 968/1236/968 1013/1278/1013
f 1005/1273/1005 999/1234/999 1000/1196/1000
f 1010/1292/1010 971/1243/971 970/1241/970 1006/1239/1006
f 994/1277/994 996/1269/996 1013/1278/1013
f 1012/1293/1012 987/1263/987 983/1262/983 978/1288/978
f 1006/1239/1006 970/1241/970 969/1237/969 1011/1240/1011
f 1003/1294/1003 974/1244/974 971/1243/971 1010/1257/1010 1014/1258/1014
f 1001/1295/1001 961/1211/961 959/1208/959 1002/1219/1002
f 1005/1296/1005 991/1266/991 987/1263/987 1012/1272/1012
