# Blender 5.0.0
# www.blender.org
mtllib door_frame.mtl
o antarctic_frame.001
v -2.477972 -0.086314 0.818850
v -2.493304 0.116322 0.814705
v -2.489927 0.291108 0.810448
v -2.519110 0.466885 0.808597
v -2.554295 0.646129 0.807780
v -2.593354 0.827069 0.808063
v -2.539320 -0.209937 0.812747
v -2.654365 0.122235 0.628567
v -2.645682 0.312080 0.608999
v -2.651612 0.484639 0.599253
v -2.664875 0.659041 0.595001
v -2.683808 0.836267 0.601367
v -2.494130 -0.296635 0.542510
v -2.691453 0.119419 0.501057
v -2.676508 0.331297 0.527134
v -2.673203 0.502369 0.540953
v -2.674948 0.671723 0.547139
v -2.682714 0.843605 0.552713
v -2.446495 -0.456391 0.196274
v -2.701829 0.110823 0.284843
v -2.687457 0.335587 0.335982
v -2.685091 0.509974 0.380576
v -2.688786 0.680011 0.397398
v -2.691032 0.847859 0.408750
v -1.905579 -0.097106 0.818936
v -1.587773 0.103736 0.815318
v -1.676673 0.282053 0.811231
v -1.739513 0.460339 0.809350
v -1.810113 0.640956 0.808278
v -1.900942 0.822466 0.808136
v -1.388655 -0.236060 0.812759
v -1.279795 0.091892 0.635378
v -1.349628 0.291765 0.626817
v -1.373637 0.471480 0.620073
v -1.385905 0.648887 0.608889
v -1.404423 0.827331 0.806051
v -1.264607 -0.393347 0.558908
v -1.257157 0.084968 0.488974
v -1.360852 0.308825 0.534515
v -1.395762 0.489460 0.556425
v -1.397796 0.662589 0.556954
v -1.401055 0.835635 0.551287
v -1.001447 -0.456391 0.089317
v -1.242473 -0.456391 0.263334
v -1.353577 0.312858 0.334892
v -1.401559 0.495795 0.388336
v -1.411922 0.670151 0.396475
v -1.410217 0.840371 0.396815
v -2.636170 1.008138 0.809287
v -2.672006 1.185516 0.810576
v -2.695253 1.358128 0.811389
v -2.704625 1.529842 0.693053
v -2.699456 1.702763 0.692617
v -2.685954 1.877741 0.687381
v -2.670161 2.056885 0.678810
v -2.651563 2.234532 0.676867
v -2.706413 1.015916 0.620986
v -2.728379 1.193610 0.638967
v -2.741009 1.368634 0.650903
v -2.742911 1.542636 0.655984
v -2.732163 1.715541 0.655494
v -2.713258 1.887178 0.651550
v -2.692746 2.056646 0.645768
v -2.672835 2.223415 0.644530
v -2.692041 1.019733 0.568290
v -2.702643 1.196971 0.583166
v -2.706279 1.374056 0.592361
v -2.700985 1.551044 0.597437
v -2.687009 1.725256 0.594595
v -2.664831 1.895943 0.590244
v -2.642444 2.061463 0.585056
v -2.622666 2.221662 0.581673
v -2.695946 1.016624 0.412307
v -2.699691 1.190152 0.422559
v -2.703958 1.364382 0.420486
v -2.696972 1.542125 0.430643
v -2.687824 1.719261 0.420860
v -2.669209 1.893503 0.419366
v -2.652115 2.063959 0.410034
v -2.637161 2.229611 0.401822
v -2.014031 1.003475 0.808866
v -2.235361 1.181183 0.809813
v -2.366163 1.353761 0.810359
v -2.430517 1.525389 0.810560
v -2.456346 1.698974 0.810375
v -2.457097 1.875817 0.809896
v -2.450157 2.058248 0.809206
v -2.422197 2.238550 0.808967
v -1.429412 1.007291 0.806657
v -1.457235 1.186009 0.807445
v -1.476344 1.361628 0.807836
v -1.482512 1.535846 0.807887
v -1.474016 1.709633 0.807534
v -1.456413 1.883401 0.806904
v -1.436490 2.056978 0.806085
v -1.415562 2.227743 0.805362
v -1.407797 1.012244 0.560404
v -1.418706 1.190701 0.573068
v -1.423414 1.369010 0.578248
v -1.419143 1.546236 0.578268
v -1.404491 1.720234 0.569901
v -1.382927 1.891104 0.558044
v -1.360738 2.057397 0.541992
v -1.340526 2.220362 0.533013
v -1.410757 1.010602 0.400479
v -1.413931 1.187351 0.415031
v -1.417919 1.362204 0.411589
v -1.408006 1.538830 0.417387
v -1.393976 1.716993 0.407313
v -1.372183 1.891018 0.401840
v -1.353856 2.060800 0.377089
v -1.335112 2.225988 0.368886
v -2.632304 2.411049 0.811134
v -2.614981 2.587595 0.812543
v -2.598994 2.765785 0.814237
v -2.576635 2.945093 0.815698
v -2.553879 3.131432 0.816334
v -2.519783 3.315247 0.815172
v -2.488687 3.476693 0.813786
v -2.463267 3.628687 0.812971
v -2.658670 2.388875 0.648951
v -2.655261 2.553980 0.660617
v -2.658064 2.719250 0.671878
v -2.665159 2.890561 0.680328
v -2.671796 3.068094 0.680685
v -2.676132 3.250077 0.670638
v -2.675653 3.428831 0.666573
v -2.675225 3.603018 0.663958
v -2.611087 2.382542 0.579145
v -2.616235 2.543648 0.574785
v -2.630956 2.706681 0.566984
v -2.646831 2.876015 0.547907
v -2.661862 3.054300 0.526408
v -2.671491 3.237305 0.504128
v -2.677267 3.418124 0.508850
v -2.685180 3.594293 0.524860
v -2.631139 2.392739 0.387396
v -2.646508 2.559323 0.349489
v -2.667567 2.730681 0.304657
v -2.677049 2.903389 0.266557
v -2.672143 3.077443 0.242715
v -2.660556 3.249889 0.234260
v -2.655338 3.420494 0.228698
v -2.653672 3.589079 0.232235
v -2.363494 2.418744 0.809421
v -2.216913 2.598572 0.810995
v -1.853940 2.778848 0.813125
v -1.684508 2.887157 0.814641
v -1.697942 3.192362 0.817523
v -1.680633 3.428465 0.815097
v -1.658319 3.577725 0.813965
v -1.595375 3.684359 0.813605
v -1.387358 2.396710 0.805979
v -1.353899 2.563908 0.807102
v -1.328877 2.722093 0.808482
v -1.305819 2.816442 0.656184
v -1.316766 2.382774 0.538805
v -1.291648 2.542839 0.544894
v -1.275072 2.697716 0.553475
v -1.257316 2.799553 0.557384
v -1.316300 2.389691 0.372427
v -1.298297 2.555958 0.354757
v -1.290692 2.716676 0.337473
v -1.277903 2.822040 0.320256
v -1.317431 2.907496 0.709820
v -1.084233 2.964252 0.814991
v -1.113750 3.464716 0.815349
v -1.114414 3.649544 0.814476
v -1.026962 3.728385 0.814485
v -1.244408 2.870551 0.661926
v -0.968404 2.919153 0.329313
v -1.133971 2.853881 0.557038
v -0.659670 3.912351 0.120616
v -1.182516 2.879428 0.308814
v -0.758724 3.909500 0.097364
v -0.338355 2.980777 0.816437
v -0.458617 3.446411 0.816577
v -0.537937 3.673152 0.815541
v -0.457830 3.739441 0.815608
v -0.335538 2.950526 0.341171
v -0.072044 4.007607 0.127475
v -2.459512 3.782595 0.812655
v -2.474257 3.935261 0.812696
v -2.490959 4.094131 0.812890
v -2.514148 4.260232 0.813619
v -2.531107 4.429387 0.815110
v -2.536047 4.599597 0.815624
v -2.529598 4.778239 0.815030
v -2.453970 4.899911 0.710718
v -2.668658 3.767509 0.662318
v -2.660898 3.929646 0.652481
v -2.654989 4.094976 0.627050
v -2.649193 4.261402 0.593070
v -2.650007 4.429226 0.582721
v -2.652564 4.598557 0.586186
v -2.643115 4.771628 0.586492
v -2.522868 4.906260 0.587299
v -2.681657 3.761226 0.533563
v -2.671576 3.927738 0.508110
v -2.656762 4.094450 0.462276
v -2.646646 4.261668 0.428823
v -2.646822 4.429890 0.413067
v -2.648029 4.598760 0.407856
v -2.641479 4.767751 0.412319
v -2.524176 4.899515 0.420806
v -2.652844 3.757678 0.236282
v -2.650340 3.925972 0.239583
v -2.647485 4.093974 0.241409
v -2.647081 4.262111 0.233081
v -2.647179 4.430537 0.203628
v -2.647214 4.599091 0.103441
v -2.641119 4.767410 0.164911
v -2.524342 4.899410 0.191949
v -1.534040 3.801690 0.813554
v -1.521513 3.948057 0.813910
v -1.540658 4.101231 0.815029
v -1.600579 4.269779 0.818322
v -1.686073 4.439695 0.823198
v -1.698564 4.608440 0.823282
v -1.691721 4.788989 0.820975
v -1.686605 4.929540 0.738769
v -1.683376 4.960199 0.586241
v -1.681868 4.947953 0.415378
v -1.681820 4.947261 0.164479
v -0.945049 3.818179 0.814608
v -0.910277 3.942151 0.798764
v -0.913158 4.103048 0.815712
v -1.015514 4.306629 0.820172
v -1.065468 4.485763 0.825312
v -1.025303 4.624547 0.824469
v -0.999303 4.796947 0.821466
v -0.998166 4.933434 0.741316
v -1.007527 4.962625 0.584809
v -1.009168 4.947561 0.413457
v -1.009908 4.947226 0.160748
v -0.392695 3.816212 0.815692
v -0.381197 3.939349 0.815778
v -0.368314 4.114424 0.816326
v -0.538342 4.368726 0.821186
v -0.503861 4.545599 0.823869
v -0.413711 4.648371 0.822279
v -0.339179 4.786131 0.819806
v -0.308044 4.918896 0.735993
v -0.311770 4.953393 0.590597
v -0.336963 4.945335 0.412784
v -0.337978 4.946791 0.165628
v -2.533149 -0.456391 -0.210708
v -2.697814 -0.456391 -0.151490
v -2.684210 0.334636 -0.175901
v -2.688143 0.515452 -0.216794
v -2.696101 0.693823 -0.233275
v -2.696471 0.871467 -0.254053
v -2.577745 -0.456391 -0.415700
v -2.681290 0.146639 -0.379258
v -2.678497 0.344237 -0.420543
v -2.683778 0.521098 -0.447013
v -2.686875 0.696146 -0.452520
v -2.686602 0.865897 -0.445281
v -2.567957 -0.456391 -0.562460
v -2.654717 0.168985 -0.546333
v -2.659307 0.340599 -0.543256
v -2.665195 0.507607 -0.534439
v -2.671297 0.674960 -0.522910
v -2.678503 0.841561 -0.506790
v -2.522556 0.046039 -0.684699
v -2.548913 0.173261 -0.689600
v -2.531133 0.334270 -0.651900
v -2.532072 0.493297 -0.615626
v -2.544398 0.655478 -0.584854
v -2.566125 0.820254 -0.557015
v -1.735077 -0.456391 -0.257790
v -1.271215 -0.456391 -0.146190
v -1.360069 0.316493 -0.170591
v -1.404835 0.501255 -0.217024
v -1.419194 0.683259 -0.237033
v -1.418721 0.863490 -0.255469
v -1.916199 -0.456391 -0.445795
v -1.419462 -0.456391 -0.381378
v -1.561568 0.332963 -0.424838
v -1.619067 0.512833 -0.461016
v -1.635491 0.692043 -0.467938
v -1.648086 0.867119 -0.455324
v -2.095690 -0.456391 -0.578177
v -1.525185 0.163400 -0.556787
v -1.559067 0.335422 -0.561310
v -1.576255 0.505157 -0.558184
v -1.600855 0.677515 -0.544673
v -1.649788 0.850894 -0.520205
v -2.261339 0.042474 -0.690999
v -2.095177 0.171809 -0.697559
v -1.961054 0.333377 -0.664456
v -1.786554 0.493673 -0.630805
v -1.813823 0.658434 -0.598222
v -1.871044 0.826311 -0.564428
v -2.694210 1.040946 -0.238292
v -2.691250 1.207596 -0.231531
v -2.689643 1.371560 -0.232111
v -2.684110 1.538464 -0.245775
v -2.676680 1.712089 -0.257163
v -2.672997 1.887192 -0.245122
v -2.667773 2.058044 -0.244407
v -2.663592 2.225582 -0.236275
v -2.687987 1.029489 -0.425774
v -2.691717 1.192530 -0.410933
v -2.699028 1.354681 -0.403735
v -2.701818 1.522264 -0.406758
v -2.701276 1.699561 -0.408815
v -2.698779 1.877309 -0.408878
v -2.693272 2.051055 -0.406906
v -2.689853 2.224211 -0.407472
v -2.687912 1.004902 -0.487510
v -2.701107 1.168192 -0.472892
v -2.715976 1.333299 -0.465725
v -2.726568 1.505885 -0.467858
v -2.730532 1.688064 -0.469468
v -2.728401 1.868602 -0.473061
v -2.722525 2.048435 -0.473242
v -2.713163 2.232554 -0.476132
v -2.589435 0.984280 -0.531203
v -2.615330 1.148389 -0.510457
v -2.639165 1.316903 -0.500668
v -2.657773 1.494972 -0.502708
v -2.665744 1.679741 -0.505422
v -2.664492 1.862552 -0.511821
v -2.657084 2.049918 -0.514203
v -2.639629 2.246765 -0.511699
v -1.416110 1.037942 -0.239842
v -1.416082 1.208886 -0.232484
v -1.418469 1.370526 -0.230608
v -1.410437 1.533635 -0.236221
v -1.398721 1.707523 -0.236977
v -1.391220 1.885127 -0.224812
v -1.382790 2.056818 -0.218509
v -1.377925 2.227629 -0.216350
v -1.678437 1.036625 -0.426634
v -1.720530 1.202841 -0.399752
v -1.756907 1.359667 -0.384040
v -1.764735 1.517256 -0.377508
v -1.751330 1.693655 -0.374399
v -1.726530 1.874741 -0.373740
v -1.706338 2.054562 -0.372036
v -1.687268 2.230058 -0.376852
v -1.713833 1.019667 -0.486937
v -1.777017 1.185003 -0.454335
v -1.822678 1.343236 -0.433483
v -1.845696 1.503969 -0.423793
v -1.847846 1.683272 -0.420102
v -1.830653 1.866182 -0.423199
v -1.809651 2.055466 -0.424475
v -1.788061 2.243404 -0.431535
v -1.939752 0.992020 -0.530326
v -2.009703 1.156903 -0.498258
v -2.065328 1.322356 -0.478063
v -2.224281 1.494530 -0.471332
v -2.302572 1.678584 -0.470483
v -2.296956 1.861260 -0.476757
v -2.276254 2.053681 -0.479460
v -2.210697 2.252990 -0.481008
v -2.665494 2.389136 -0.249702
v -2.671886 2.552711 -0.261026
v -2.680949 2.720939 -0.253277
v -2.691323 2.892771 -0.230402
v -2.693595 3.067877 -0.197671
v -2.691691 3.244258 -0.174236
v -2.685083 3.417470 -0.154079
v -2.675141 3.588220 -0.136706
v -2.692097 2.388610 -0.421729
v -2.695058 2.552996 -0.440351
v -2.699990 2.721438 -0.453145
v -2.703449 2.891697 -0.451153
v -2.707525 3.065854 -0.437178
v -2.706181 3.241782 -0.417375
v -2.704057 3.416328 -0.394526
v -2.697832 3.586582 -0.382237
v -2.709718 2.403830 -0.490591
v -2.707037 2.570982 -0.514205
v -2.697042 2.742238 -0.535383
v -2.680014 2.911314 -0.547355
v -2.663786 3.078668 -0.547937
v -2.653440 3.247918 -0.540396
v -2.648064 3.418548 -0.531027
v -2.644061 3.587886 -0.534018
v -2.624975 2.422878 -0.523765
v -2.601363 2.592237 -0.555295
v -2.560766 2.767922 -0.589027
v -2.498362 2.930686 -0.614223
v -2.426157 3.090728 -0.626258
v -2.380210 3.254688 -0.631775
v -2.351783 3.421792 -0.645077
v -2.349333 3.591075 -0.660013
v -1.361389 2.388117 -0.234693
v -1.334172 2.550219 -0.243864
v -1.321018 2.712204 -0.249993
v -1.312168 2.818001 -0.249530
v -1.631902 2.389095 -0.392289
v -1.553440 2.547333 -0.414655
v -1.512485 2.711308 -0.444066
v -1.476319 2.820796 -0.460781
v -1.742974 2.406062 -0.448545
v -1.668198 2.564894 -0.478146
v -1.584086 2.735020 -0.516107
v -1.520297 2.874080 -0.540932
v -2.014994 2.424455 -0.497277
v -1.928223 2.591296 -0.534351
v -1.809835 2.766124 -0.580634
v -1.626569 2.916227 -0.622194
v -1.560945 3.088829 -0.681937
v -1.487634 3.259009 -0.715318
v -1.432565 3.431546 -0.730599
v -1.418113 3.602950 -0.730775
v -1.385664 3.816460 -0.165591
v -0.776401 3.912049 -0.120944
v -1.362645 3.817338 -0.372240
v -0.830176 3.904748 -0.124593
v -1.150803 2.897653 -0.241651
v -0.922036 2.937264 -0.280064
v -1.350056 2.918480 -0.616325
v -1.052000 2.973428 -0.710884
v -0.898901 3.275948 -0.735449
v -0.851818 3.446641 -0.731005
v -0.841268 3.616687 -0.727731
v -0.337053 3.982023 -0.148506
v -0.412393 2.976777 -0.338287
v -0.320347 3.013382 -0.729416
v -0.288693 3.317142 -0.735530
v -0.279401 3.469045 -0.728485
v -0.281397 3.634482 -0.726251
v -2.668997 3.756730 -0.130342
v -2.660986 3.924980 -0.122966
v -2.653979 4.093700 -0.115733
v -2.648101 4.262389 -0.109057
v -2.647600 4.430766 -0.108997
v -2.647225 4.599097 -0.109109
v -2.641115 4.767407 -0.109195
v -2.524336 4.899409 -0.109253
v -2.688989 3.755971 -0.369218
v -2.681171 3.924127 -0.363749
v -2.669344 4.092781 -0.351686
v -2.657490 4.261711 -0.338805
v -2.649086 4.430509 -0.328748
v -2.647513 4.599038 -0.323404
v -2.641100 4.767409 -0.321792
v -2.524321 4.899410 -0.321848
v -2.643162 3.757040 -0.540257
v -2.646770 3.925318 -0.549027
v -2.651610 4.093063 -0.563858
v -2.652635 4.261142 -0.569502
v -2.650609 4.429815 -0.560326
v -2.648156 4.598630 -0.547879
v -2.638678 4.767303 -0.537641
v -2.521875 4.897005 -0.534831
v -2.362760 3.759243 -0.671058
v -2.389116 3.926509 -0.686377
v -2.441170 4.094559 -0.703294
v -2.486644 4.262778 -0.717406
v -2.514604 4.430878 -0.727744
v -2.523057 4.599093 -0.733178
v -2.519577 4.767415 -0.729744
v -2.451392 4.880235 -0.698396
v -1.681798 4.947258 -0.109282
v -1.681754 4.947260 -0.321876
v -1.682710 4.944807 -0.536152
v -1.423542 3.768501 -0.723110
v -1.459369 3.931033 -0.723058
v -1.523699 4.104362 -0.738540
v -1.589957 4.272120 -0.755652
v -1.639977 4.432583 -0.773218
v -1.665448 4.600193 -0.797065
v -1.675322 4.767823 -0.809439
v -1.682861 4.896957 -0.729245
v -1.009908 4.947258 -0.109300
v -1.009859 4.947257 -0.321893
v -1.012732 4.947091 -0.539356
v -0.856894 3.782805 -0.727969
v -0.886663 3.971680 -0.728224
v -0.946641 4.164963 -0.730126
v -0.975728 4.326020 -0.774241
v -0.980875 4.453276 -0.788399
v -0.993476 4.600001 -0.801815
v -1.004286 4.767766 -0.813460
v -1.012753 4.899248 -0.734088
v -0.337984 4.947260 -0.109321
v -0.337931 4.947257 -0.321912
v -0.340153 4.947128 -0.538298
v -0.300778 3.809047 -0.728067
v -0.338332 4.016302 -0.730736
v -0.381144 4.218196 -0.736586
v -0.372599 4.370525 -0.746087
v -0.334855 4.476730 -0.750216
v -0.326002 4.600043 -0.817687
v -0.336096 4.767521 -0.820137
v -0.341491 4.899206 -0.735230
v 1.581588 -0.132672 0.824707
v 1.582330 0.078438 0.817796
v 1.654970 0.248946 0.812062
v 1.844278 0.429178 0.809245
v 1.969225 0.616319 0.807528
v 2.034770 0.803202 0.806363
v 1.098479 -0.310689 0.823372
v 1.264579 0.049348 0.648645
v 1.336034 0.261541 0.806461
v 1.366868 0.445878 0.805654
v 1.376404 0.633402 0.804184
v 1.388437 0.818884 0.802579
v 1.034624 -0.456391 0.633656
v 1.213586 -0.456391 0.473386
v 1.303104 0.286043 0.486263
v 1.348084 0.470474 0.504883
v 1.353505 0.657223 0.496295
v 1.357554 0.838498 0.458788
v 1.353850 -0.456391 0.249746
v 1.198887 -0.456391 0.237236
v 1.283895 0.294233 0.262161
v 1.335039 0.477762 0.270947
v 1.345129 0.666609 0.237655
v 1.350643 0.846536 0.244583
v 2.263017 -0.109694 0.820008
v 2.375096 0.087356 0.815432
v 2.489388 0.260217 0.811466
v 2.496396 0.439807 0.809282
v 2.505970 0.624742 0.807723
v 2.515939 0.809778 0.806927
v 2.482185 -0.456391 0.811578
v 2.542045 0.092065 0.806368
v 2.534380 0.285196 0.607972
v 2.535361 0.467493 0.605509
v 2.540653 0.649826 0.593792
v 2.547646 0.831193 0.585406
v 2.103635 -0.456391 0.466867
v 2.546090 -0.456391 0.445764
v 2.533440 0.306411 0.497958
v 2.528897 0.492260 0.533794
v 2.532040 0.673618 0.539146
v 2.535824 0.850466 0.535423
v 2.173120 -0.456391 0.186705
v 2.544804 -0.456391 0.191979
v 2.532181 0.310444 0.278989
v 2.525492 0.498235 0.352471
v 2.529365 0.681994 0.377750
v 2.533457 0.858061 0.384363
v 2.090501 0.987659 0.805785
v 2.148186 1.168737 0.806096
v 2.173764 1.346620 0.806160
v 2.167698 1.528025 0.806291
v 2.137999 1.708031 0.806647
v 2.074530 1.885818 0.806932
v 2.014026 2.063297 0.807013
v 1.963476 2.241732 0.807274
v 1.404868 1.001295 0.801624
v 1.422952 1.182101 0.800147
v 1.438149 1.360060 0.800087
v 1.443904 1.538545 0.802105
v 1.438980 1.715273 0.802848
v 1.427403 1.889096 0.803426
v 1.415775 2.060719 0.803855
v 1.407091 2.230720 0.804495
v 1.366391 1.017422 0.431255
v 1.375167 1.196587 0.432304
v 1.385588 1.373734 0.429817
v 1.396618 1.549963 0.433106
v 1.405538 1.724230 0.471739
v 1.412762 1.894393 0.496744
v 1.414738 2.061843 0.511674
v 1.415339 2.225117 0.523760
v 1.358784 1.021972 0.234400
v 1.365388 1.199173 0.233297
v 1.372471 1.375950 0.232099
v 1.381277 1.551305 0.235870
v 1.391884 1.725038 0.241497
v 1.403089 1.895933 0.291534
v 1.411425 2.064295 0.334304
v 1.415371 2.230231 0.345127
v 2.527689 0.993773 0.807063
v 2.540604 1.173499 0.807629
v 2.549945 1.349545 0.807827
v 2.548858 1.531739 0.807844
v 2.539301 1.711976 0.807681
v 2.526463 1.888893 0.807495
v 2.515509 2.065310 0.807202
v 2.507177 2.243176 0.807151
v 2.556013 1.012708 0.586858
v 2.565065 1.192046 0.594816
v 2.572681 1.368159 0.597025
v 2.575201 1.546678 0.598892
v 2.572657 1.722992 0.597852
v 2.567494 1.895180 0.595384
v 2.562103 2.065099 0.590729
v 2.557600 2.234076 0.588491
v 2.541116 1.028435 0.532174
v 2.546078 1.206773 0.536306
v 2.551572 1.382748 0.535551
v 2.556475 1.558087 0.538219
v 2.559859 1.731321 0.538752
v 2.562575 1.900093 0.539703
v 2.563059 2.066231 0.538864
v 2.562526 2.228883 0.537611
v 2.538889 1.031575 0.371679
v 2.543224 1.207685 0.368753
v 2.547633 1.383180 0.364906
v 2.552192 1.557323 0.365984
v 2.556646 1.729816 0.369153
v 2.560574 1.899710 0.368812
v 2.562963 2.067227 0.377708
v 2.563258 2.232835 0.371668
v 0.379220 2.980172 0.816862
v 0.124569 3.489705 0.817237
v 0.060108 3.663558 0.816526
v 0.115611 3.740680 0.816492
v 0.490494 2.955838 0.352363
v 0.505045 4.045524 0.116625
v 1.118867 2.908492 0.787416
v 0.776840 2.988345 0.818845
v 0.666720 3.540070 0.817361
v 0.703738 3.627841 0.817045
v 0.731343 3.738193 0.816818
v 1.133561 2.939379 0.461669
v 1.358405 3.290406 0.597682
v 0.901522 3.982911 0.087055
v 1.202768 3.839425 0.222130
v 0.709136 3.968792 0.043248
v 1.945729 2.416518 0.807878
v 1.775953 2.591254 0.810506
v 1.517013 2.800150 0.813182
v 1.392741 2.894528 0.815237
v 1.318929 3.246129 0.819004
v 1.363437 3.437787 0.817049
v 1.410115 3.545422 0.816551
v 1.438462 3.688073 0.816133
v 1.388071 2.395941 0.805742
v 1.363717 2.831262 0.709135
v 1.404516 2.385591 0.538813
v 1.364296 2.544640 0.551952
v 1.358288 2.705215 0.556046
v 1.372665 2.833571 0.555815
v 1.399439 2.392224 0.365129
v 1.394235 2.556352 0.355711
v 1.386082 2.721925 0.332020
v 1.367113 2.847889 0.318068
v 2.501963 2.418264 0.807539
v 2.495984 2.590337 0.808444
v 2.488918 2.764251 0.809861
v 2.478964 2.938399 0.811054
v 2.483155 3.116465 0.811907
v 2.484086 3.292803 0.812754
v 2.483568 3.456887 0.813482
v 2.486314 3.619056 0.813501
v 2.554309 2.401896 0.592453
v 2.552137 2.568758 0.602736
v 2.552002 2.735286 0.616725
v 2.554100 2.903736 0.624829
v 2.559027 3.077772 0.626752
v 2.564636 3.254246 0.622127
v 2.566163 3.428692 0.612541
v 2.560578 3.599864 0.595582
v 2.560973 2.390903 0.539670
v 2.560031 2.554358 0.541525
v 2.561941 2.719959 0.543547
v 2.564485 2.889498 0.534176
v 2.568530 3.066011 0.516071
v 2.572782 3.246794 0.490427
v 2.570990 3.424226 0.461296
v 2.561266 3.597265 0.420701
v 2.561380 2.395955 0.371477
v 2.559107 2.560173 0.360412
v 2.556373 2.729394 0.341252
v 2.555519 2.901272 0.308094
v 2.554340 3.075839 0.280757
v 2.552509 3.251373 0.255779
v 2.550535 3.424357 0.230608
v 2.547522 3.594130 0.186926
v 0.117169 3.842589 0.816429
v 0.149766 3.952888 0.816446
v 0.182173 4.140281 0.816674
v 0.020716 4.409709 0.819306
v 0.091760 4.565434 0.819972
v 0.211654 4.649789 0.818637
v 0.304171 4.767041 0.817098
v 0.356845 4.898559 0.721225
v 0.375358 4.945173 0.595185
v 0.340820 4.944854 0.417844
v 0.333339 4.946293 0.180434
v 0.735083 3.850029 0.816662
v 0.783077 3.956826 0.816485
v 0.774391 4.164299 0.816208
v 0.690111 4.396584 0.816471
v 0.766942 4.529085 0.816030
v 0.867221 4.623047 0.815232
v 0.931002 4.752577 0.814761
v 0.992875 4.890621 0.706483
v 1.030789 4.943825 0.590355
v 1.011048 4.944552 0.420672
v 1.004383 4.946100 0.193422
v 1.468456 3.835515 0.815700
v 1.487597 3.984972 0.815166
v 1.473602 4.148582 0.814590
v 1.446912 4.324138 0.813933
v 1.474006 4.461103 0.813276
v 1.510088 4.591249 0.813108
v 1.556413 4.748814 0.813837
v 1.635818 4.887207 0.697729
v 1.678422 4.940441 0.583263
v 1.675112 4.944556 0.420194
v 1.676012 4.946332 0.200192
v 2.487329 3.783122 0.812821
v 2.482813 3.948471 0.812043
v 2.479694 4.103840 0.811419
v 2.475713 4.262909 0.810847
v 2.473384 4.420403 0.810463
v 2.475228 4.582856 0.810629
v 2.480443 4.754454 0.811393
v 2.465208 4.871770 0.680671
v 2.550749 3.767924 0.581613
v 2.543139 3.932113 0.573526
v 2.542266 4.095659 0.572815
v 2.543532 4.259268 0.573786
v 2.543278 4.423938 0.572509
v 2.542698 4.590808 0.571171
v 2.539847 4.760525 0.574162
v 2.493187 4.892069 0.580312
v 2.549331 3.764784 0.398050
v 2.539943 3.929545 0.389966
v 2.539699 4.093832 0.393778
v 2.542218 4.259021 0.401091
v 2.544121 4.425420 0.406490
v 2.545115 4.593360 0.409572
v 2.542823 4.763064 0.411938
v 2.495005 4.896578 0.421474
v 2.543166 3.761849 0.141431
v 2.540832 3.928048 0.151145
v 2.540919 4.093558 0.159969
v 2.541791 4.259458 0.169265
v 2.543253 4.426610 0.178575
v 2.544998 4.595355 0.184478
v 2.543614 4.765300 0.186562
v 2.495718 4.898448 0.209836
v 1.356056 -0.456391 -0.093687
v 1.212007 -0.456391 -0.123621
v 1.273276 0.301160 -0.155307
v 1.314095 0.477402 -0.189566
v 1.326841 0.660962 -0.222610
v 1.333375 0.842218 -0.257678
v 1.356441 -0.456391 -0.323259
v 1.113053 0.119962 -0.349967
v 1.170211 0.320737 -0.380792
v 1.219641 0.489968 -0.414736
v 1.244160 0.665092 -0.446867
v 1.268160 0.842421 -0.459540
v 1.362436 -0.535891 -0.547394
v 1.160569 -0.361899 -0.554787
v 1.182355 0.332495 -0.551181
v 1.216499 0.492847 -0.549284
v 1.253416 0.661435 -0.547358
v 1.295253 0.836257 -0.542829
v 1.525717 -0.476187 -0.710522
v 1.372118 0.184001 -0.720035
v 1.431779 0.337374 -0.688159
v 1.478037 0.493236 -0.657255
v 1.557726 0.658617 -0.688596
v 1.710695 0.832079 -0.609622
v 2.257925 -0.456391 -0.152927
v 2.534739 -0.456391 -0.126257
v 2.524044 0.314206 -0.161627
v 2.519365 0.491665 -0.193041
v 2.522478 0.672483 -0.223808
v 2.526719 0.851726 -0.262161
v 2.242166 -0.456391 -0.351117
v 2.517673 -0.386108 -0.354164
v 2.510791 0.330264 -0.391677
v 2.509267 0.500588 -0.427456
v 2.514756 0.675355 -0.461220
v 2.521832 0.852072 -0.474724
v 2.115957 -0.528989 -0.549757
v 2.497649 -0.355766 -0.555751
v 2.497436 0.338480 -0.558045
v 2.503515 0.501516 -0.561345
v 2.515954 0.671061 -0.563183
v 2.526299 0.845671 -0.563142
v 1.913291 -0.475028 -0.715655
v 2.000441 0.184733 -0.718936
v 2.087942 0.339705 -0.709282
v 2.207247 0.497149 -0.699865
v 2.305194 0.663236 -0.691415
v 2.376042 0.836766 -0.687217
v 1.341656 1.021880 -0.268109
v 1.345620 1.200353 -0.274556
v 1.355130 1.376276 -0.264993
v 1.334270 1.550966 -0.266007
v 1.337721 1.724174 -0.263426
v 1.339042 1.896385 -0.257046
v 1.334160 2.068003 -0.265248
v 1.331704 2.237372 -0.256799
v 1.287495 1.020521 -0.465912
v 1.307810 1.197968 -0.470644
v 1.332341 1.373721 -0.470360
v 1.353565 1.548091 -0.471967
v 1.371951 1.720936 -0.469204
v 1.429774 1.892767 -0.469905
v 1.368266 2.064173 -0.470806
v 1.349476 2.235333 -0.467730
v 1.334336 1.013407 -0.541388
v 1.371293 1.190214 -0.542863
v 1.477115 1.365667 -0.546532
v 1.530825 1.539491 -0.549087
v 1.575055 1.712083 -0.549592
v 1.593700 1.884289 -0.550624
v 1.581354 2.056839 -0.548118
v 1.530694 2.235008 -0.545250
v 1.964677 1.008532 -0.602181
v 2.055570 1.184789 -0.603165
v 2.101639 1.359882 -0.611338
v 2.147747 1.533158 -0.616674
v 2.177591 1.705459 -0.621326
v 2.180090 1.877934 -0.623839
v 2.179647 2.051256 -0.619229
v 2.132606 2.233754 -0.614744
v 2.531651 1.030080 -0.275304
v 2.534596 1.207636 -0.286510
v 2.540284 1.382358 -0.281684
v 2.544796 1.555968 -0.281828
v 2.547272 1.728225 -0.279197
v 2.547850 1.899448 -0.269558
v 2.542684 2.070613 -0.277186
v 2.538958 2.239607 -0.269270
v 2.526609 1.029535 -0.485779
v 2.531980 1.206397 -0.495990
v 2.538955 1.381355 -0.498588
v 2.545011 1.554775 -0.502485
v 2.550333 1.726509 -0.499591
v 2.551150 1.897428 -0.501382
v 2.547178 2.068176 -0.505171
v 2.541600 2.237389 -0.501305
v 2.535000 1.022480 -0.569252
v 2.543753 1.198972 -0.578573
v 2.552739 1.373916 -0.588335
v 2.561791 1.546847 -0.594334
v 2.569556 1.718378 -0.597087
v 2.572314 1.889525 -0.600420
v 2.568986 2.060795 -0.599812
v 2.561979 2.231526 -0.596751
v 2.425800 1.013146 -0.686588
v 2.464422 1.189379 -0.688817
v 2.500288 1.364329 -0.692944
v 2.536456 1.537219 -0.695525
v 2.545003 1.709085 -0.698013
v 2.548689 1.880987 -0.699334
v 2.546162 2.053102 -0.697937
v 2.539281 2.227515 -0.696175
v 0.143135 4.017334 -0.143328
v 0.245854 2.986759 -0.348120
v 0.416581 3.019423 -0.722922
v 0.362524 3.339958 -0.726471
v 0.333652 3.480919 -0.721607
v 0.328088 3.644083 -0.720060
v 0.996697 2.900658 -0.197053
v 0.689760 3.972746 -0.123535
v 0.518577 3.954677 -0.125621
v 1.325292 2.877611 -0.510159
v 0.717556 2.938186 -0.296313
v 1.332380 2.973495 -0.629729
v 1.098205 2.963129 -0.707082
v 0.982795 3.318113 -0.719145
v 0.952853 3.472031 -0.714192
v 0.958509 3.638154 -0.710869
v 1.332645 2.403621 -0.256607
v 1.325191 2.568830 -0.258776
v 1.316446 2.728122 -0.247976
v 1.305311 2.832021 -0.248973
v 1.295791 2.404581 -0.465227
v 1.273289 2.570295 -0.465307
v 1.307200 2.727007 -0.475997
v 1.300448 2.831775 -0.485393
v 1.467588 2.413154 -0.544513
v 1.429046 2.583596 -0.549223
v 1.443538 2.743217 -0.563488
v 1.417232 2.862411 -0.577902
v 2.081480 2.418198 -0.612027
v 2.047190 2.595410 -0.615490
v 1.986435 2.761515 -0.626580
v 1.640590 2.924181 -0.641488
v 1.605642 3.102138 -0.708929
v 1.553412 3.281394 -0.714124
v 1.527668 3.448016 -0.709362
v 1.526149 3.616394 -0.704125
v 2.535310 2.406856 -0.262644
v 2.531826 2.571311 -0.262616
v 2.531843 2.735887 -0.242803
v 2.535870 2.902173 -0.217323
v 2.543658 3.070455 -0.188102
v 2.549365 3.243134 -0.162655
v 2.552278 3.417182 -0.141076
v 2.549791 3.588999 -0.136152
v 2.535131 2.402831 -0.500776
v 2.530176 2.566436 -0.496676
v 2.529585 2.729602 -0.488822
v 2.534049 2.894054 -0.481665
v 2.542972 3.061530 -0.465949
v 2.554315 3.232629 -0.446430
v 2.564049 3.406021 -0.434090
v 2.567903 3.578861 -0.441236
v 2.554460 2.400473 -0.594409
v 2.547856 2.567976 -0.594244
v 2.542052 2.735302 -0.598466
v 2.539592 2.903018 -0.604559
v 2.542143 3.071796 -0.606116
v 2.548012 3.241688 -0.600218
v 2.553454 3.412441 -0.594215
v 2.555744 3.583240 -0.593263
v 2.532076 2.402524 -0.694547
v 2.523560 2.576703 -0.694950
v 2.511068 2.750172 -0.697260
v 2.497659 2.921032 -0.701090
v 2.483424 3.089924 -0.705122
v 2.476986 3.257386 -0.705821
v 2.473362 3.424943 -0.702300
v 2.472225 3.593199 -0.698413
v 0.333962 4.947255 -0.109356
v 0.334024 4.947258 -0.321933
v 0.334035 4.947257 -0.534618
v 0.313513 3.812206 -0.722367
v 0.271079 4.007356 -0.727537
v 0.245501 4.198320 -0.737709
v 0.271321 4.349798 -0.751377
v 0.320653 4.465003 -0.755908
v 0.337510 4.598918 -0.830550
v 0.333151 4.767354 -0.753872
v 0.332278 4.899311 -0.723282
v 1.005893 4.947234 -0.109418
v 1.005995 4.947261 -0.321955
v 1.006059 4.947263 -0.534546
v 0.956089 3.800478 -0.712252
v 0.940908 3.963449 -0.717506
v 0.925046 4.134609 -0.728937
v 0.950570 4.291037 -0.745973
v 0.994003 4.435559 -0.754885
v 1.003582 4.599013 -0.756087
v 1.005325 4.767386 -0.824312
v 1.006039 4.899416 -0.729344
v 1.677912 4.947264 -0.109395
v 1.677974 4.947265 -0.321977
v 1.791779 4.944868 -0.534567
v 1.538619 3.781319 -0.703766
v 1.556717 3.941624 -0.708895
v 1.686407 4.101404 -0.720287
v 1.768633 4.265417 -0.738090
v 1.824560 4.431565 -0.751026
v 1.846826 4.599225 -0.754273
v 1.870558 4.767422 -0.752593
v 1.861977 4.897021 -0.721716
v 2.547194 3.758723 -0.133792
v 2.544893 3.926450 -0.128772
v 2.543816 4.093724 -0.122005
v 2.544385 4.260867 -0.119682
v 2.545450 4.428802 -0.116512
v 2.546642 4.597689 -0.112926
v 2.544566 4.767024 -0.110162
v 2.496088 4.899410 -0.109422
v 2.564483 3.750680 -0.440662
v 2.558180 3.921892 -0.405913
v 2.550777 4.092284 -0.354374
v 2.547081 4.261767 -0.327935
v 2.547200 4.430337 -0.323549
v 2.547696 4.599010 -0.322228
v 2.544816 4.767420 -0.321989
v 2.401371 4.899418 -0.321991
v 2.554292 3.753341 -0.593617
v 2.552977 3.923138 -0.587310
v 2.551612 4.092019 -0.571676
v 2.548715 4.261591 -0.547291
v 2.547154 4.430707 -0.535592
v 2.547043 4.599110 -0.534562
v 2.543293 4.767421 -0.534578
v 2.404464 4.897020 -0.534580
v 2.348826 3.761409 -0.697676
v 2.378903 3.929171 -0.701976
v 2.401281 4.096124 -0.711000
v 2.417597 4.262911 -0.720781
v 2.424279 4.430685 -0.724190
v 2.424057 4.599108 -0.723750
v 2.416557 4.767424 -0.722426
v 2.361243 4.880274 -0.711771
vn -0.1696 0.0415 0.9846
vn -0.1995 0.0153 0.9798
vn -0.1997 0.0084 0.9798
vn -0.2080 -0.0221 0.9779
vn -0.2138 -0.0358 0.9762
vn -0.2186 -0.0448 0.9748
vn -0.1895 -0.5767 0.7947
vn -0.8884 -0.0783 0.4523
vn -0.8791 0.0161 0.4765
vn -0.9021 -0.0440 0.4293
vn -0.9413 -0.0841 0.3271
vn -0.9740 -0.1133 0.1963
vn -0.2844 -0.8874 0.3627
vn -0.9673 -0.1896 0.1683
vn -0.9762 0.0179 0.2160
vn -0.9779 -0.0212 0.2079
vn -0.9909 -0.0440 0.1268
vn -0.9982 -0.0600 -0.0030
vn -0.1863 -0.9608 0.2054
vn -0.9865 -0.1441 0.0776
vn -0.9991 0.0320 0.0265
vn -0.9992 -0.0087 0.0385
vn -0.9986 -0.0201 0.0481
vn -0.9991 -0.0248 0.0350
vn 0.0572 0.0579 0.9967
vn 0.1828 -0.0796 0.9799
vn 0.1568 0.0840 0.9840
vn 0.1553 0.0599 0.9860
vn 0.1212 -0.0879 0.9887
vn 0.0019 -0.0010 1.0000
vn 0.1568 -0.4504 0.8789
vn 0.6998 0.1202 0.7042
vn 0.7500 0.2340 0.6186
vn 0.7674 0.1479 0.6238
vn 0.8513 -0.1553 0.5012
vn 0.2485 -0.1151 0.9618
vn 0.1759 -0.8889 0.4229
vn 0.9774 0.2061 -0.0462
vn 0.9587 0.2839 -0.0181
vn 0.9797 0.1107 -0.1674
vn 0.9887 0.0194 -0.1486
vn 0.9990 0.0327 -0.0319
vn -0.1677 0.0594 0.9841
vn 0.1309 0.9718 -0.1959
vn 0.9695 0.2435 -0.0272
vn 0.9898 0.1420 -0.0138
vn 0.9986 0.0299 -0.0446
vn 0.9994 -0.0035 -0.0348
vn -0.2228 -0.0525 0.9735
vn -0.2241 -0.0428 0.9736
vn -0.2286 0.0620 0.9715
vn -0.5769 0.1302 0.8063
vn -0.5672 0.0355 0.8228
vn -0.6080 0.0732 0.7906
vn -0.6492 0.0902 0.7552
vn -0.7110 -0.0680 0.6999
vn -0.9921 -0.1128 0.0548
vn -0.9925 -0.1033 -0.0657
vn -0.9936 0.0098 -0.1124
vn -0.9863 0.0273 0.1628
vn -0.9925 0.0839 0.0893
vn -0.9934 0.1140 0.0116
vn -0.9903 0.1207 -0.0694
vn -0.9922 0.0917 -0.0839
vn -0.9909 -0.0395 -0.1287
vn -0.9716 -0.0432 -0.2326
vn -0.9547 0.0107 -0.2972
vn -0.9376 0.0493 -0.3442
vn -0.9369 0.0862 -0.3387
vn -0.9305 0.1101 -0.3493
vn -0.9297 0.1083 -0.3521
vn -0.9387 0.0824 -0.3348
vn -0.9995 -0.0279 0.0123
vn -0.9995 -0.0284 -0.0100
vn -0.9998 0.0092 -0.0167
vn -0.9988 0.0436 -0.0220
vn -0.9969 0.0781 -0.0073
vn -0.9937 0.1107 0.0158
vn -0.9945 0.0951 0.0433
vn -0.9953 0.0710 0.0661
vn 0.0021 -0.0036 1.0000
vn 0.0022 -0.0029 1.0000
vn 0.0028 -0.0013 1.0000
vn -0.1198 0.0817 0.9894
vn -0.1486 -0.0015 0.9889
vn -0.1544 0.0120 0.9879
vn -0.1615 0.0227 0.9866
vn -0.1410 -0.0755 0.9871
vn 0.2402 0.0270 0.9703
vn 0.2352 0.0286 0.9715
vn 0.2321 0.0116 0.9726
vn 0.2292 -0.0033 0.9734
vn 0.2286 -0.0154 0.9734
vn 0.2289 -0.0210 0.9732
vn 0.2295 -0.0231 0.9730
vn 0.2300 -0.0321 0.9727
vn 0.9982 0.0521 0.0290
vn 0.9937 0.0583 0.0959
vn 0.9898 0.0004 0.1426
vn 0.9836 -0.0474 0.1740
vn 0.9801 -0.0917 0.1762
vn 0.9778 -0.1133 0.1761
vn 0.9807 -0.1115 0.1605
vn 0.9804 -0.1294 0.1484
vn 0.9997 0.0153 -0.0169
vn 0.9996 0.0266 0.0080
vn 0.9998 -0.0161 0.0153
vn 0.9976 -0.0625 0.0303
vn 0.9951 -0.0959 0.0260
vn 0.9928 -0.1182 0.0175
vn 0.9941 -0.1086 -0.0026
vn 0.9933 -0.1133 -0.0218
vn -0.2303 -0.0582 0.9714
vn -0.2229 0.0023 0.9748
vn -0.2165 -0.0000 0.9763
vn -0.2054 0.0076 0.9786
vn -0.1982 0.0197 0.9800
vn -0.1891 0.0330 0.9814
vn -0.1803 0.0304 0.9831
vn -0.1737 0.0203 0.9846
vn -0.9743 0.0186 -0.2243
vn -0.9960 0.0006 -0.0894
vn -0.9968 -0.0260 0.0752
vn -0.9727 -0.0212 0.2311
vn -0.9382 0.0049 0.3461
vn -0.9055 0.0234 0.4237
vn -0.8599 0.0274 0.5097
vn -0.8179 0.0372 0.5741
vn -0.9582 0.0204 -0.2852
vn -0.9829 -0.0498 -0.1774
vn -0.9938 -0.0790 -0.0781
vn -0.9971 -0.0744 -0.0190
vn -0.9989 -0.0465 -0.0035
vn -0.9993 -0.0310 -0.0197
vn -0.9990 -0.0215 -0.0380
vn -0.9997 -0.0042 -0.0226
vn -0.9965 -0.0124 0.0822
vn -0.9926 -0.0828 0.0891
vn -0.9945 -0.0714 0.0761
vn -0.9983 -0.0169 0.0553
vn -0.9987 0.0359 0.0348
vn -0.9990 0.0431 0.0124
vn -0.9997 0.0232 -0.0026
vn -0.9997 0.0057 -0.0224
vn 0.0048 -0.0075 1.0000
vn 0.0039 -0.0125 0.9999
vn 0.0549 0.0590 0.9967
vn 0.0856 -0.2582 0.9623
vn 0.0007 0.0004 1.0000
vn -0.0011 0.0091 1.0000
vn -0.0012 0.0055 1.0000
vn -0.0013 0.0025 1.0000
vn 0.2304 -0.0467 0.9720
vn 0.2334 -0.0474 0.9712
vn 0.2200 0.3435 0.9130
vn 0.5529 -0.2411 0.7976
vn 0.9791 -0.1505 0.1368
vn 0.9849 -0.1340 0.1098
vn 0.9880 -0.1088 0.1094
vn 0.6692 -0.7237 0.1686
vn 0.9920 -0.1186 -0.0424
vn 0.9941 -0.0911 -0.0597
vn 0.9926 -0.0985 -0.0713
vn 0.7285 -0.6765 -0.1080
vn 0.2527 -0.8436 0.4739
vn 0.0496 -0.5900 0.8059
vn -0.0011 0.0041 1.0000
vn -0.0018 0.0034 1.0000
vn -0.0018 0.0012 1.0000
vn 0.5341 -0.2063 0.8199
vn -0.1338 -0.7874 -0.6017
vn 0.7449 -0.5786 0.3321
vn 0.1321 -0.6376 -0.7590
vn 0.7052 -0.6724 -0.2248
vn 0.2119 -0.8262 -0.5220
vn 0.0068 -0.6742 0.7385
vn -0.0015 0.0012 1.0000
vn -0.0018 0.0026 1.0000
vn -0.0018 0.0008 1.0000
vn 0.0315 -0.7899 -0.6125
vn 0.0517 -0.8043 -0.5919
vn -0.1769 0.0041 0.9842
vn -0.1851 -0.0197 0.9825
vn -0.1956 -0.0166 0.9806
vn -0.2124 -0.0214 0.9769
vn -0.2225 -0.0142 0.9748
vn -0.2240 0.0020 0.9746
vn -0.1939 0.3620 0.9118
vn -0.1811 0.8564 0.4835
vn -0.8043 0.0528 0.5919
vn -0.8522 0.0388 0.5217
vn -0.9223 0.0707 0.3799
vn -0.9645 0.0386 0.2613
vn -0.9726 -0.0046 0.2323
vn -0.9712 0.0149 0.2378
vn -0.8805 0.4215 0.2170
vn -0.2514 0.9650 0.0746
vn -0.9991 0.0413 0.0006
vn -0.9981 0.0601 -0.0125
vn -0.9980 0.0580 -0.0270
vn -0.9997 0.0201 -0.0141
vn -0.9999 -0.0054 -0.0092
vn -0.9998 0.0162 -0.0130
vn -0.9089 0.4169 -0.0110
vn -0.2484 0.9683 -0.0246
vn -0.9995 0.0168 -0.0284
vn -0.9995 0.0230 -0.0217
vn -0.9999 0.0158 -0.0062
vn -1.0000 0.0036 0.0053
vn -1.0000 -0.0009 0.0009
vn -0.9998 0.0184 -0.0006
vn -0.9099 0.4147 -0.0012
vn -0.2442 0.9697 -0.0009
vn -0.0014 -0.0005 1.0000
vn 0.0049 -0.0037 1.0000
vn -0.0016 -0.0138 0.9999
vn -0.0027 -0.0238 0.9997
vn -0.0052 -0.0146 0.9999
vn -0.0055 0.0057 1.0000
vn -0.0131 0.2879 0.9576
vn -0.0284 0.8130 0.5815
vn -0.0294 0.9980 0.0565
vn -0.0287 0.9988 -0.0390
vn -0.0280 0.9996 -0.0011
vn 0.0022 0.0480 0.9988
vn -0.0002 -0.0048 1.0000
vn -0.0014 -0.0364 0.9993
vn -0.0005 -0.0247 0.9997
vn 0.0002 -0.0107 0.9999
vn 0.0005 0.0117 0.9999
vn 0.0027 0.2819 0.9594
vn 0.0058 0.8171 0.5764
vn 0.0034 0.9985 0.0553
vn 0.0016 0.9991 -0.0435
vn 0.0003 1.0000 -0.0004
vn -0.0056 0.0158 0.9999
vn -0.0132 -0.0151 0.9998
vn -0.0005 -0.0109 0.9999
vn 0.0026 -0.0176 0.9998
vn 0.0045 -0.0007 1.0000
vn 0.0045 0.0134 0.9999
vn 0.0124 0.2942 0.9557
vn 0.0286 0.8082 0.5883
vn 0.0153 0.9943 0.1054
vn 0.0034 0.9997 -0.0250
vn 0.0008 1.0000 0.0029
vn -0.0000 -1.0000 -0.0000
vn -0.2510 -0.9680 0.0061
vn -0.9998 -0.0014 -0.0195
vn -0.9994 -0.0332 -0.0094
vn -0.9997 -0.0219 -0.0127
vn -0.9998 0.0042 -0.0196
vn -0.2264 -0.9724 -0.0571
vn -0.9923 -0.0429 -0.1163
vn -0.9953 -0.0212 -0.0940
vn -0.9922 -0.0361 -0.1192
vn -0.9920 -0.0149 -0.1254
vn -0.9968 -0.0103 -0.0795
vn -0.1861 -0.7947 -0.5778
vn -0.8923 -0.0341 -0.4502
vn -0.8183 0.0310 -0.5739
vn -0.7317 0.0360 -0.6807
vn -0.6656 0.0467 -0.7449
vn -0.6515 0.0583 -0.7564
vn -0.2061 -0.1406 -0.9684
vn -0.2098 0.0873 -0.9738
vn -0.2023 0.2065 -0.9573
vn -0.1831 0.1772 -0.9670
vn -0.1634 0.1497 -0.9751
vn -0.1495 0.1417 -0.9786
vn 0.2572 -0.9623 -0.0881
vn 0.9303 0.1359 -0.3406
vn 0.9115 0.0843 -0.4025
vn 0.9082 -0.0023 -0.4185
vn 0.8549 0.0469 -0.5167
vn 0.2330 -0.8994 -0.3698
vn 0.9127 0.1665 -0.3732
vn 0.9669 0.1127 -0.2291
vn 0.9575 0.0995 -0.2709
vn 0.8274 0.2154 -0.5186
vn 0.0718 -0.7173 -0.6930
vn 0.4957 -0.0410 -0.8675
vn 0.5408 0.0658 -0.8386
vn 0.6438 0.1633 -0.7475
vn 0.5265 0.2372 -0.8164
vn 0.4121 0.2669 -0.8712
vn 0.0303 -0.1546 -0.9875
vn 0.0870 0.0206 -0.9960
vn 0.0907 0.1235 -0.9882
vn 0.1200 0.1582 -0.9801
vn 0.0918 0.1918 -0.9771
vn 0.0721 0.2060 -0.9759
vn -0.9999 0.0098 -0.0103
vn -1.0000 0.0037 0.0022
vn -0.9996 0.0166 0.0224
vn -0.9981 0.0357 0.0506
vn -0.9967 0.0317 0.0743
vn -0.9965 0.0297 0.0778
vn -0.9956 0.0256 0.0899
vn -0.9955 0.0133 0.0935
vn -0.9996 -0.0284 0.0004
vn -0.9946 -0.0460 0.0926
vn -0.9850 -0.0339 0.1691
vn -0.9689 -0.0013 0.2475
vn -0.9544 0.0178 0.2981
vn -0.9558 0.0212 0.2933
vn -0.9584 0.0235 0.2845
vn -0.9695 0.0208 0.2443
vn -0.6811 0.0368 -0.7312
vn -0.7191 -0.0128 -0.6948
vn -0.7658 -0.0531 -0.6409
vn -0.8134 -0.0371 -0.5805
vn -0.8563 -0.0134 -0.5162
vn -0.8724 0.0112 -0.4887
vn -0.8783 0.0252 -0.4774
vn -0.7969 0.0182 -0.6039
vn -0.1401 0.1314 -0.9814
vn -0.1301 0.0865 -0.9877
vn -0.1214 0.0296 -0.9922
vn -0.1090 -0.0073 -0.9940
vn -0.1037 -0.0246 -0.9943
vn -0.1072 -0.0192 -0.9941
vn -0.1100 -0.0005 -0.9939
vn -0.1057 -0.0386 -0.9937
vn 0.8064 0.0719 -0.5870
vn 0.7396 0.0558 -0.6708
vn 0.6901 -0.0007 -0.7237
vn 0.6504 -0.0486 -0.7580
vn 0.6502 -0.0317 -0.7591
vn 0.6938 -0.0103 -0.7201
vn 0.7095 -0.0269 -0.7042
vn 0.7340 -0.0813 -0.6743
vn 0.6687 0.2644 -0.6949
vn 0.5523 0.2182 -0.8046
vn 0.4870 0.1155 -0.8657
vn 0.4296 0.0140 -0.9029
vn 0.3968 -0.0357 -0.9172
vn 0.4141 -0.0348 -0.9095
vn 0.4367 -0.0493 -0.8982
vn 0.4569 -0.1350 -0.8792
vn 0.3459 0.2839 -0.8943
vn 0.3173 0.2363 -0.9184
vn 0.2981 0.1729 -0.9387
vn 0.2525 0.0580 -0.9659
vn 0.2304 -0.0154 -0.9730
vn 0.2315 -0.0366 -0.9721
vn 0.2391 -0.0440 -0.9700
vn 0.2362 -0.1217 -0.9640
vn 0.0697 0.2153 -0.9741
vn 0.0794 0.1793 -0.9806
vn 0.0965 0.1315 -0.9866
vn 0.0939 0.0552 -0.9940
vn 0.1015 -0.0089 -0.9948
vn 0.1038 -0.0281 -0.9942
vn 0.1016 -0.0240 -0.9945
vn 0.0903 -0.0895 -0.9919
vn -0.9947 -0.0196 0.1012
vn -0.9952 -0.0440 0.0869
vn -0.9969 -0.0512 0.0597
vn -0.9981 -0.0442 0.0431
vn -0.9988 -0.0058 0.0491
vn -0.9977 0.0179 0.0650
vn -0.9961 0.0376 0.0796
vn -0.9962 0.0399 0.0769
vn -0.9787 0.0088 0.2052
vn -0.9891 -0.0041 0.1475
vn -0.9990 -0.0033 0.0442
vn -0.9974 -0.0028 -0.0722
vn -0.9881 0.0217 -0.1525
vn -0.9839 0.0331 -0.1759
vn -0.9873 0.0356 -0.1547
vn -0.9917 0.0437 -0.1207
vn -0.6939 -0.0482 -0.7184
vn -0.6459 -0.0945 -0.7575
vn -0.6215 -0.0508 -0.7818
vn -0.5837 0.0189 -0.8118
vn -0.5395 0.0693 -0.8391
vn -0.5360 0.0656 -0.8417
vn -0.5766 0.0160 -0.8169
vn -0.6094 -0.0229 -0.7925
vn -0.1052 -0.1344 -0.9853
vn -0.1119 -0.1693 -0.9792
vn -0.1251 -0.1433 -0.9817
vn -0.1326 -0.0785 -0.9880
vn -0.1524 -0.0372 -0.9876
vn -0.1814 -0.0241 -0.9831
vn -0.1971 -0.0559 -0.9788
vn -0.1968 -0.0636 -0.9784
vn 0.7325 -0.1738 -0.6582
vn 0.8051 -0.1676 -0.5690
vn 0.8681 -0.1132 -0.4833
vn 0.9024 -0.0767 -0.4241
vn 0.4581 -0.2569 -0.8510
vn 0.5074 -0.3058 -0.8056
vn 0.6332 -0.3272 -0.7015
vn 0.7427 -0.2497 -0.6213
vn 0.2470 -0.2523 -0.9356
vn 0.2763 -0.3039 -0.9118
vn 0.3491 -0.3534 -0.8679
vn 0.2906 -0.8281 -0.4795
vn 0.0974 -0.2228 -0.9700
vn 0.0940 -0.2673 -0.9590
vn 0.0998 -0.2946 -0.9504
vn 0.0291 -0.4436 -0.8958
vn -0.0833 -0.2259 -0.9706
vn -0.0654 -0.0929 -0.9935
vn -0.0457 -0.0267 -0.9986
vn -0.0320 0.0152 -0.9994
vn 0.4289 -0.8717 -0.2372
vn 0.1542 -0.9832 -0.0976
vn 0.0611 -0.5011 0.8632
vn -0.1147 0.4918 0.8631
vn -0.0362 -0.6523 0.7571
vn 0.1670 -0.7086 0.6856
vn 0.0548 -0.8410 -0.5382
vn -0.0187 -0.6742 -0.7384
vn -0.0142 -0.0285 -0.9995
vn 0.0011 0.0226 -0.9997
vn 0.0021 0.0149 -0.9999
vn 0.0923 -0.7517 0.6530
vn 0.0756 -0.8233 0.5625
vn 0.0158 -0.6543 -0.7561
vn 0.0065 0.0131 -0.9999
vn 0.0071 0.0291 -0.9996
vn 0.0062 0.0025 -1.0000
vn -0.9971 0.0371 0.0663
vn -0.9975 0.0424 0.0561
vn -0.9987 0.0361 0.0372
vn -0.9996 0.0229 0.0164
vn -1.0000 0.0032 0.0031
vn -0.9998 0.0195 0.0005
vn -0.9101 0.4145 -0.0000
vn -0.2440 0.9698 -0.0000
vn -0.9948 0.0525 -0.0875
vn -0.9967 0.0511 -0.0625
vn -0.9989 0.0465 -0.0095
vn -0.9985 0.0512 0.0181
vn -0.9996 0.0246 0.0113
vn -0.9997 0.0248 0.0008
vn -0.9093 0.4161 -0.0065
vn -0.2436 0.9699 -0.0069
vn -0.6519 -0.0367 -0.7574
vn -0.7083 -0.0751 -0.7019
vn -0.7687 -0.0850 -0.6339
vn -0.8468 -0.0238 -0.5314
vn -0.9217 -0.0083 -0.3879
vn -0.9503 0.0468 -0.3079
vn -0.8755 0.4099 -0.2558
vn -0.2427 0.9645 -0.1040
vn -0.1890 -0.0643 -0.9799
vn -0.1848 -0.1228 -0.9751
vn -0.2012 -0.1347 -0.9702
vn -0.2247 -0.1120 -0.9680
vn -0.2432 -0.0712 -0.9674
vn -0.2617 -0.0224 -0.9649
vn -0.2749 0.1999 -0.9404
vn -0.1856 0.7829 -0.5938
vn -0.0280 0.9996 -0.0000
vn -0.0280 0.9996 -0.0058
vn -0.0262 0.9934 -0.1115
vn -0.0299 0.0128 -0.9995
vn -0.0247 -0.0567 -0.9981
vn -0.0114 -0.0862 -0.9962
vn -0.0216 -0.1345 -0.9907
vn -0.0369 -0.1148 -0.9927
vn -0.0441 -0.0950 -0.9945
vn -0.0419 0.2132 -0.9761
vn -0.0238 0.8043 -0.5938
vn -0.0000 1.0000 0.0001
vn -0.0004 1.0000 -0.0019
vn -0.0021 0.9926 -0.1214
vn -0.0039 -0.0032 -1.0000
vn -0.0018 -0.0201 -0.9998
vn 0.0067 -0.1147 -0.9934
vn 0.0133 -0.1577 -0.9874
vn 0.0214 -0.1017 -0.9946
vn -0.0015 -0.1185 -0.9930
vn -0.0069 0.2378 -0.9713
vn -0.0036 0.8056 -0.5924
vn 0.0001 1.0000 0.0006
vn -0.0000 1.0000 -0.0002
vn 0.0007 0.9926 -0.1214
vn 0.0040 -0.0117 -0.9999
vn -0.0008 -0.0226 -0.9997
vn 0.0056 -0.0848 -0.9964
vn 0.0234 -0.0611 -0.9979
vn 0.0109 -0.2339 -0.9722
vn -0.0059 -0.1961 -0.9806
vn 0.0299 0.2311 -0.9725
vn 0.0038 0.8083 -0.5888
vn -0.0821 0.1465 0.9858
vn -0.1355 -0.0562 0.9892
vn -0.0071 0.0246 0.9997
vn -0.0033 0.0149 0.9999
vn -0.0030 0.0084 1.0000
vn -0.0033 0.0056 1.0000
vn -0.2284 -0.2132 0.9499
vn -0.8215 0.1313 0.5548
vn -0.2546 -0.0080 0.9670
vn -0.2425 0.0433 0.9692
vn -0.2437 0.0210 0.9696
vn -0.2436 0.0242 0.9696
vn -0.2786 -0.9543 0.1086
vn -0.2455 0.9643 -0.0991
vn -0.9787 0.1909 0.0756
vn -0.9888 0.1328 0.0683
vn -0.9972 0.0394 0.0631
vn -0.9966 0.0495 0.0655
vn -0.2513 -0.9679 0.0030
vn -0.9809 0.1868 0.0537
vn -0.9866 0.1552 0.0505
vn -0.9982 0.0455 0.0380
vn -0.9985 0.0405 0.0356
vn 0.0239 0.0048 0.9997
vn 0.0278 0.0076 0.9996
vn 0.2242 0.0465 0.9734
vn 0.2317 0.0018 0.9728
vn 0.2333 -0.0037 0.9724
vn 0.2336 -0.0095 0.9723
vn 0.1513 -0.7087 0.6891
vn 0.3003 0.0089 0.9538
vn 0.9966 0.0327 0.0750
vn 0.9984 -0.0089 0.0551
vn 0.9996 -0.0295 -0.0046
vn 0.9976 -0.0396 -0.0568
vn 0.2449 -0.9695 0.0122
vn 0.9998 0.0186 -0.0123
vn 0.9982 0.0014 -0.0597
vn 0.9948 -0.0256 -0.0990
vn 0.9905 -0.0309 -0.1341
vn 0.2443 -0.9697 -0.0042
vn 0.9996 0.0275 -0.0107
vn 0.9999 0.0080 -0.0131
vn 0.9997 -0.0205 -0.0146
vn 0.9995 -0.0273 -0.0135
vn -0.0043 0.0015 1.0000
vn -0.0056 0.0008 1.0000
vn -0.0063 -0.0004 1.0000
vn -0.0052 -0.0024 1.0000
vn -0.0039 -0.0024 1.0000
vn -0.0033 -0.0018 1.0000
vn -0.0028 -0.0018 1.0000
vn -0.0022 -0.0033 1.0000
vn -0.2428 0.0266 0.9697
vn -0.2434 0.0247 0.9696
vn -0.2417 0.0104 0.9703
vn -0.2395 -0.0036 0.9709
vn -0.2424 -0.0114 0.9701
vn -0.2458 -0.0162 0.9692
vn -0.2485 -0.0156 0.9685
vn -0.2487 -0.0237 0.9683
vn -0.9956 0.0569 0.0751
vn -0.9943 0.0546 0.0916
vn -0.9934 0.0543 0.1010
vn -0.9940 0.0480 0.0985
vn -0.9960 0.0281 0.0843
vn -0.9984 0.0158 0.0538
vn -0.9999 0.0021 0.0165
vn -0.9992 -0.0397 -0.0051
vn -0.9983 0.0442 0.0381
vn -0.9982 0.0410 0.0448
vn -0.9974 0.0354 0.0623
vn -0.9949 0.0524 0.0867
vn -0.9950 0.0440 0.0897
vn -0.9958 0.0298 0.0864
vn -0.9968 0.0185 0.0772
vn -0.9971 -0.0407 0.0649
vn 0.2330 -0.0161 0.9724
vn 0.2331 -0.0154 0.9723
vn 0.2339 -0.0063 0.9722
vn 0.2331 0.0058 0.9724
vn 0.2321 0.0124 0.9726
vn 0.2309 0.0139 0.9729
vn 0.2303 0.0108 0.9731
vn 0.2299 0.0066 0.9732
vn 0.9956 -0.0458 -0.0818
vn 0.9935 -0.0408 -0.1060
vn 0.9929 -0.0239 -0.1166
vn 0.9962 0.0018 -0.0870
vn 0.9994 0.0195 -0.0272
vn 0.9984 0.0254 0.0500
vn 0.9933 0.0195 0.1137
vn 0.9871 0.0218 0.1587
vn 0.9885 -0.0317 -0.1479
vn 0.9844 -0.0290 -0.1737
vn 0.9836 -0.0241 -0.1790
vn 0.9870 -0.0156 -0.1597
vn 0.9940 -0.0089 -0.1091
vn 0.9991 -0.0036 -0.0433
vn 1.0000 0.0003 0.0089
vn 0.9989 0.0107 0.0451
vn 0.9995 -0.0287 -0.0129
vn 0.9996 -0.0259 -0.0151
vn 0.9995 -0.0258 -0.0172
vn 0.9995 -0.0255 -0.0185
vn 0.9996 -0.0227 -0.0185
vn 0.9997 -0.0155 -0.0192
vn 0.9999 -0.0057 -0.0162
vn 0.9998 0.0060 -0.0163
vn -0.0006 -0.6878 0.7259
vn -0.0010 0.0022 1.0000
vn -0.0012 0.0024 1.0000
vn -0.0010 0.0010 1.0000
vn 0.0465 -0.7595 -0.6488
vn -0.0267 -0.9720 -0.2334
vn -0.1713 -0.7162 0.6765
vn -0.0092 -0.5546 0.8321
vn 0.0002 0.0033 1.0000
vn 0.0002 0.0027 1.0000
vn 0.0004 0.0018 1.0000
vn 0.1660 -0.8622 -0.4786
vn -0.0404 -0.3359 -0.9410
vn -0.4968 -0.8678 -0.0128
vn -0.1821 -0.7590 -0.6252
vn -0.1450 -0.9213 0.3608
vn -0.0009 -0.0085 1.0000
vn -0.0536 0.0436 0.9976
vn -0.1729 -0.2350 0.9565
vn -0.0910 -0.2717 0.9581
vn -0.0000 -0.0032 1.0000
vn 0.0021 0.0040 1.0000
vn 0.0020 0.0029 1.0000
vn 0.0019 0.0026 1.0000
vn -0.2485 -0.0043 0.9686
vn -0.5512 -0.7849 0.2831
vn -0.9871 -0.1595 -0.0107
vn -0.9939 -0.1025 -0.0397
vn -0.9987 0.0155 -0.0477
vn -0.9989 0.0204 -0.0417
vn -0.9955 -0.0894 0.0317
vn -0.9990 -0.0396 -0.0218
vn -0.9969 -0.0758 0.0233
vn -0.9579 -0.1981 0.2077
vn 0.2297 0.0016 0.9733
vn 0.2294 -0.0030 0.9733
vn 0.2267 -0.0010 0.9740
vn 0.2225 -0.0043 0.9749
vn 0.2245 -0.0099 0.9744
vn 0.2240 -0.0015 0.9746
vn 0.2237 0.0010 0.9747
vn 0.2276 0.0038 0.9738
vn 0.9840 0.0098 0.1781
vn 0.9811 -0.0040 0.1932
vn 0.9759 -0.0100 0.2180
vn 0.9706 -0.0128 0.2404
vn 0.9692 -0.0267 0.2448
vn 0.9714 -0.0068 0.2372
vn 0.9752 0.0294 0.2196
vn 0.9825 0.0555 0.1777
vn 0.9980 0.0093 0.0621
vn 0.9980 -0.0017 0.0629
vn 0.9982 -0.0087 0.0592
vn 0.9990 -0.0156 0.0425
vn 0.9996 -0.0237 0.0174
vn 0.9999 -0.0088 -0.0111
vn 0.9992 0.0232 -0.0310
vn 0.9981 0.0505 -0.0357
vn 0.9997 0.0110 -0.0197
vn 0.9996 0.0097 -0.0268
vn 0.9993 0.0026 -0.0370
vn 0.9991 -0.0073 -0.0407
vn 0.9991 -0.0039 -0.0433
vn 0.9990 0.0023 -0.0454
vn 0.9992 0.0115 -0.0385
vn 0.9996 0.0217 -0.0204
vn -0.0009 0.0003 1.0000
vn -0.0006 -0.0007 1.0000
vn 0.0009 -0.0049 1.0000
vn 0.0047 -0.0079 1.0000
vn 0.0061 0.0012 1.0000
vn 0.0056 0.0086 0.9999
vn 0.0122 0.3079 0.9513
vn 0.0236 0.7991 0.6007
vn 0.0090 0.9821 0.1880
vn 0.0020 1.0000 -0.0040
vn 0.0004 1.0000 0.0047
vn 0.0005 0.0012 1.0000
vn 0.0009 0.0013 1.0000
vn 0.0017 0.0012 1.0000
vn 0.0037 -0.0006 1.0000
vn 0.0045 0.0013 1.0000
vn 0.0039 0.0027 1.0000
vn 0.0083 0.3149 0.9491
vn 0.0146 0.7915 0.6110
vn 0.0058 0.9760 0.2175
vn 0.0010 1.0000 0.0074
vn -0.0000 1.0000 0.0050
vn 0.0022 0.0027 1.0000
vn 0.0026 0.0032 1.0000
vn 0.0029 0.0039 1.0000
vn 0.0032 0.0033 1.0000
vn 0.0033 0.0019 1.0000
vn 0.0030 -0.0020 1.0000
vn 0.0034 0.3303 0.9439
vn 0.0148 0.8013 0.5980
vn 0.0270 0.9777 0.2081
vn 0.0287 0.9995 0.0165
vn 0.0286 0.9996 0.0054
vn 0.2312 0.0080 0.9729
vn 0.2314 0.0088 0.9728
vn 0.2309 0.0073 0.9730
vn 0.2297 0.0077 0.9732
vn 0.2291 0.0010 0.9734
vn 0.2293 -0.0065 0.9733
vn 0.1936 0.3751 0.9065
vn 0.2158 0.8489 0.4825
vn 0.9888 0.0542 0.1388
vn 0.9926 0.0272 0.1187
vn 0.9926 -0.0007 0.1218
vn 0.9905 -0.0001 0.1374
vn 0.9893 0.0020 0.1458
vn 0.9901 0.0034 0.1402
vn 0.9721 0.1862 0.1426
vn 0.2693 0.9521 0.1451
vn 0.9985 0.0516 -0.0196
vn 0.9996 0.0290 -0.0067
vn 1.0000 -0.0052 -0.0060
vn 0.9999 -0.0120 -0.0059
vn 1.0000 -0.0063 0.0007
vn 1.0000 0.0031 0.0079
vn 0.9831 0.1825 0.0124
vn 0.2760 0.9610 0.0193
vn 0.9998 0.0182 -0.0045
vn 0.9999 0.0113 0.0037
vn 1.0000 -0.0029 0.0073
vn 1.0000 -0.0080 0.0044
vn 1.0000 -0.0096 0.0017
vn 1.0000 -0.0003 0.0016
vn 0.9834 0.1814 0.0035
vn 0.2764 0.9610 0.0063
vn -0.2480 -0.9674 -0.0510
vn -0.9418 0.2073 0.2645
vn -0.9524 0.1947 0.2346
vn -0.9736 0.0972 0.2064
vn -0.9795 0.0722 0.1881
vn -0.2262 -0.9716 0.0691
vn -0.9945 0.0994 0.0333
vn -0.9554 0.2470 0.1618
vn -0.9543 0.2235 0.1986
vn -0.9771 0.1785 0.1157
vn -0.9900 0.1363 -0.0359
vn -0.1751 -0.9840 -0.0318
vn -0.8211 -0.5707 -0.0126
vn -0.7225 0.1420 -0.6766
vn -0.6715 0.1272 -0.7300
vn -0.6737 0.1677 -0.7198
vn -0.4257 0.2266 -0.8761
vn -0.1225 -0.5590 -0.8201
vn -0.2243 0.1594 -0.9614
vn -0.1827 0.1834 -0.9659
vn -0.1918 0.0436 -0.9805
vn -0.1338 0.1785 -0.9748
vn -0.1083 0.2737 -0.9557
vn 0.2439 -0.9690 -0.0401
vn 0.9991 0.0160 -0.0383
vn 0.9995 -0.0017 -0.0308
vn 0.9994 -0.0264 -0.0235
vn 0.9994 -0.0302 -0.0187
vn 0.1071 -0.9906 0.0852
vn 0.5801 -0.8033 -0.1351
vn 0.9978 0.0020 -0.0664
vn 0.9986 -0.0245 -0.0468
vn 0.9988 -0.0469 -0.0106
vn 0.9992 -0.0364 0.0187
vn 0.1336 -0.9860 -0.1001
vn 0.5151 -0.4409 -0.7350
vn 0.6380 -0.0533 -0.7682
vn 0.7147 -0.0828 -0.6945
vn 0.8012 -0.0930 -0.5911
vn 0.8807 -0.0775 -0.4674
vn 0.0926 -0.5474 -0.8317
vn 0.0939 0.0123 -0.9955
vn 0.1019 0.0352 -0.9942
vn 0.1195 -0.0466 -0.9917
vn 0.1439 0.0655 -0.9874
vn 0.1049 0.0359 -0.9938
vn -0.9859 0.0486 0.1600
vn -0.9915 0.0595 0.1159
vn -0.9990 -0.0085 0.0445
vn -0.9993 -0.0305 -0.0222
vn -0.9960 0.0537 -0.0717
vn -0.9891 -0.0097 -0.1470
vn -0.9964 -0.0685 -0.0497
vn -0.9972 -0.0385 0.0643
vn -0.9732 0.1122 -0.2006
vn -0.9044 0.1878 -0.3832
vn -0.7524 0.1101 -0.6495
vn -0.6649 0.0716 -0.7434
vn -0.6358 0.1153 -0.7632
vn -0.6490 0.0221 -0.7604
vn -0.6028 -0.1522 -0.7832
vn -0.6558 -0.1273 -0.7441
vn -0.3091 0.0934 -0.9464
vn -0.2779 0.0932 -0.9561
vn -0.2297 0.0519 -0.9719
vn -0.2183 0.0401 -0.9751
vn -0.2158 0.0216 -0.9762
vn -0.2337 0.0255 -0.9720
vn -0.2114 -0.0372 -0.9767
vn -0.2176 -0.0469 -0.9749
vn -0.1268 0.1032 -0.9865
vn -0.1415 0.0283 -0.9895
vn -0.1496 0.0056 -0.9887
vn -0.1524 0.0103 -0.9883
vn -0.1583 -0.0074 -0.9874
vn -0.1596 0.0105 -0.9871
vn -0.1601 0.0034 -0.9871
vn -0.1519 -0.0171 -0.9883
vn 0.9996 -0.0235 -0.0178
vn 0.9995 -0.0274 -0.0135
vn 0.9995 -0.0288 -0.0091
vn 0.9997 -0.0229 -0.0042
vn 1.0000 -0.0094 0.0006
vn 0.9999 0.0125 -0.0023
vn 0.9997 0.0240 -0.0063
vn 0.9996 0.0243 -0.0153
vn 0.9986 -0.0280 0.0442
vn 0.9971 -0.0337 0.0683
vn 0.9963 -0.0367 0.0774
vn 0.9949 -0.0341 0.0953
vn 0.9944 -0.0176 0.1045
vn 0.9934 0.0106 0.1145
vn 0.9920 0.0295 0.1227
vn 0.9933 0.0338 0.1106
vn 0.9308 -0.0770 -0.3572
vn 0.9643 -0.0798 -0.2524
vn 0.9861 -0.0818 -0.1445
vn 0.9984 -0.0475 -0.0323
vn 0.9993 -0.0301 -0.0209
vn 0.9999 0.0027 -0.0152
vn 0.9995 0.0315 -0.0055
vn 0.9992 0.0404 -0.0071
vn 0.0904 0.0017 -0.9959
vn 0.0901 -0.0283 -0.9955
vn 0.0982 -0.0278 -0.9948
vn 0.1104 -0.0116 -0.9938
vn 0.1081 -0.0171 -0.9940
vn 0.1084 0.0059 -0.9941
vn 0.1061 0.0121 -0.9943
vn 0.1099 0.0055 -0.9939
vn -0.0327 -0.8076 0.5888
vn -0.0624 -0.8248 0.5619
vn -0.0108 -0.6248 -0.7807
vn 0.0125 0.0168 -0.9998
vn 0.0117 0.0246 -0.9996
vn 0.0124 -0.0007 -0.9999
vn -0.3544 -0.8841 0.3046
vn -0.0887 -0.7827 0.6161
vn -0.0656 -0.5951 0.8010
vn -0.3664 -0.7811 -0.5057
vn -0.2095 -0.8928 0.3988
vn 0.0536 -0.6465 -0.7610
vn 0.0279 -0.6977 -0.7159
vn 0.0113 0.0068 -0.9999
vn 0.0115 0.0288 -0.9995
vn 0.0134 0.0053 -0.9999
vn -0.9888 -0.0228 0.1474
vn -0.9833 -0.0631 0.1707
vn -0.9924 -0.0587 0.1078
vn -0.4720 -0.8807 0.0397
vn -0.7200 -0.1244 -0.6828
vn -0.7852 -0.0376 -0.6181
vn -0.7943 -0.0073 -0.6075
vn -0.7218 -0.2219 -0.6556
vn -0.2259 -0.0653 -0.9720
vn -0.2425 -0.0575 -0.9684
vn -0.2513 -0.1148 -0.9611
vn -0.2838 -0.3909 -0.8756
vn -0.1413 -0.0342 -0.9894
vn -0.1316 -0.0634 -0.9893
vn -0.1150 -0.1537 -0.9814
vn -0.0868 -0.3401 -0.9364
vn 0.0106 -0.1822 -0.9832
vn 0.0083 -0.0018 -1.0000
vn 0.0089 0.0303 -0.9995
vn 0.0093 0.0157 -0.9998
vn 0.9995 0.0219 -0.0221
vn 0.9996 0.0125 -0.0247
vn 0.9997 -0.0087 -0.0240
vn 0.9993 -0.0327 -0.0206
vn 0.9992 -0.0383 -0.0115
vn 0.9996 -0.0266 0.0065
vn 0.9997 -0.0031 0.0233
vn 0.9993 0.0157 0.0334
vn 0.9942 0.0337 0.1020
vn 0.9960 0.0129 0.0883
vn 0.9983 -0.0078 0.0581
vn 0.9991 -0.0336 0.0251
vn 0.9988 -0.0485 -0.0045
vn 0.9984 -0.0535 -0.0183
vn 0.9992 -0.0357 -0.0152
vn 0.9999 0.0026 -0.0128
vn 0.9991 0.0415 -0.0072
vn 0.9991 0.0289 -0.0295
vn 0.9951 0.0216 -0.0966
vn 0.9825 0.0029 -0.1862
vn 0.9612 -0.0039 -0.2759
vn 0.9453 -0.0160 -0.3257
vn 0.9315 -0.0114 -0.3635
vn 0.9201 0.0050 -0.3917
vn 0.1165 -0.0029 -0.9932
vn 0.1221 -0.0157 -0.9924
vn 0.1313 -0.0389 -0.9906
vn 0.1577 -0.0695 -0.9850
vn 0.1951 -0.0753 -0.9779
vn 0.2112 0.0064 -0.9774
vn 0.2100 0.0236 -0.9774
vn 0.2083 0.0451 -0.9770
vn 0.0001 1.0000 0.0014
vn -0.0000 1.0000 -0.0000
vn -0.0000 0.9925 -0.1223
vn 0.0121 -0.0195 -0.9997
vn 0.0083 -0.0391 -0.9992
vn 0.0008 -0.0712 -0.9975
vn -0.0039 -0.0611 -0.9981
vn 0.0080 -0.2147 -0.9767
vn 0.0150 -0.1327 -0.9910
vn -0.0132 0.2660 -0.9639
vn 0.0004 0.7702 -0.6378
vn -0.0000 1.0000 0.0018
vn 0.0012 0.9926 -0.1214
vn 0.0144 -0.0207 -0.9997
vn 0.0119 -0.0483 -0.9988
vn 0.0070 -0.0841 -0.9964
vn 0.0039 -0.0868 -0.9962
vn 0.0030 -0.0341 -0.9994
vn 0.0362 -0.2461 -0.9686
vn 0.0077 0.1766 -0.9843
vn 0.0011 0.8243 -0.5661
vn 0.0288 0.9996 0.0017
vn 0.0306 0.9995 0.0005
vn 0.0352 0.9940 -0.1039
vn 0.0104 -0.0164 -0.9998
vn 0.0100 -0.0550 -0.9984
vn 0.0111 -0.0846 -0.9964
vn 0.0186 -0.0924 -0.9956
vn 0.0256 -0.0480 -0.9985
vn 0.0392 -0.0543 -0.9978
vn 0.0680 0.1204 -0.9904
vn 0.0392 0.7324 -0.6797
vn 0.9993 0.0150 0.0339
vn 0.9995 0.0116 0.0283
vn 0.9998 0.0027 0.0183
vn 0.9999 -0.0046 0.0105
vn 0.9999 -0.0066 0.0077
vn 1.0000 0.0028 0.0051
vn 0.9675 0.2442 -0.0659
vn 0.2840 0.9572 -0.0551
vn 0.9998 0.0211 -0.0047
vn 0.9994 0.0298 0.0155
vn 0.9995 0.0239 0.0214
vn 0.9999 0.0077 0.0120
vn 1.0000 -0.0021 0.0044
vn 1.0000 0.0072 0.0009
vn 0.8796 0.4757 -0.0004
vn 0.2436 0.9696 -0.0231
vn 0.7517 0.1066 -0.6508
vn 0.7795 0.0164 -0.6262
vn 0.8647 0.0369 -0.5009
vn 0.9347 0.0075 -0.3553
vn 0.9535 0.0146 -0.3012
vn 0.9505 0.0144 -0.3104
vn 0.8697 0.4260 -0.2494
vn 0.2504 0.9649 -0.0789
vn 0.1522 0.0406 -0.9875
vn 0.1819 -0.0534 -0.9819
vn 0.2024 -0.0620 -0.9773
vn 0.2202 -0.0650 -0.9733
vn 0.2401 -0.0227 -0.9705
vn 0.2528 0.0028 -0.9675
vn 0.2476 0.1339 -0.9596
vn 0.1740 0.6656 -0.7257
vt 0.016374 0.106904
vt 0.048994 0.068425
vt 0.046159 0.105813
vt 0.046783 0.138063
vt 0.017980 0.141932
vt 0.041386 0.170495
vt 0.016884 0.173771
vt 0.034880 0.203567
vt 0.014431 0.205949
vt 0.027657 0.236952
vt 0.010930 0.238649
vt 0.046006 0.029619
vt 0.009516 0.106384
vt 0.012280 0.145478
vt 0.012891 0.177042
vt 0.012568 0.208290
vt 0.011132 0.240003
vt 0.007597 0.104798
vt 0.010255 0.146269
vt 0.010692 0.178445
vt 0.010009 0.209819
vt 0.009594 0.240788
vt 0.154844 0.066434
vt 0.213614 0.103491
vt 0.197174 0.136392
vt 0.185553 0.169287
vt 0.172498 0.202613
vt 0.155701 0.236103
vt 0.037649 0.045615
vt 0.271724 0.101306
vt 0.250436 0.040795
vt 0.237342 0.138184
vt 0.225521 0.171343
vt 0.210364 0.237001
vt 0.219481 0.204076
vt 0.273376 0.011774
vt 0.231816 0.141332
vt 0.282870 0.100028
vt 0.214628 0.174660
vt 0.212022 0.238533
vt 0.213627 0.206604
vt 0.054815 0.019641
vt 0.290099 0.099442
vt 0.322041 0.000000
vt 0.235397 0.142076
vt 0.211774 0.175829
vt 0.206671 0.207999
vt 0.006750 0.271796
vt 0.019739 0.270361
vt 0.002687 0.304583
vt 0.013112 0.303089
vt 0.008813 0.334938
vt 0.000352 0.336876
vt 0.007080 0.366620
vt 0.000000 0.368981
vt 0.008036 0.398526
vt 0.001988 0.400884
vt 0.010533 0.430811
vt 0.005484 0.432552
vt 0.013453 0.463865
vt 0.009277 0.463821
vt 0.012959 0.494591
vt 0.016893 0.496642
vt 0.009407 0.272501
vt 0.007447 0.305203
vt 0.006774 0.337876
vt 0.007753 0.370532
vt 0.010338 0.402676
vt 0.014439 0.434169
vt 0.018579 0.464709
vt 0.022236 0.494267
vt 0.008685 0.271927
vt 0.007992 0.303944
vt 0.007203 0.336092
vt 0.008495 0.368887
vt 0.010187 0.401570
vt 0.013629 0.433719
vt 0.016791 0.465170
vt 0.019556 0.495734
vt 0.134788 0.269501
vt 0.093859 0.302290
vt 0.069670 0.334132
vt 0.057769 0.365799
vt 0.052993 0.397827
vt 0.052854 0.430456
vt 0.054138 0.464116
vt 0.059308 0.497383
vt 0.198061 0.270205
vt 0.184362 0.303180
vt 0.174953 0.335583
vt 0.171917 0.367728
vt 0.176100 0.399793
vt 0.184766 0.431855
vt 0.194576 0.463882
vt 0.208703 0.271119
vt 0.203331 0.304046
vt 0.201014 0.336945
vt 0.203116 0.369645
vt 0.210330 0.401749
vt 0.220947 0.433276
vt 0.231872 0.463959
vt 0.204880 0.495389
vt 0.207245 0.270816
vt 0.207511 0.239407
vt 0.205683 0.303428
vt 0.203719 0.335690
vt 0.208600 0.368279
vt 0.215507 0.401151
vt 0.226237 0.433261
vt 0.235260 0.464587
vt 0.241823 0.494028
vt 0.015578 0.525120
vt 0.020454 0.529211
vt 0.016209 0.555583
vt 0.023658 0.561785
vt 0.015690 0.586077
vt 0.026614 0.594663
vt 0.014378 0.617685
vt 0.030749 0.627747
vt 0.013151 0.650442
vt 0.034957 0.662128
vt 0.012349 0.684020
vt 0.041262 0.696044
vt 0.012438 0.717001
vt 0.047012 0.725832
vt 0.012517 0.749140
vt 0.051713 0.753876
vt 0.024378 0.523951
vt 0.023426 0.553677
vt 0.020703 0.583758
vt 0.017768 0.615001
vt 0.014988 0.647897
vt 0.013207 0.681663
vt 0.012139 0.715026
vt 0.010676 0.747530
vt 0.020670 0.525833
vt 0.017828 0.556569
vt 0.013933 0.588186
vt 0.012180 0.620052
vt 0.013087 0.652167
vt 0.015230 0.683985
vt 0.016194 0.715463
vt 0.016503 0.746568
vt 0.070164 0.530631
vt 0.097270 0.563811
vt 0.164393 0.597073
vt 0.195725 0.624144
vt 0.193241 0.673371
vt 0.196442 0.716934
vt 0.200568 0.744474
vt 0.212208 0.764148
vt 0.218766 0.526565
vt 0.247559 0.586602
vt 0.235239 0.557415
vt 0.258911 0.604010
vt 0.253522 0.523994
vt 0.265889 0.553527
vt 0.274050 0.582104
vt 0.244489 0.495066
vt 0.253751 0.525270
vt 0.262615 0.555948
vt 0.266359 0.585602
vt 0.282792 0.600894
vt 0.306394 0.648601
vt 0.264089 0.623636
vt 0.301273 0.723622
vt 0.301150 0.757725
vt 0.317322 0.772272
vt 0.328433 0.630635
vt 0.277111 0.613993
vt 0.297533 0.610918
vt 0.272656 0.605043
vt 0.288556 0.615631
vt 0.343876 0.806215
vt 0.444016 0.660083
vt 0.422424 0.720245
vt 0.407755 0.762081
vt 0.422569 0.774312
vt 0.444960 0.647567
vt 0.013731 0.779491
vt 0.052408 0.782274
vt 0.015166 0.809406
vt 0.049681 0.810442
vt 0.046592 0.839755
vt 0.016259 0.839911
vt 0.042304 0.870402
vt 0.017331 0.870618
vt 0.039168 0.901613
vt 0.017180 0.901583
vt 0.016708 0.932826
vt 0.038254 0.933018
vt 0.018455 0.964759
vt 0.039447 0.965979
vt 0.053433 0.988429
vt 0.040691 0.989600
vt 0.011327 0.778331
vt 0.013192 0.809054
vt 0.015931 0.839814
vt 0.017802 0.870667
vt 0.017769 0.901706
vt 0.017546 0.932864
vt 0.018757 0.964044
vt 0.040450 0.988356
vt 0.016656 0.777676
vt 0.017119 0.808728
vt 0.017647 0.839726
vt 0.017721 0.870749
vt 0.017703 0.901825
vt 0.017697 0.932925
vt 0.018824 0.963981
vt 0.040419 0.988337
vt 0.223551 0.785797
vt 0.225867 0.812803
vt 0.222327 0.841065
vt 0.211246 0.872164
vt 0.195436 0.903515
vt 0.193126 0.934650
vt 0.194392 0.967963
vt 0.195338 0.993896
vt 0.195935 0.999552
vt 0.196214 0.997293
vt 0.196223 0.997165
vt 0.332470 0.788840
vt 0.338900 0.811714
vt 0.338367 0.841400
vt 0.319439 0.878963
vt 0.310201 0.912015
vt 0.317629 0.937622
vt 0.322437 0.969431
vt 0.322647 0.994614
vt 0.320916 1.000000
vt 0.320613 0.997221
vt 0.320476 0.997159
vt 0.434614 0.788477
vt 0.436740 0.811196
vt 0.439123 0.843499
vt 0.407680 0.890420
vt 0.414057 0.923055
vt 0.430728 0.942017
vt 0.444511 0.967435
vt 0.450268 0.991932
vt 0.449579 0.998297
vt 0.444920 0.996810
vt 0.444733 0.997079
vt 0.008340 0.106322
vt 0.010855 0.146094
vt 0.010128 0.179456
vt 0.008656 0.212367
vt 0.008588 0.245144
vt 0.030543 0.057200
vt 0.011395 0.111407
vt 0.011912 0.147865
vt 0.010935 0.180498
vt 0.010363 0.212796
vt 0.010413 0.244116
vt 0.032353 0.081946
vt 0.016309 0.115530
vt 0.015460 0.147194
vt 0.014372 0.178009
vt 0.013243 0.208887
vt 0.011911 0.239626
vt 0.040749 0.092845
vt 0.035875 0.116319
vt 0.039163 0.146026
vt 0.038990 0.175368
vt 0.036710 0.205292
vt 0.032692 0.235695
vt 0.186374 0.016672
vt 0.038790 0.033176
vt 0.275948 0.102982
vt 0.232202 0.142746
vt 0.210161 0.176837
vt 0.203091 0.210418
vt 0.152880 0.050299
vt 0.244739 0.109538
vt 0.218460 0.145785
vt 0.207827 0.178973
vt 0.204790 0.212039
vt 0.203324 0.243672
vt 0.119687 0.079542
vt 0.225188 0.114499
vt 0.218923 0.146239
vt 0.211195 0.209358
vt 0.215744 0.177557
vt 0.202146 0.241348
vt 0.089055 0.092187
vt 0.119782 0.116051
vt 0.144585 0.145862
vt 0.176855 0.175438
vt 0.171812 0.205838
vt 0.161230 0.236812
vt 0.009006 0.276415
vt 0.009554 0.307163
vt 0.009851 0.337416
vt 0.010874 0.368211
vt 0.012248 0.400247
vt 0.012929 0.432555
vt 0.013895 0.464078
vt 0.014668 0.494991
vt 0.010157 0.274301
vt 0.009467 0.304383
vt 0.008115 0.334302
vt 0.007599 0.365222
vt 0.007699 0.397935
vt 0.008161 0.430731
vt 0.009180 0.462789
vt 0.009812 0.494738
vt 0.010171 0.269764
vt 0.007731 0.299893
vt 0.004981 0.330356
vt 0.003022 0.362200
vt 0.002289 0.395814
vt 0.002683 0.429125
vt 0.003770 0.462305
vt 0.005501 0.496277
vt 0.028382 0.265959
vt 0.023593 0.296239
vt 0.019185 0.327331
vt 0.015744 0.360186
vt 0.014270 0.394278
vt 0.014502 0.428008
vt 0.015872 0.462579
vt 0.019099 0.498899
vt 0.204610 0.275860
vt 0.204624 0.307401
vt 0.203448 0.337225
vt 0.207403 0.367320
vt 0.216864 0.432174
vt 0.213171 0.399404
vt 0.221015 0.463852
vt 0.196848 0.275617
vt 0.202461 0.244342
vt 0.189064 0.306286
vt 0.182337 0.335221
vt 0.180889 0.364298
vt 0.183368 0.396845
vt 0.187955 0.430257
vt 0.191688 0.463436
vt 0.195215 0.495817
vt 0.190303 0.272488
vt 0.178618 0.302994
vt 0.170174 0.332190
vt 0.165918 0.361846
vt 0.165520 0.394930
vt 0.168699 0.428678
vt 0.172583 0.463603
vt 0.148524 0.267387
vt 0.135589 0.297810
vt 0.125302 0.328337
vt 0.095908 0.360105
vt 0.081430 0.394065
vt 0.082468 0.427770
vt 0.086297 0.463273
vt 0.098420 0.500048
vt 0.014317 0.525168
vt 0.013134 0.555349
vt 0.011458 0.586389
vt 0.009540 0.618093
vt 0.009120 0.650402
vt 0.009472 0.682946
vt 0.010694 0.714905
vt 0.012532 0.746410
vt 0.009397 0.525071
vt 0.008849 0.555402
vt 0.007937 0.586481
vt 0.007298 0.617895
vt 0.006544 0.650029
vt 0.006792 0.682489
vt 0.007185 0.714694
vt 0.008336 0.746108
vt 0.006138 0.527879
vt 0.006634 0.558720
vt 0.008482 0.590319
vt 0.011631 0.621514
vt 0.014632 0.652393
vt 0.016546 0.683621
vt 0.017540 0.715104
vt 0.018280 0.746348
vt 0.021809 0.531394
vt 0.026176 0.562642
vt 0.033683 0.595057
vt 0.045223 0.625089
vt 0.058576 0.654618
vt 0.067073 0.684870
vt 0.072330 0.715702
vt 0.072782 0.746937
vt 0.223410 0.495368
vt 0.231552 0.524980
vt 0.244951 0.554889
vt 0.251428 0.584777
vt 0.205454 0.525160
vt 0.219963 0.554357
vt 0.227537 0.584612
vt 0.255785 0.604297
vt 0.176576 0.498279
vt 0.184914 0.528291
vt 0.198742 0.557597
vt 0.214296 0.588987
vt 0.234225 0.604813
vt 0.134610 0.531685
vt 0.150656 0.562468
vt 0.172549 0.594726
vt 0.227063 0.608530
vt 0.206440 0.622421
vt 0.218575 0.654268
vt 0.232132 0.685668
vt 0.242316 0.717502
vt 0.250989 0.788522
vt 0.319624 0.805689
vt 0.192539 0.788684
vt 0.315296 0.806159
vt 0.301054 0.638427
vt 0.245499 0.620593
vt 0.257905 0.627984
vt 0.312223 0.652603
vt 0.341004 0.688793
vt 0.244989 0.749128
vt 0.349711 0.720287
vt 0.425727 0.657966
vt 0.262315 0.804812
vt 0.446888 0.673705
vt 0.453847 0.696394
vt 0.351662 0.751662
vt 0.455565 0.724421
vt 0.013669 0.777502
vt 0.015150 0.808545
vt 0.016446 0.839676
vt 0.017533 0.870800
vt 0.017625 0.901867
vt 0.017695 0.932926
vt 0.018825 0.963981
vt 0.040420 0.988336
vt 0.009971 0.777361
vt 0.011417 0.808388
vt 0.013605 0.839506
vt 0.015797 0.870675
vt 0.017351 0.901820
vt 0.017641 0.932915
vt 0.018827 0.963981
vt 0.040423 0.988337
vt 0.018446 0.777559
vt 0.017779 0.808608
vt 0.016884 0.839558
vt 0.016694 0.870570
vt 0.017069 0.901692
vt 0.017523 0.932840
vt 0.019275 0.963962
vt 0.040875 0.987893
vt 0.070299 0.777965
vt 0.065426 0.808827
vt 0.055799 0.839834
vt 0.047390 0.870872
vt 0.042220 0.901888
vt 0.040657 0.932925
vt 0.041300 0.963982
vt 0.053909 0.984798
vt 0.196226 0.997165
vt 0.196235 0.997165
vt 0.196058 0.996713
vt 0.237359 0.809662
vt 0.225463 0.841643
vt 0.213210 0.872596
vt 0.203960 0.902203
vt 0.199250 0.933128
vt 0.197424 0.964057
vt 0.196030 0.987884
vt 0.320476 0.997165
vt 0.320485 0.997165
vt 0.319954 0.997134
vt 0.243985 0.779674
vt 0.348772 0.782313
vt 0.343267 0.817162
vt 0.332176 0.852824
vt 0.326797 0.882541
vt 0.325845 0.906021
vt 0.321516 0.964047
vt 0.319950 0.988306
vt 0.444732 0.997165
vt 0.444741 0.997165
vt 0.444330 0.997141
vt 0.455196 0.754946
vt 0.451612 0.787154
vt 0.444667 0.825395
vt 0.436750 0.862646
vt 0.438330 0.890752
vt 0.323514 0.933093
vt 0.445310 0.910348
vt 0.445081 0.964002
vt 0.444083 0.988299
vt 0.709291 0.093456
vt 0.799709 0.059871
vt 0.799846 0.098823
vt 0.745833 0.132607
vt 0.813279 0.130283
vt 0.761602 0.166619
vt 0.848287 0.163538
vt 0.871392 0.198067
vt 0.766479 0.201219
vt 0.883513 0.232549
vt 0.772632 0.235442
vt 0.671863 0.000602
vt 0.683213 0.090717
vt 0.728993 0.137128
vt 0.751996 0.171157
vt 0.754768 0.205614
vt 0.756839 0.239061
vt 0.764948 0.021508
vt 0.675696 0.091973
vt 0.719169 0.138639
vt 0.745324 0.172502
vt 0.750485 0.207346
vt 0.753304 0.240544
vt 0.925722 0.064111
vt 0.946448 0.100469
vt 0.947199 0.132363
vt 0.951511 0.165499
vt 0.957402 0.199621
vt 0.963536 0.233762
vt 0.942767 0.039564
vt 0.690483 0.027026
vt 0.979599 0.101337
vt 0.974883 0.136972
vt 0.975487 0.170607
vt 0.978743 0.204249
vt 0.982088 0.101249
vt 0.896248 0.024277
vt 0.974304 0.140886
vt 0.971509 0.175177
vt 0.973443 0.208639
vt 0.983045 0.237713
vt 0.909098 0.027106
vt 0.973530 0.141630
vt 0.981296 0.101319
vt 0.969414 0.176279
vt 0.971797 0.210185
vt 0.975771 0.241269
vt 0.893819 0.266583
vt 0.781036 0.269099
vt 0.904487 0.299993
vt 0.790284 0.302459
vt 0.909217 0.332814
vt 0.798055 0.335294
vt 0.908095 0.366285
vt 0.800999 0.368226
vt 0.902603 0.399498
vt 0.798480 0.400834
vt 0.890866 0.432301
vt 0.792560 0.432906
vt 0.879677 0.465048
vt 0.786613 0.464572
vt 0.782172 0.495939
vt 0.870329 0.497970
vt 0.761358 0.272074
vt 0.765846 0.305132
vt 0.771175 0.337817
vt 0.776816 0.370333
vt 0.781378 0.402487
vt 0.785072 0.433883
vt 0.786083 0.464779
vt 0.786390 0.494905
vt 0.757467 0.272914
vt 0.760845 0.305609
vt 0.764467 0.338226
vt 0.768971 0.370580
vt 0.774395 0.402636
vt 0.780125 0.434167
vt 0.784389 0.465232
vt 0.786407 0.495849
vt 0.970766 0.267711
vt 0.978712 0.300872
vt 0.984460 0.333354
vt 0.983791 0.366970
vt 0.977911 0.400226
vt 0.970011 0.432869
vt 0.963271 0.465419
vt 0.958145 0.498237
vt 0.988194 0.271205
vt 0.993763 0.304294
vt 0.998450 0.336788
vt 1.000000 0.369727
vt 0.998435 0.402258
vt 0.995258 0.434029
vt 0.989171 0.496558
vt 0.991941 0.465380
vt 0.979027 0.274106
vt 0.982081 0.307011
vt 0.985461 0.339480
vt 0.988478 0.371832
vt 0.990560 0.403795
vt 0.992231 0.434935
vt 0.992201 0.495600
vt 0.992529 0.465589
vt 0.974314 0.242671
vt 0.977657 0.274686
vt 0.980325 0.307179
vt 0.985843 0.371691
vt 0.983037 0.339560
vt 0.988583 0.403517
vt 0.991000 0.434864
vt 0.992470 0.465773
vt 0.576647 0.664293
vt 0.530269 0.728233
vt 0.518349 0.760310
vt 0.528613 0.774540
vt 0.597553 0.654902
vt 0.487748 0.823791
vt 0.650020 0.670151
vt 0.630527 0.737526
vt 0.637372 0.753720
vt 0.642477 0.774081
vt 0.705722 0.598815
vt 0.706530 0.619857
vt 0.694294 0.630951
vt 0.726112 0.819234
vt 0.758437 0.791316
vt 0.629040 0.830787
vt 0.729655 0.792760
vt 0.679009 0.816629
vt 0.423062 0.819070
vt 0.751136 0.683291
vt 0.765461 0.626330
vt 0.759367 0.718654
vt 0.767999 0.738513
vt 0.773241 0.764834
vt 0.772445 0.526423
vt 0.867048 0.530220
vt 0.835652 0.562461
vt 0.722551 0.555055
vt 0.787767 0.601004
vt 0.728227 0.592202
vt 0.719998 0.592660
vt 0.780855 0.524514
vt 0.760287 0.553860
vt 0.757214 0.583487
vt 0.764566 0.601930
vt 0.778259 0.525738
vt 0.775597 0.556021
vt 0.771428 0.586571
vt 0.761727 0.607865
vt 0.954936 0.530542
vt 0.951257 0.562291
vt 0.946909 0.594380
vt 0.940785 0.626512
vt 0.943363 0.659367
vt 0.943936 0.691903
vt 0.943617 0.722178
vt 0.945307 0.752099
vt 0.987146 0.527522
vt 0.985809 0.558310
vt 0.985726 0.589036
vt 0.987017 0.620117
vt 0.990049 0.652228
vt 0.993500 0.684789
vt 0.994439 0.716975
vt 0.991003 0.748558
vt 0.991246 0.525494
vt 0.990666 0.555653
vt 0.991842 0.586208
vt 0.993406 0.617489
vt 0.995895 0.650058
vt 0.998512 0.683414
vt 0.997409 0.716152
vt 0.992651 0.496329
vt 0.991496 0.526426
vt 0.990097 0.556726
vt 0.988415 0.587949
vt 0.987889 0.619662
vt 0.987164 0.651871
vt 0.986038 0.684258
vt 0.984823 0.716176
vt 0.991426 0.748079
vt 0.528901 0.793343
vt 0.534929 0.813694
vt 0.540922 0.848270
vt 0.511064 0.897982
vt 0.524202 0.926715
vt 0.546373 0.942279
vt 0.563482 0.963913
vt 0.573223 0.988179
vt 0.576646 0.996780
vt 0.570259 0.996721
vt 0.568876 0.996987
vt 0.643169 0.794716
vt 0.652044 0.814421
vt 0.650438 0.852702
vt 0.634852 0.895560
vt 0.649060 0.920008
vt 0.667604 0.937345
vt 0.679399 0.961244
vt 0.690841 0.986715
vt 0.697852 0.996531
vt 0.694202 0.996665
vt 0.692969 0.996951
vt 0.778788 0.792038
vt 0.782327 0.819614
vt 0.779739 0.849802
vt 0.774804 0.882193
vt 0.779814 0.907465
vt 0.786487 0.931478
vt 0.795053 0.960550
vt 0.809737 0.986085
vt 0.817616 0.995907
vt 0.817003 0.996666
vt 0.817170 0.996994
vt 0.945932 0.782371
vt 0.943153 0.812879
vt 0.941234 0.841546
vt 0.938784 0.870896
vt 0.937351 0.899955
vt 0.938486 0.929929
vt 0.941695 0.961591
vt 0.932320 0.983237
vt 0.984955 0.779567
vt 0.980272 0.809861
vt 0.979735 0.840037
vt 0.980514 0.870224
vt 0.980358 0.900608
vt 0.980001 0.931396
vt 0.978247 0.962711
vt 0.949536 0.986982
vt 0.984082 0.778988
vt 0.978155 0.839700
vt 0.978306 0.809387
vt 0.979705 0.870179
vt 0.980876 0.900881
vt 0.980078 0.963179
vt 0.981488 0.931868
vt 0.950655 0.987814
vt 0.982969 0.747500
vt 0.978853 0.809111
vt 0.980289 0.778446
vt 0.978906 0.839649
vt 0.979443 0.870259
vt 0.980343 0.901101
vt 0.981416 0.932236
vt 0.980565 0.963592
vt 0.951094 0.988159
vt 0.765591 0.045580
vt 0.682405 0.098173
vt 0.713739 0.139917
vt 0.734614 0.172436
vt 0.741132 0.206304
vt 0.744474 0.239747
vt 0.765703 0.065573
vt 0.694733 0.106484
vt 0.711400 0.143529
vt 0.725813 0.174754
vt 0.732963 0.207066
vt 0.739961 0.239785
vt 0.767451 0.082883
vt 0.708588 0.114986
vt 0.714941 0.145699
vt 0.724897 0.175285
vt 0.735662 0.206391
vt 0.747861 0.238647
vt 0.789377 0.093899
vt 0.770275 0.118300
vt 0.772005 0.146599
vt 0.780560 0.175357
vt 0.795296 0.205871
vt 0.823584 0.237877
vt 0.924780 0.042467
vt 0.968523 0.142324
vt 0.975104 0.104468
vt 0.965644 0.175067
vt 0.967559 0.208430
vt 0.921866 0.065039
vt 0.964602 0.110520
vt 0.960368 0.145287
vt 0.959431 0.176714
vt 0.962808 0.208960
vt 0.970169 0.241502
vt 0.898527 0.084157
vt 0.952282 0.116118
vt 0.952151 0.146803
vt 0.955891 0.176885
vt 0.969910 0.240384
vt 0.963545 0.208167
vt 0.861049 0.094113
vt 0.877165 0.118435
vt 0.893346 0.147029
vt 0.915409 0.176079
vt 0.933522 0.206724
vt 0.946623 0.238741
vt 0.748709 0.272897
vt 0.750736 0.305827
vt 0.755599 0.338286
vt 0.759491 0.370518
vt 0.762274 0.402476
vt 0.763339 0.434251
vt 0.759403 0.465916
vt 0.757422 0.497166
vt 0.745599 0.272646
vt 0.751523 0.305386
vt 0.758676 0.337815
vt 0.764865 0.369988
vt 0.770226 0.401879
vt 0.771634 0.433583
vt 0.769151 0.465209
vt 0.763672 0.496790
vt 0.759258 0.271333
vt 0.770034 0.303956
vt 0.780389 0.336329
vt 0.790321 0.368401
vt 0.798500 0.400245
vt 0.801948 0.432019
vt 0.799665 0.463856
vt 0.790297 0.496730
vt 0.870552 0.270434
vt 0.887360 0.302955
vt 0.895879 0.335261
vt 0.904406 0.367232
vt 0.909925 0.399023
vt 0.910387 0.430846
vt 0.910305 0.462826
vt 0.901606 0.496498
vt 0.973203 0.274410
vt 0.978516 0.339408
vt 0.975015 0.307170
vt 0.981292 0.371441
vt 0.982816 0.403224
vt 0.983171 0.434816
vt 0.979992 0.466398
vt 0.967162 0.241565
vt 0.970101 0.274309
vt 0.977698 0.339223
vt 0.973406 0.306942
vt 0.984699 0.402907
vt 0.981424 0.371221
vt 0.985201 0.434443
vt 0.979325 0.497169
vt 0.982757 0.465948
vt 0.975264 0.273007
vt 0.980650 0.305572
vt 0.986179 0.337850
vt 0.991749 0.369758
vt 0.996527 0.401407
vt 0.998224 0.432985
vt 0.996176 0.464586
vt 0.991865 0.496087
vt 0.955825 0.271285
vt 0.962967 0.303802
vt 0.969599 0.336082
vt 0.976160 0.367981
vt 0.981419 0.399692
vt 0.983687 0.431410
vt 0.982132 0.463167
vt 0.977898 0.495347
vt 0.587518 0.666193
vt 0.583002 0.680788
vt 0.574273 0.700603
vt 0.568934 0.726612
vt 0.687531 0.817358
vt 0.701979 0.814025
vt 0.726072 0.624754
vt 0.704496 0.649000
vt 0.733639 0.622045
vt 0.579593 0.825585
vt 0.709768 0.661700
vt 0.752935 0.627680
vt 0.688977 0.696573
vt 0.683440 0.724972
vt 0.684486 0.755623
vt 0.567905 0.756717
vt 0.744100 0.527840
vt 0.740288 0.558323
vt 0.735816 0.587714
vt 0.733613 0.608666
vt 0.748018 0.528018
vt 0.741456 0.558593
vt 0.751345 0.587508
vt 0.748985 0.608534
vt 0.778627 0.529599
vt 0.771500 0.561048
vt 0.774180 0.590499
vt 0.769315 0.612491
vt 0.892151 0.530530
vt 0.885810 0.563227
vt 0.874575 0.593875
vt 0.810620 0.623889
vt 0.753624 0.632987
vt 0.804157 0.656723
vt 0.794498 0.689798
vt 0.789737 0.720541
vt 0.789457 0.751608
vt 0.975455 0.528438
vt 0.977699 0.497578
vt 0.973311 0.558781
vt 0.973322 0.589147
vt 0.980591 0.650877
vt 0.975799 0.619828
vt 0.984103 0.682738
vt 0.985895 0.714852
vt 0.975345 0.527695
vt 0.972296 0.557881
vt 0.971932 0.587987
vt 0.974679 0.618330
vt 0.980170 0.649231
vt 0.987149 0.680800
vt 0.993138 0.712793
vt 0.995510 0.744683
vt 0.987238 0.527260
vt 0.983175 0.558165
vt 0.979603 0.589039
vt 0.978090 0.619984
vt 0.983271 0.682472
vt 0.979659 0.651125
vt 0.986619 0.713977
vt 0.973465 0.527638
vt 0.968225 0.559776
vt 0.960538 0.591782
vt 0.952288 0.623308
vt 0.943529 0.654470
vt 0.939568 0.685368
vt 0.937338 0.716284
vt 0.988028 0.745491
vt 0.936638 0.747329
vt 0.568991 0.997164
vt 0.569003 0.997165
vt 0.569005 0.997165
vt 0.557363 0.823744
vt 0.552633 0.858979
vt 0.557407 0.886928
vt 0.569647 0.932893
vt 0.446947 0.933101
vt 0.568841 0.963971
vt 0.568680 0.988318
vt 0.693248 0.997160
vt 0.693267 0.997165
vt 0.693279 0.997166
vt 0.684038 0.785573
vt 0.565210 0.787737
vt 0.681231 0.815643
vt 0.678298 0.847224
vt 0.683018 0.876086
vt 0.691049 0.902752
vt 0.566530 0.908185
vt 0.692821 0.932910
vt 0.693143 0.963977
vt 0.693275 0.988338
vt 0.817521 0.997166
vt 0.817533 0.997166
vt 0.838578 0.996724
vt 0.791763 0.782039
vt 0.795109 0.811616
vt 0.819092 0.841097
vt 0.834298 0.871359
vt 0.844640 0.902015
vt 0.848758 0.932950
vt 0.851560 0.987896
vt 0.984365 0.746554
vt 0.981352 0.808816
vt 0.982767 0.777869
vt 0.980689 0.839680
vt 0.981039 0.870519
vt 0.981694 0.901505
vt 0.982428 0.932666
vt 0.981151 0.963910
vt 0.951321 0.988337
vt 0.993406 0.776385
vt 0.989527 0.807975
vt 0.984972 0.839414
vt 0.982698 0.870686
vt 0.982771 0.901788
vt 0.983076 0.932910
vt 0.981304 0.963983
vt 0.951307 0.988338
vt 0.986326 0.808205
vt 0.987135 0.776876
vt 0.985486 0.839365
vt 0.983703 0.870653
vt 0.982743 0.901856
vt 0.982674 0.932928
vt 0.980367 0.963983
vt 0.951879 0.987895
vt 0.941590 0.778365
vt 0.947152 0.809319
vt 0.951290 0.840123
vt 0.954308 0.870897
vt 0.955543 0.901852
vt 0.955502 0.932928
vt 0.954115 0.963984
vt 0.853147 0.963984
vt 0.943887 0.984806
s 1
usemtl Material.007
f 8/1/8 1/2/1 2/3/2
f 8/1/8 3/4/3 9/5/9
f 9/5/9 4/6/4 10/7/10
f 10/7/10 5/8/5 11/9/11
f 11/9/11 6/10/6 12/11/12
f 13/12/13 8/1/8 14/13/14
f 14/13/14 9/5/9 15/14/15
f 15/14/15 10/7/10 16/15/16
f 16/15/16 11/9/11 17/16/17
f 17/16/17 12/11/12 18/17/18
f 20/18/20 13/12/13 14/13/14
f 21/19/21 14/13/14 15/14/15
f 22/20/22 15/14/15 16/15/16
f 23/21/23 16/15/16 17/16/17
f 24/22/24 17/16/17 18/17/18
f 2/3/2 25/23/25 26/24/26
f 27/25/27 2/3/2 26/24/26
f 28/26/28 3/4/3 27/25/27
f 29/27/29 4/6/4 28/26/28
f 30/28/30 5/8/5 29/27/29
f 7/29/7 25/23/25 1/2/1
f 32/30/32 25/23/25 31/31/31
f 33/32/33 26/24/26 32/30/32
f 33/32/33 28/26/28 27/25/27
f 34/33/34 29/27/29 28/26/28
f 36/34/36 29/27/29 35/35/35
f 13/12/13 31/31/31 7/29/7
f 37/36/37 32/30/32 31/31/31
f 39/37/39 32/30/32 38/38/38
f 39/37/39 34/33/34 33/32/33
f 40/39/40 35/35/35 34/33/34
f 42/40/42 35/35/35 41/41/41
f 19/42/19 37/36/37 13/12/13
f 44/43/44 37/36/37 43/44/43
f 45/45/45 38/38/38 44/43/44
f 46/46/46 39/37/39 45/45/45
f 46/46/46 41/41/41 40/39/40
f 47/47/47 42/40/42 41/41/41
f 57/48/57 6/10/6 49/49/49
f 58/50/58 49/49/49 50/51/50
f 58/50/58 51/52/51 59/53/59
f 59/53/59 52/54/52 60/55/60
f 60/55/60 53/56/53 61/57/61
f 61/57/61 54/58/54 62/59/62
f 62/59/62 55/60/55 63/61/63
f 64/62/64 55/60/55 56/63/56
f 18/17/18 57/48/57 65/64/65
f 66/65/66 57/48/57 58/50/58
f 66/65/66 59/53/59 67/66/67
f 67/66/67 60/55/60 68/67/68
f 68/67/68 61/57/61 69/68/69
f 69/68/69 62/59/62 70/69/70
f 70/69/70 63/61/63 71/70/71
f 71/70/71 64/62/64 72/71/72
f 73/72/73 18/17/18 65/64/65
f 74/73/74 65/64/65 66/65/66
f 75/74/75 66/65/66 67/66/67
f 76/75/76 67/66/67 68/67/68
f 77/76/77 68/67/68 69/68/69
f 78/77/78 69/68/69 70/69/70
f 78/77/78 71/70/71 79/78/79
f 79/78/79 72/71/72 80/79/80
f 81/80/81 6/10/6 30/28/30
f 82/81/82 49/49/49 81/80/81
f 83/82/83 50/51/50 82/81/82
f 84/83/84 51/52/51 83/82/83
f 85/84/85 52/54/52 84/83/84
f 86/85/86 53/56/53 85/84/85
f 87/86/87 54/58/54 86/85/86
f 56/63/56 87/86/87 88/87/88
f 89/88/89 30/28/30 36/34/36
f 90/89/90 81/80/81 89/88/89
f 91/90/91 82/81/82 90/89/90
f 92/91/92 83/82/83 91/90/91
f 92/91/92 85/84/85 84/83/84
f 93/92/93 86/85/86 85/84/85
f 94/93/94 87/86/87 86/85/86
f 95/94/95 88/87/88 87/86/87
f 97/95/97 36/34/36 42/40/42
f 98/96/98 89/88/89 97/95/97
f 98/96/98 91/90/91 90/89/90
f 99/97/99 92/91/92 91/90/91
f 100/98/100 93/92/93 92/91/92
f 101/99/101 94/93/94 93/92/93
f 102/100/102 95/94/95 94/93/94
f 103/101/103 96/102/96 95/94/95
f 105/103/105 42/40/42 48/104/48
f 106/105/106 97/95/97 105/103/105
f 107/106/107 98/96/98 106/105/106
f 108/107/108 99/97/99 107/106/107
f 108/107/108 101/99/101 100/98/100
f 109/108/109 102/100/102 101/99/101
f 110/109/110 103/101/103 102/100/102
f 111/110/111 104/111/104 103/101/103
f 121/112/121 56/63/56 113/113/113
f 122/114/122 113/113/113 114/115/114
f 123/116/123 114/115/114 115/117/115
f 124/118/124 115/117/115 116/119/116
f 125/120/125 116/119/116 117/121/117
f 126/122/126 117/121/117 118/123/118
f 127/124/127 118/123/118 119/125/119
f 128/126/128 119/125/119 120/127/120
f 129/128/129 64/62/64 121/112/121
f 130/129/130 121/112/121 122/114/122
f 131/130/131 122/114/122 123/116/123
f 132/131/132 123/116/123 124/118/124
f 133/132/133 124/118/124 125/120/125
f 133/132/133 126/122/126 134/133/134
f 135/134/135 126/122/126 127/124/127
f 136/135/136 127/124/127 128/126/128
f 80/79/80 129/128/129 137/136/137
f 137/136/137 130/129/130 138/137/138
f 138/137/138 131/130/131 139/138/139
f 139/138/139 132/131/132 140/139/140
f 140/139/140 133/132/133 141/140/141
f 141/140/141 134/133/134 142/141/142
f 142/141/142 135/134/135 143/142/143
f 144/143/144 135/134/135 136/135/136
f 113/113/113 88/87/88 145/144/145
f 114/115/114 145/144/145 146/145/146
f 115/117/115 146/145/146 147/146/147
f 116/119/116 147/146/147 148/147/148
f 117/121/117 148/147/148 149/148/149
f 118/123/118 149/148/149 150/149/150
f 119/125/119 150/149/150 151/150/151
f 120/127/120 151/150/151 152/151/152
f 153/152/153 88/87/88 96/102/96
f 153/152/153 146/145/146 145/144/145
f 155/153/155 146/145/146 154/154/154
f 156/155/156 147/146/147 155/153/155
f 157/156/157 96/102/96 104/111/104
f 158/157/158 153/152/153 157/156/157
f 159/158/159 154/154/154 158/157/158
f 159/158/159 156/155/156 155/153/155
f 112/159/112 157/156/157 104/111/104
f 161/160/161 158/157/158 157/156/157
f 162/161/162 159/158/159 158/157/158
f 163/162/163 160/163/160 159/158/159
f 166/164/166 148/147/148 165/165/165
f 167/166/167 149/148/149 166/164/166
f 151/150/151 167/166/167 168/167/168
f 152/151/152 168/167/168 169/168/169
f 156/155/156 165/165/165 148/147/148
f 171/169/171 165/165/165 170/170/170
f 172/171/172 156/155/156 160/163/160
f 172/171/172 171/169/171 170/170/170
f 164/172/164 172/171/172 160/163/160
f 174/173/174 173/174/173 172/171/172
f 167/166/167 176/175/176 177/176/177
f 178/177/178 167/166/167 177/176/177
f 169/168/169 178/177/178 179/178/179
f 180/179/180 166/164/166 171/169/171
f 173/174/173 180/179/180 171/169/171
f 190/180/190 120/127/120 182/181/182
f 191/182/191 182/181/182 183/183/183
f 191/182/191 184/184/184 192/185/192
f 192/185/192 185/186/185 193/187/193
f 193/187/193 186/188/186 194/189/194
f 195/190/195 186/188/186 187/191/187
f 196/192/196 187/191/187 188/193/188
f 196/192/196 189/194/189 197/195/197
f 198/196/198 128/126/128 190/180/190
f 198/196/198 191/182/191 199/197/199
f 199/197/199 192/185/192 200/198/200
f 200/198/200 193/187/193 201/199/201
f 201/199/201 194/189/194 202/200/202
f 202/200/202 195/190/195 203/201/203
f 204/202/204 195/190/195 196/192/196
f 205/203/205 196/192/196 197/195/197
f 206/204/206 136/135/136 198/196/198
f 206/204/206 199/197/199 207/205/207
f 207/205/207 200/198/200 208/206/208
f 208/206/208 201/199/201 209/207/209
f 209/207/209 202/200/202 210/208/210
f 210/208/210 203/201/203 211/209/211
f 212/210/212 203/201/203 204/202/204
f 213/211/213 204/202/204 205/203/205
f 182/181/182 152/151/152 214/212/214
f 183/183/183 214/212/214 215/213/215
f 184/184/184 215/213/215 216/214/216
f 217/215/217 184/184/184 216/214/216
f 218/216/218 185/186/185 217/215/217
f 187/191/187 218/216/218 219/217/219
f 188/193/188 219/217/219 220/218/220
f 189/194/189 220/218/220 221/219/221
f 222/220/222 189/194/189 221/219/221
f 205/203/205 222/220/222 223/221/223
f 213/211/213 223/221/223 224/222/224
f 214/212/214 169/168/169 225/223/225
f 215/213/215 225/223/225 226/224/226
f 227/225/227 215/213/215 226/224/226
f 217/215/217 227/225/227 228/226/228
f 218/216/218 228/226/228 229/227/229
f 219/217/219 229/227/229 230/228/230
f 220/218/220 230/228/230 231/229/231
f 221/219/221 231/229/231 232/230/232
f 233/231/233 221/219/221 232/230/232
f 223/221/223 233/231/233 234/232/234
f 224/222/224 234/232/234 235/233/235
f 225/223/225 179/178/179 236/234/236
f 226/224/226 236/234/236 237/235/237
f 227/225/227 237/235/237 238/236/238
f 228/226/228 238/236/238 239/237/239
f 229/227/229 239/237/239 240/238/240
f 230/228/230 240/238/240 241/239/241
f 231/229/231 241/239/241 242/240/242
f 243/241/243 231/229/231 242/240/242
f 244/242/244 232/230/232 243/241/243
f 245/243/245 233/231/233 244/242/244
f 246/244/246 234/232/234 245/243/245
f 248/245/248 19/42/19 20/18/20
f 249/246/249 20/18/20 21/19/21
f 250/247/250 21/19/21 22/20/22
f 250/247/250 23/21/23 251/248/251
f 251/248/251 24/22/24 252/249/252
f 253/250/253 248/245/248 254/251/254
f 254/251/254 249/246/249 255/252/255
f 255/252/255 250/247/250 256/253/256
f 256/253/256 251/248/251 257/254/257
f 257/254/257 252/249/252 258/255/258
f 259/256/259 254/251/254 260/257/260
f 260/257/260 255/252/255 261/258/261
f 262/259/262 255/252/255 256/253/256
f 263/260/263 256/253/256 257/254/257
f 264/261/264 257/254/257 258/255/258
f 265/262/265 260/257/260 266/263/266
f 267/264/267 260/257/260 261/258/261
f 268/265/268 261/258/261 262/259/262
f 269/266/269 262/259/262 263/260/263
f 270/267/270 263/260/263 264/261/264
f 271/268/247 19/42/19 247/269/247
f 272/270/271 43/44/43 271/268/247
f 273/271/272 44/43/44 272/270/271
f 274/272/273 45/45/45 273/271/272
f 274/272/273 47/47/47 46/46/46
f 275/273/274 48/104/48 47/47/47
f 277/274/247 247/269/247 253/250/253
f 277/274/247 272/270/271 271/268/247
f 278/275/276 273/271/272 272/270/271
f 279/276/277 274/272/273 273/271/272
f 280/277/278 275/273/274 274/272/273
f 281/278/279 276/279/275 275/273/274
f 283/280/281 253/250/253 259/256/259
f 283/280/281 278/275/276 277/274/247
f 284/281/282 279/276/277 278/275/276
f 285/282/283 280/277/278 279/276/277
f 287/283/285 280/277/278 286/284/284
f 288/285/286 281/278/279 287/283/285
f 289/286/287 259/256/259 265/262/265
f 290/287/288 283/280/281 289/286/287
f 266/263/266 289/286/287 265/262/265
f 291/288/289 284/281/282 290/287/288
f 267/264/267 290/287/288 266/263/266
f 292/289/290 285/282/283 291/288/289
f 268/265/268 291/288/289 267/264/267
f 293/290/291 286/284/284 292/289/290
f 293/290/291 268/265/268 269/266/269
f 294/291/292 287/283/285 293/290/291
f 294/291/292 269/266/269 270/267/270
f 295/292/293 24/22/24 73/72/73
f 296/293/294 73/72/73 74/73/74
f 296/293/294 75/74/75 297/294/295
f 297/294/295 76/75/76 298/295/296
f 298/295/296 77/76/77 299/296/297
f 300/297/298 77/76/77 78/77/78
f 300/297/298 79/78/79 301/298/299
f 302/299/300 79/78/79 80/79/80
f 303/300/301 252/249/252 295/292/293
f 304/301/302 295/292/293 296/293/294
f 305/302/303 296/293/294 297/294/295
f 306/303/304 297/294/295 298/295/296
f 307/304/305 298/295/296 299/296/297
f 308/305/306 299/296/297 300/297/298
f 309/306/307 300/297/298 301/298/299
f 310/307/308 301/298/299 302/299/300
f 311/308/309 258/255/258 303/300/301
f 312/309/310 303/300/301 304/301/302
f 313/310/311 304/301/302 305/302/303
f 314/311/312 305/302/303 306/303/304
f 315/312/313 306/303/304 307/304/305
f 316/313/314 307/304/305 308/305/306
f 317/314/315 308/305/306 309/306/307
f 317/314/315 310/307/308 318/315/316
f 319/316/317 264/261/264 311/308/309
f 320/317/318 311/308/309 312/309/310
f 321/318/319 312/309/310 313/310/311
f 322/319/320 313/310/311 314/311/312
f 323/320/321 314/311/312 315/312/313
f 324/321/322 315/312/313 316/313/314
f 325/322/323 316/313/314 317/314/315
f 325/322/323 318/315/316 326/323/324
f 327/324/325 48/104/48 276/279/275
f 328/325/326 105/103/105 327/324/325
f 328/325/326 107/106/107 106/105/106
f 329/326/327 108/107/108 107/106/107
f 330/327/328 109/108/109 108/107/108
f 332/328/330 109/108/109 331/329/329
f 332/328/330 111/110/111 110/109/110
f 333/330/331 112/159/112 111/110/111
f 335/331/333 276/279/275 282/332/280
f 336/333/334 327/324/325 335/331/333
f 337/334/335 328/325/326 336/333/334
f 338/335/336 329/326/327 337/334/335
f 339/336/337 330/327/328 338/335/336
f 340/337/338 331/329/329 339/336/337
f 341/338/339 332/328/330 340/337/338
f 342/339/340 333/330/331 341/338/339
f 343/340/341 282/332/280 288/285/286
f 344/341/342 335/331/333 343/340/341
f 345/342/343 336/333/334 344/341/342
f 346/343/344 337/334/335 345/342/343
f 347/344/345 338/335/336 346/343/344
f 348/345/346 339/336/337 347/344/345
f 349/346/347 340/337/338 348/345/346
f 349/346/347 342/339/340 341/338/339
f 351/347/349 288/285/286 294/291/292
f 351/347/349 270/267/270 319/316/317
f 352/348/350 343/340/341 351/347/349
f 352/348/350 319/316/317 320/317/318
f 353/349/351 344/341/342 352/348/350
f 353/349/351 320/317/318 321/318/319
f 354/350/352 345/342/343 353/349/351
f 354/350/352 321/318/319 322/319/320
f 355/351/353 346/343/344 354/350/352
f 355/351/353 322/319/320 323/320/321
f 356/352/354 347/344/345 355/351/353
f 356/352/354 323/320/321 324/321/322
f 357/353/355 348/345/346 356/352/354
f 325/322/323 356/352/354 324/321/322
f 358/354/356 349/346/347 357/353/355
f 326/323/324 357/353/355 325/322/323
f 302/299/300 137/136/137 359/355/357
f 359/355/357 138/137/138 360/356/358
f 360/356/358 139/138/139 361/357/359
f 361/357/359 140/139/140 362/358/360
f 363/359/361 140/139/140 141/140/141
f 364/360/362 141/140/141 142/141/142
f 365/361/363 142/141/142 143/142/143
f 366/362/364 143/142/143 144/143/144
f 310/307/308 359/355/357 367/363/365
f 367/363/365 360/356/358 368/364/366
f 368/364/366 361/357/359 369/365/367
f 370/366/368 361/357/359 362/358/360
f 371/367/369 362/358/360 363/359/361
f 372/368/370 363/359/361 364/360/362
f 373/369/371 364/360/362 365/361/363
f 374/370/372 365/361/363 366/362/364
f 318/315/316 367/363/365 375/371/373
f 375/371/373 368/364/366 376/372/374
f 376/372/374 369/365/367 377/373/375
f 377/373/375 370/366/368 378/374/376
f 378/374/376 371/367/369 379/375/377
f 379/375/377 372/368/370 380/376/378
f 381/377/379 372/368/370 373/369/371
f 382/378/380 373/369/371 374/370/372
f 326/323/324 375/371/373 383/379/381
f 383/379/381 376/372/374 384/380/382
f 384/380/382 377/373/375 385/381/383
f 385/381/383 378/374/376 386/382/384
f 386/382/384 379/375/377 387/383/385
f 387/383/385 380/376/378 388/384/386
f 388/384/386 381/377/379 389/385/387
f 389/385/387 382/378/380 390/386/388
f 334/387/332 161/160/161 112/159/112
f 391/388/389 162/161/162 161/160/161
f 392/389/390 163/162/163 162/161/162
f 393/390/391 164/172/164 163/162/163
f 342/339/340 391/388/389 334/387/332
f 395/391/393 392/389/390 391/388/389
f 396/392/394 393/390/391 392/389/390
f 397/393/395 394/394/392 393/390/391
f 350/395/348 395/391/393 342/339/340
f 399/396/397 396/392/394 395/391/393
f 400/397/398 397/393/395 396/392/394
f 401/398/399 398/399/396 397/393/395
f 358/354/356 399/396/397 350/395/348
f 383/379/381 358/354/356 326/323/324
f 403/400/401 400/397/398 399/396/397
f 384/380/382 403/400/401 383/379/381
f 404/401/402 401/398/399 400/397/398
f 385/381/383 404/401/402 384/380/382
f 405/402/403 402/403/400 401/398/399
f 386/382/384 405/402/403 385/381/383
f 387/383/385 406/404/404 386/382/384
f 388/384/386 407/405/405 387/383/385
f 389/385/387 408/406/406 388/384/386
f 390/386/388 409/407/407 389/385/387
f 394/394/392 174/173/174 164/172/164
f 411/408/409 175/409/175 174/173/174
f 413/410/411 394/394/392 398/399/396
f 413/410/411 412/411/410 411/408/409
f 402/403/400 413/410/411 398/399/396
f 416/412/414 413/410/411 415/413/413
f 417/414/415 402/403/400 406/404/404
f 417/414/415 416/412/414 415/413/413
f 407/405/405 417/414/415 406/404/404
f 408/406/406 418/415/416 407/405/405
f 409/407/407 419/416/417 408/406/406
f 410/417/408 420/418/418 409/407/407
f 423/419/421 414/420/412 416/412/414
f 418/415/416 423/419/421 416/412/414
f 419/416/417 424/421/422 418/415/416
f 420/418/418 425/422/423 419/416/417
f 421/423/419 426/424/424 420/418/418
f 428/425/426 144/143/144 206/204/206
f 429/426/427 206/204/206 207/205/207
f 430/427/428 207/205/207 208/206/208
f 430/427/428 209/207/209 431/428/429
f 431/428/429 210/208/210 432/429/430
f 432/429/430 211/209/211 433/430/431
f 434/431/432 211/209/211 212/210/212
f 435/432/433 212/210/212 213/211/213
f 436/433/434 366/362/364 428/425/426
f 437/434/435 428/425/426 429/426/427
f 438/435/436 429/426/427 430/427/428
f 439/436/437 430/427/428 431/428/429
f 440/437/438 431/428/429 432/429/430
f 441/438/439 432/429/430 433/430/431
f 442/439/440 433/430/431 434/431/432
f 442/439/440 435/432/433 443/440/441
f 444/441/442 374/370/372 436/433/434
f 444/441/442 437/434/435 445/442/443
f 445/442/443 438/435/436 446/443/444
f 447/444/445 438/435/436 439/436/437
f 448/445/446 439/436/437 440/437/438
f 449/446/447 440/437/438 441/438/439
f 450/447/448 441/438/439 442/439/440
f 451/448/449 442/439/440 443/440/441
f 390/386/388 444/441/442 452/449/450
f 452/449/450 445/442/443 453/450/451
f 453/450/451 446/443/444 454/451/452
f 454/451/452 447/444/445 455/452/453
f 455/452/453 448/445/446 456/453/454
f 457/454/455 448/445/446 449/446/447
f 458/455/456 449/446/447 450/447/448
f 459/456/457 450/447/448 451/448/449
f 435/432/433 224/222/224 460/457/458
f 443/440/441 460/457/458 461/458/459
f 451/448/449 461/458/459 462/459/460
f 452/449/450 410/417/408 390/386/388
f 464/460/462 452/449/450 453/450/451
f 465/461/463 453/450/451 454/451/452
f 466/462/464 454/451/452 455/452/453
f 467/463/465 455/452/453 456/453/454
f 457/454/455 467/463/465 456/453/454
f 458/455/456 468/464/466 457/454/455
f 459/456/457 469/465/467 458/455/456
f 459/456/457 462/459/460 470/466/468
f 460/457/458 235/233/235 471/467/469
f 461/458/459 471/467/469 472/468/470
f 462/459/460 472/468/470 473/469/471
f 463/470/461 421/423/419 410/417/408
f 464/460/462 474/471/472 463/470/461
f 465/461/463 475/472/473 464/460/462
f 466/462/464 476/473/474 465/461/463
f 467/463/465 477/474/475 466/462/464
f 468/464/466 478/475/476 467/463/465
f 480/476/478 468/464/466 469/465/467
f 481/477/479 469/465/467 470/466/468
f 470/466/468 473/469/471 481/477/479
f 482/478/480 235/233/235 246/244/246
f 472/468/470 482/478/480 483/479/481
f 484/480/482 472/468/470 483/479/481
f 474/471/472 427/481/425 421/423/419
f 475/472/473 485/482/483 474/471/472
f 476/473/474 486/483/484 475/472/473
f 477/474/475 487/484/485 476/473/474
f 478/475/476 488/485/486 477/474/475
f 479/486/477 489/487/487 478/475/476
f 491/488/489 479/486/477 480/476/478
f 492/489/490 480/476/478 481/477/479
f 492/489/490 473/469/471 484/480/482
f 500/490/498 493/491/491 494/492/492
f 501/493/499 494/492/492 495/494/493
f 502/495/500 495/494/493 496/496/494
f 502/495/500 497/497/495 503/498/501
f 503/498/501 498/499/496 504/500/502
f 505/501/503 500/490/498 506/502/504
f 507/503/505 500/490/498 501/493/499
f 507/503/505 502/495/500 508/504/506
f 508/504/506 503/498/501 509/505/507
f 509/505/507 504/500/502 510/506/508
f 511/507/247 506/502/504 512/508/509
f 513/509/510 506/502/504 507/503/505
f 514/510/511 507/503/505 508/504/506
f 514/510/511 509/505/507 515/511/512
f 515/511/512 510/506/508 516/512/513
f 494/492/492 517/513/514 518/514/515
f 495/494/493 518/514/515 519/515/516
f 496/496/494 519/515/516 520/516/517
f 497/497/495 520/516/517 521/517/518
f 498/499/496 521/517/518 522/518/519
f 523/519/520 493/491/491 499/520/497
f 524/521/521 517/513/514 523/519/520
f 524/521/521 519/515/516 518/514/515
f 525/522/522 520/516/517 519/515/516
f 526/523/523 521/517/518 520/516/517
f 527/524/524 522/518/519 521/517/518
f 505/501/503 523/519/520 499/520/497
f 530/525/526 523/519/520 529/526/247
f 530/525/526 525/522/522 524/521/521
f 531/527/527 526/523/523 525/522/522
f 532/528/528 527/524/524 526/523/523
f 533/529/529 528/530/525 527/524/524
f 511/507/247 529/526/247 505/501/503
f 535/531/247 530/525/526 529/526/247
f 537/532/532 530/525/526 536/533/531
f 538/534/533 531/527/527 537/532/532
f 539/535/534 532/528/528 538/534/533
f 539/535/534 534/536/530 533/529/529
f 504/500/502 541/537/536 549/538/544
f 549/538/544 542/539/537 550/540/545
f 550/540/545 543/541/538 551/542/546
f 551/542/546 544/543/539 552/544/547
f 552/544/547 545/545/540 553/546/548
f 553/546/548 546/547/541 554/548/549
f 554/548/549 547/549/542 555/550/550
f 556/551/551 547/549/542 548/552/543
f 510/506/508 549/538/544 557/553/552
f 557/553/552 550/540/545 558/554/553
f 558/554/553 551/542/546 559/555/554
f 559/555/554 552/544/547 560/556/555
f 561/557/556 552/544/547 553/546/548
f 562/558/557 553/546/548 554/548/549
f 563/559/558 554/548/549 555/550/550
f 564/560/559 555/550/550 556/551/551
f 516/512/513 557/553/552 565/561/560
f 565/561/560 558/554/553 566/562/561
f 566/562/561 559/555/554 567/563/562
f 568/564/563 559/555/554 560/556/555
f 569/565/564 560/556/555 561/557/556
f 570/566/565 561/557/556 562/558/557
f 571/567/566 562/558/557 563/559/558
f 572/568/567 563/559/558 564/560/559
f 541/537/536 522/518/519 573/569/568
f 542/539/537 573/569/568 574/570/569
f 543/541/538 574/570/569 575/571/570
f 544/543/539 575/571/570 576/572/571
f 577/573/572 544/543/539 576/572/571
f 578/574/573 545/545/540 577/573/572
f 579/575/574 546/547/541 578/574/573
f 580/576/575 547/549/542 579/575/574
f 528/530/525 573/569/568 522/518/519
f 581/577/576 574/570/569 573/569/568
f 582/578/577 575/571/570 574/570/569
f 583/579/578 576/572/571 575/571/570
f 584/580/579 577/573/572 576/572/571
f 585/581/580 578/574/573 577/573/572
f 586/582/581 579/575/574 578/574/573
f 588/583/583 579/575/574 587/584/582
f 534/536/530 581/577/576 528/530/525
f 589/585/584 582/578/577 581/577/576
f 590/586/585 583/579/578 582/578/577
f 591/587/586 584/580/579 583/579/578
f 592/588/587 585/581/580 584/580/579
f 593/589/588 586/582/581 585/581/580
f 594/590/589 587/584/582 586/582/581
f 596/591/591 587/584/582 595/592/590
f 540/593/535 589/585/584 534/536/530
f 597/594/592 590/586/585 589/585/584
f 598/595/593 591/587/586 590/586/585
f 600/596/595 591/587/586 599/597/594
f 601/598/596 592/588/587 600/596/595
f 602/599/597 593/589/588 601/598/596
f 603/600/598 594/590/589 602/599/597
f 603/600/598 596/591/591 595/592/590
f 177/176/177 605/601/600 606/602/601
f 178/177/178 606/602/601 607/603/602
f 179/178/179 607/603/602 608/604/603
f 609/605/604 176/175/176 180/179/180
f 181/606/181 609/605/604 180/179/180
f 606/602/601 612/607/607 613/608/608
f 607/603/602 613/608/608 614/609/609
f 608/604/603 614/609/609 615/610/610
f 616/611/611 611/612/606 612/607/607
f 616/613/611 605/601/600 609/605/604
f 618/614/613 617/615/612 616/613/611
f 618/614/613 609/605/604 610/616/605
f 619/617/614 618/614/613 620/618/615
f 175/409/175 412/411/410 422/619/420
f 625/620/620 611/612/606 624/621/619
f 626/622/621 612/607/607 625/620/620
f 627/623/622 613/608/608 626/622/621
f 628/624/623 614/609/609 627/623/622
f 629/625/624 548/552/543 621/626/616
f 629/625/624 622/627/617 630/628/625
f 630/628/625 622/627/617 623/629/618
f 630/630/625 623/629/618 624/621/619
f 630/631/625 611/612/606 616/611/611
f 631/632/626 556/551/551 629/625/624
f 632/633/627 629/625/624 630/628/625
f 633/634/628 632/633/627 630/630/625
f 634/635/629 633/634/628 630/631/625
f 617/615/612 630/631/625 616/611/611
f 635/636/630 564/560/559 631/632/626
f 635/636/630 632/633/627 636/637/631
f 636/637/631 633/634/628 637/638/632
f 637/638/632 634/635/629 638/639/633
f 638/639/633 617/615/612 619/617/614
f 639/640/634 548/552/543 580/576/575
f 640/641/635 621/626/616 639/640/634
f 641/642/636 622/627/617 640/641/635
f 642/643/637 623/629/618 641/642/636
f 643/644/638 624/621/619 642/643/637
f 644/645/639 625/620/620 643/644/638
f 645/646/640 626/622/621 644/645/639
f 646/647/641 627/623/622 645/646/640
f 647/648/642 580/576/575 588/583/583
f 648/649/643 639/640/634 647/648/642
f 649/650/644 640/641/635 648/649/643
f 650/651/645 641/642/636 649/650/644
f 651/652/646 642/643/637 650/651/645
f 652/653/647 643/644/638 651/652/646
f 653/654/648 644/645/639 652/653/647
f 654/655/649 645/646/640 653/654/648
f 655/656/650 588/583/583 596/591/591
f 656/657/651 647/648/642 655/656/650
f 657/658/652 648/649/643 656/657/651
f 658/659/653 649/650/644 657/658/652
f 659/660/654 650/651/645 658/659/653
f 659/660/654 652/653/647 651/652/646
f 660/661/655 653/654/648 652/653/647
f 661/662/656 654/655/649 653/654/648
f 604/663/599 655/656/650 596/591/591
f 663/664/658 656/657/651 655/656/650
f 664/665/659 657/658/652 656/657/651
f 665/666/660 658/659/653 657/658/652
f 666/667/661 659/660/654 658/659/653
f 667/668/662 660/661/655 659/660/654
f 668/669/663 661/662/656 660/661/655
f 669/670/664 662/671/657 661/662/656
f 236/234/236 608/604/603 671/672/666
f 237/235/237 671/672/666 672/673/667
f 238/236/238 672/673/667 673/674/668
f 239/237/239 673/674/668 674/675/669
f 240/238/240 674/675/669 675/676/670
f 241/239/241 675/676/670 676/677/671
f 242/240/242 676/677/671 677/678/672
f 678/679/673 242/240/242 677/678/672
f 244/242/244 678/679/673 679/680/674
f 680/681/675 244/242/244 679/680/674
f 681/682/676 245/243/245 680/681/675
f 671/672/666 615/610/610 682/683/677
f 672/673/667 682/683/677 683/684/678
f 673/674/668 683/684/678 684/685/679
f 685/686/680 673/674/668 684/685/679
f 686/687/681 674/675/669 685/686/680
f 676/677/671 686/687/681 687/688/682
f 677/678/672 687/688/682 688/689/683
f 678/679/673 688/689/683 689/690/684
f 679/680/674 689/690/684 690/691/685
f 691/692/686 679/680/674 690/691/685
f 692/693/687 680/681/675 691/692/686
f 693/694/688 615/610/610 628/624/623
f 683/684/678 693/694/688 694/695/689
f 684/685/679 694/695/689 695/696/690
f 696/697/691 684/685/679 695/696/690
f 697/698/692 685/686/680 696/697/691
f 698/699/693 686/687/681 697/698/692
f 699/700/694 687/688/682 698/699/693
f 689/690/684 699/700/694 700/701/695
f 690/691/685 700/701/695 701/702/696
f 691/692/686 701/702/696 702/703/697
f 703/704/698 691/692/686 702/703/697
f 704/705/699 628/624/623 646/647/641
f 705/706/700 693/694/688 704/705/699
f 706/707/701 694/695/689 705/706/700
f 707/708/702 695/696/690 706/707/701
f 708/709/703 696/697/691 707/708/702
f 709/710/704 697/698/692 708/709/703
f 699/700/694 709/710/704 710/711/705
f 700/701/695 710/711/705 711/712/706
f 712/713/707 646/647/641 654/655/649
f 713/714/708 704/705/699 712/713/707
f 714/715/709 705/706/700 713/714/708
f 715/716/710 706/707/701 714/715/709
f 715/716/710 708/709/703 707/708/702
f 716/717/711 709/710/704 708/709/703
f 717/718/712 710/711/705 709/710/704
f 718/719/713 711/712/706 710/711/705
f 701/702/696 711/712/706 719/720/714
f 662/671/657 712/713/707 654/655/649
f 720/721/715 713/714/708 712/713/707
f 722/722/717 713/714/708 721/723/716
f 723/724/718 714/715/709 722/722/717
f 724/725/719 715/716/710 723/724/718
f 724/725/719 717/718/712 716/717/711
f 726/726/721 717/718/712 725/727/720
f 727/728/722 718/719/713 726/726/721
f 727/728/722 701/702/696 719/720/714
f 670/729/665 720/721/715 662/671/657
f 729/730/724 720/721/715 728/731/723
f 730/732/725 721/723/716 729/730/724
f 731/733/726 722/722/717 730/732/725
f 732/734/727 723/724/718 731/733/726
f 733/735/728 724/725/719 732/734/727
f 734/736/729 725/727/720 733/735/728
f 735/737/730 726/726/721 734/736/729
f 735/737/730 702/703/697 727/728/722
f 736/738/247 512/508/509 737/739/731
f 737/739/731 513/509/510 738/740/732
f 738/740/732 514/510/511 739/741/733
f 739/741/733 515/511/512 740/742/734
f 740/742/734 516/512/513 741/743/735
f 742/744/736 737/739/731 743/745/737
f 743/745/737 738/740/732 744/746/738
f 744/746/738 739/741/733 745/747/739
f 745/747/739 740/742/734 746/748/740
f 746/748/740 741/743/735 747/749/741
f 748/750/742 743/745/737 749/751/743
f 749/751/743 744/746/738 750/752/744
f 750/752/744 745/747/739 751/753/745
f 751/753/745 746/748/740 752/754/746
f 753/755/747 746/748/740 747/749/741
f 754/756/748 749/751/743 755/757/749
f 756/758/750 749/751/743 750/752/744
f 757/759/751 750/752/744 751/753/745
f 758/760/752 751/753/745 752/754/746
f 758/760/752 753/755/747 759/761/753
f 736/738/247 535/531/247 511/507/247
f 760/762/247 536/533/531 535/531/247
f 762/763/755 536/533/531 761/764/754
f 763/765/756 537/532/532 762/763/755
f 763/765/756 539/535/534 538/534/533
f 764/766/757 540/593/535 539/535/534
f 742/744/736 760/762/247 736/738/247
f 766/767/759 761/764/754 760/762/247
f 767/768/760 762/763/755 761/764/754
f 768/769/761 763/765/756 762/763/755
f 769/770/762 764/766/757 763/765/756
f 770/771/763 765/772/758 764/766/757
f 748/750/742 766/767/759 742/744/736
f 772/773/765 767/768/760 766/767/759
f 773/774/766 768/769/761 767/768/760
f 774/775/767 769/770/762 768/769/761
f 775/776/768 770/771/763 769/770/762
f 777/777/770 770/771/763 776/778/769
f 778/779/771 748/750/742 754/756/748
f 778/779/771 773/774/766 772/773/765
f 779/780/772 754/756/748 755/757/749
f 780/781/773 773/774/766 779/780/772
f 756/758/750 779/780/772 755/757/749
f 781/782/774 774/775/767 780/781/773
f 757/759/751 780/781/773 756/758/750
f 782/783/775 775/776/768 781/782/774
f 758/760/752 781/782/774 757/759/751
f 783/784/776 776/778/769 782/783/775
f 759/761/753 782/783/775 758/760/752
f 741/743/735 565/561/560 784/785/777
f 784/785/777 566/562/561 785/786/778
f 786/787/779 566/562/561 567/563/562
f 787/788/780 567/563/562 568/564/563
f 788/789/781 568/564/563 569/565/564
f 789/790/782 569/565/564 570/566/565
f 790/791/783 570/566/565 571/567/566
f 791/792/784 571/567/566 572/568/567
f 747/749/741 784/785/777 792/793/785
f 792/793/785 785/786/778 793/794/786
f 794/795/787 785/786/778 786/787/779
f 795/796/788 786/787/779 787/788/780
f 796/797/789 787/788/780 788/789/781
f 797/798/790 788/789/781 789/790/782
f 797/798/790 790/791/783 798/799/791
f 799/800/792 790/791/783 791/792/784
f 800/801/793 747/749/741 792/793/785
f 801/802/794 792/793/785 793/794/786
f 802/803/795 793/794/786 794/795/787
f 803/804/796 794/795/787 795/796/788
f 804/805/797 795/796/788 796/797/789
f 805/806/798 796/797/789 797/798/790
f 806/807/799 797/798/790 798/799/791
f 807/808/800 798/799/791 799/800/792
f 759/761/753 800/801/793 808/809/801
f 808/809/801 801/802/794 809/810/802
f 809/810/802 802/803/795 810/811/803
f 810/811/803 803/804/796 811/812/804
f 811/812/804 804/805/797 812/813/805
f 813/814/806 804/805/797 805/806/798
f 814/815/807 805/806/798 806/807/799
f 815/816/808 806/807/799 807/808/800
f 765/772/758 597/594/592 540/593/535
f 816/817/809 598/595/593 597/594/592
f 818/818/811 598/595/593 817/819/810
f 819/820/812 599/597/594 818/818/811
f 820/821/813 600/596/595 819/820/812
f 821/822/814 601/598/596 820/821/813
f 822/823/815 602/599/597 821/822/814
f 822/823/815 604/663/599 603/600/598
f 771/824/764 816/817/809 765/772/758
f 824/825/817 817/819/810 816/817/809
f 826/826/819 817/819/810 825/827/818
f 826/826/819 819/820/812 818/818/811
f 828/828/821 819/820/812 827/829/820
f 829/830/822 820/821/813 828/828/821
f 829/830/822 822/823/815 821/822/814
f 831/831/824 822/823/815 830/832/823
f 832/833/825 771/824/764 777/777/770
f 833/834/826 824/825/817 832/833/825
f 834/835/827 825/827/818 833/834/826
f 835/836/828 826/826/819 834/835/827
f 836/837/829 827/829/820 835/836/828
f 837/838/830 828/828/821 836/837/829
f 838/839/831 829/830/822 837/838/830
f 839/840/832 830/832/823 838/839/831
f 840/841/833 777/777/770 783/784/776
f 808/809/801 783/784/776 759/761/753
f 841/842/834 832/833/825 840/841/833
f 809/810/802 840/841/833 808/809/801
f 842/843/835 833/834/826 841/842/834
f 810/811/803 841/842/834 809/810/802
f 843/844/836 834/835/827 842/843/835
f 811/812/804 842/843/835 810/811/803
f 844/845/837 835/836/828 843/844/836
f 812/813/805 843/844/836 811/812/804
f 845/846/838 836/837/829 844/845/837
f 813/814/806 844/845/837 812/813/805
f 846/847/839 837/838/830 845/846/838
f 814/815/807 845/846/838 813/814/806
f 847/848/840 838/839/831 846/847/839
f 847/848/840 814/815/807 815/816/808
f 849/849/842 422/619/420 423/419/421
f 424/421/422 849/849/842 423/419/421
f 425/422/423 850/850/843 424/421/422
f 426/424/424 851/851/844 425/422/423
f 427/481/425 852/852/845 426/424/424
f 855/853/848 619/617/614 620/618/615
f 856/854/849 854/855/847 855/853/848
f 858/856/851 854/857/847 856/854/849
f 849/849/842 856/854/849 848/858/841
f 860/859/853 857/860/850 858/856/851
f 860/859/853 849/849/842 850/850/843
f 861/861/854 850/850/843 851/851/844
f 862/862/855 851/851/844 852/852/845
f 863/863/856 852/852/845 853/864/846
f 864/865/857 572/568/567 635/636/630
f 864/865/857 636/637/631 865/866/858
f 865/866/858 637/638/632 866/867/859
f 866/867/859 638/639/633 867/868/860
f 854/855/847 638/639/633 619/617/614
f 868/869/861 791/792/784 864/865/857
f 868/869/861 865/866/858 869/870/862
f 869/870/862 866/867/859 870/871/863
f 870/871/863 867/868/860 871/872/864
f 854/857/847 871/872/864 867/868/860
f 872/873/865 799/800/792 868/869/861
f 872/873/865 869/870/862 873/874/866
f 873/874/866 870/871/863 874/875/867
f 874/875/867 871/872/864 875/876/868
f 857/860/850 871/872/864 854/857/847
f 876/877/869 807/808/800 872/873/865
f 876/877/869 873/874/866 877/878/870
f 877/878/870 874/875/867 878/879/871
f 878/879/871 875/876/868 879/880/872
f 859/881/852 875/876/868 857/860/850
f 880/882/873 859/881/852 860/859/853
f 881/883/874 860/859/853 861/861/854
f 882/884/875 861/861/854 862/862/855
f 883/885/876 862/862/855 863/863/856
f 884/886/877 604/663/599 823/887/816
f 884/886/877 664/665/659 663/664/658
f 885/888/878 665/666/660 664/665/659
f 886/889/879 666/667/661 665/666/660
f 888/890/881 666/667/661 887/891/880
f 889/892/882 667/668/662 888/890/881
f 890/893/883 668/669/663 889/892/882
f 890/893/883 670/729/665 669/670/664
f 892/894/885 823/887/816 831/831/824
f 893/895/886 884/886/877 892/894/885
f 894/896/887 885/888/878 893/895/886
f 895/897/888 886/889/879 894/896/887
f 896/898/889 887/891/880 895/897/888
f 897/899/890 888/890/881 896/898/889
f 898/900/891 889/892/882 897/899/890
f 899/901/892 890/893/883 898/900/891
f 900/902/893 831/831/824 839/840/832
f 901/903/894 892/894/885 900/902/893
f 901/903/894 894/896/887 893/895/886
f 902/904/895 895/897/888 894/896/887
f 903/905/896 896/898/889 895/897/888
f 905/906/898 896/898/889 904/907/897
f 906/908/899 897/899/890 905/906/898
f 906/908/899 899/901/892 898/900/891
f 908/909/901 839/840/832 847/848/840
f 908/909/901 815/816/808 876/877/869
f 908/909/901 901/903/894 900/902/893
f 909/910/902 876/877/869 877/878/870
f 909/910/902 902/904/895 901/903/894
f 910/911/903 877/878/870 878/879/871
f 910/911/903 903/905/896 902/904/895
f 911/912/904 878/879/871 879/880/872
f 911/912/904 904/907/897 903/905/896
f 912/913/905 879/880/872 880/882/873
f 912/913/905 905/906/898 904/907/897
f 913/914/906 880/882/873 881/883/874
f 913/914/906 906/908/899 905/906/898
f 914/915/907 881/883/874 882/884/875
f 914/915/907 907/916/900 906/908/899
f 915/917/908 882/884/875 883/885/876
f 916/918/909 246/244/246 681/682/676
f 483/479/481 916/918/909 917/919/910
f 918/920/911 483/479/481 917/919/910
f 485/482/483 853/864/846 427/481/425
f 920/921/913 485/482/483 486/483/484
f 921/922/914 486/483/484 487/484/485
f 922/923/915 487/484/485 488/485/486
f 489/487/487 922/923/915 488/485/486
f 924/924/917 489/487/487 490/925/488
f 925/926/918 490/925/488 491/488/489
f 926/927/919 491/488/489 492/489/490
f 926/927/919 484/480/482 918/920/911
f 927/928/920 681/682/676 692/693/687
f 917/919/910 927/928/920 928/929/469
f 929/930/921 917/919/910 928/929/469
f 930/931/922 853/864/846 919/932/912
f 931/933/923 919/932/912 920/921/913
f 932/934/924 920/921/913 921/922/914
f 933/935/925 921/922/914 922/923/915
f 934/936/926 922/923/915 923/937/916
f 935/938/927 923/937/916 924/924/917
f 936/939/928 924/924/917 925/926/918
f 926/927/919 936/939/928 925/926/918
f 937/940/929 918/920/911 929/930/921
f 938/941/930 692/693/687 703/704/698
f 928/929/469 938/941/930 939/942/931
f 929/930/921 939/942/931 940/943/932
f 941/944/933 863/863/856 930/931/922
f 942/945/934 930/931/922 931/933/923
f 943/946/935 931/933/923 932/934/924
f 944/947/936 932/934/924 933/935/925
f 945/948/937 933/935/925 934/936/926
f 935/938/927 945/948/937 934/936/926
f 936/939/928 946/949/938 935/938/927
f 948/950/940 936/939/928 937/940/929
f 937/940/929 940/943/932 948/950/940
f 891/951/884 728/731/723 670/729/665
f 950/952/942 728/731/723 949/953/941
f 951/954/943 729/730/724 950/952/942
f 952/955/944 730/732/725 951/954/943
f 953/956/945 731/733/726 952/955/944
f 954/957/946 732/734/727 953/956/945
f 955/958/947 733/735/728 954/957/946
f 956/959/948 734/736/729 955/958/947
f 956/959/948 703/704/698 735/737/730
f 957/960/949 891/951/884 899/901/892
f 958/961/950 949/953/941 957/960/949
f 959/962/951 950/952/942 958/961/950
f 960/963/952 951/954/943 959/962/951
f 961/964/953 952/955/944 960/963/952
f 962/965/954 953/956/945 961/964/953
f 963/966/955 954/957/946 962/965/954
f 964/967/956 955/958/947 963/966/955
f 939/942/931 956/959/948 964/967/956
f 907/916/900 957/960/949 899/901/892
f 966/968/958 957/960/949 965/969/957
f 967/970/959 958/961/950 966/968/958
f 968/971/960 959/962/951 967/970/959
f 969/972/961 960/963/952 968/971/960
f 970/973/962 961/964/953 969/972/961
f 971/974/963 962/965/954 970/973/962
f 972/975/964 963/966/955 971/974/963
f 940/943/932 964/967/956 972/975/964
f 915/917/908 965/969/957 907/916/900
f 973/976/965 883/885/876 941/944/933
f 973/976/965 966/968/958 965/969/957
f 974/977/966 941/944/933 942/945/934
f 974/977/966 967/970/959 966/968/958
f 943/946/935 974/977/966 942/945/934
f 975/978/967 968/971/960 967/970/959
f 976/979/968 943/946/935 944/947/936
f 977/980/969 968/971/960 976/979/968
f 977/980/969 944/947/936 945/948/937
f 978/981/970 969/972/961 977/980/969
f 978/981/970 945/948/937 946/949/938
f 979/982/971 970/973/962 978/981/970
f 947/983/939 978/981/970 946/949/938
f 980/984/972 971/974/963 979/982/971
f 948/950/940 979/982/971 947/983/939
f 980/984/972 940/943/932 972/975/964
f 858/856/851 857/860/850 854/857/847
f 629/625/624 621/626/616 622/627/617
f 8/1/8 7/29/7 1/2/1
f 8/1/8 2/3/2 3/4/3
f 9/5/9 3/4/3 4/6/4
f 10/7/10 4/6/4 5/8/5
f 11/9/11 5/8/5 6/10/6
f 13/12/13 7/29/7 8/1/8
f 14/13/14 8/1/8 9/5/9
f 15/14/15 9/5/9 10/7/10
f 16/15/16 10/7/10 11/9/11
f 17/16/17 11/9/11 12/11/12
f 20/18/20 19/42/19 13/12/13
f 21/19/21 20/18/20 14/13/14
f 22/20/22 21/19/21 15/14/15
f 23/21/23 22/20/22 16/15/16
f 24/22/24 23/21/23 17/16/17
f 2/3/2 1/2/1 25/23/25
f 27/25/27 3/4/3 2/3/2
f 28/26/28 4/6/4 3/4/3
f 29/27/29 5/8/5 4/6/4
f 30/28/30 6/10/6 5/8/5
f 7/29/7 31/31/31 25/23/25
f 32/30/32 26/24/26 25/23/25
f 33/32/33 27/25/27 26/24/26
f 33/32/33 34/33/34 28/26/28
f 34/33/34 35/35/35 29/27/29
f 36/34/36 30/28/30 29/27/29
f 13/12/13 37/36/37 31/31/31
f 37/36/37 38/38/38 32/30/32
f 39/37/39 33/32/33 32/30/32
f 39/37/39 40/39/40 34/33/34
f 40/39/40 41/41/41 35/35/35
f 42/40/42 36/34/36 35/35/35
f 19/42/19 43/44/43 37/36/37
f 44/43/44 38/38/38 37/36/37
f 45/45/45 39/37/39 38/38/38
f 46/46/46 40/39/40 39/37/39
f 46/46/46 47/47/47 41/41/41
f 47/47/47 48/104/48 42/40/42
f 57/48/57 12/11/12 6/10/6
f 58/50/58 57/48/57 49/49/49
f 58/50/58 50/51/50 51/52/51
f 59/53/59 51/52/51 52/54/52
f 60/55/60 52/54/52 53/56/53
f 61/57/61 53/56/53 54/58/54
f 62/59/62 54/58/54 55/60/55
f 64/62/64 63/61/63 55/60/55
f 18/17/18 12/11/12 57/48/57
f 66/65/66 65/64/65 57/48/57
f 66/65/66 58/50/58 59/53/59
f 67/66/67 59/53/59 60/55/60
f 68/67/68 60/55/60 61/57/61
f 69/68/69 61/57/61 62/59/62
f 70/69/70 62/59/62 63/61/63
f 71/70/71 63/61/63 64/62/64
f 73/72/73 24/22/24 18/17/18
f 74/73/74 73/72/73 65/64/65
f 75/74/75 74/73/74 66/65/66
f 76/75/76 75/74/75 67/66/67
f 77/76/77 76/75/76 68/67/68
f 78/77/78 77/76/77 69/68/69
f 78/77/78 70/69/70 71/70/71
f 79/78/79 71/70/71 72/71/72
f 81/80/81 49/49/49 6/10/6
f 82/81/82 50/51/50 49/49/49
f 83/82/83 51/52/51 50/51/50
f 84/83/84 52/54/52 51/52/51
f 85/84/85 53/56/53 52/54/52
f 86/85/86 54/58/54 53/56/53
f 87/86/87 55/60/55 54/58/54
f 56/63/56 55/60/55 87/86/87
f 89/88/89 81/80/81 30/28/30
f 90/89/90 82/81/82 81/80/81
f 91/90/91 83/82/83 82/81/82
f 92/91/92 84/83/84 83/82/83
f 92/91/92 93/92/93 85/84/85
f 93/92/93 94/93/94 86/85/86
f 94/93/94 95/94/95 87/86/87
f 95/94/95 96/102/96 88/87/88
f 97/95/97 89/88/89 36/34/36
f 98/96/98 90/89/90 89/88/89
f 98/96/98 99/97/99 91/90/91
f 99/97/99 100/98/100 92/91/92
f 100/98/100 101/99/101 93/92/93
f 101/99/101 102/100/102 94/93/94
f 102/100/102 103/101/103 95/94/95
f 103/101/103 104/111/104 96/102/96
f 105/103/105 97/95/97 42/40/42
f 106/105/106 98/96/98 97/95/97
f 107/106/107 99/97/99 98/96/98
f 108/107/108 100/98/100 99/97/99
f 108/107/108 109/108/109 101/99/101
f 109/108/109 110/109/110 102/100/102
f 110/109/110 111/110/111 103/101/103
f 111/110/111 112/159/112 104/111/104
f 121/112/121 64/62/64 56/63/56
f 122/114/122 121/112/121 113/113/113
f 123/116/123 122/114/122 114/115/114
f 124/118/124 123/116/123 115/117/115
f 125/120/125 124/118/124 116/119/116
f 126/122/126 125/120/125 117/121/117
f 127/124/127 126/122/126 118/123/118
f 128/126/128 127/124/127 119/125/119
f 129/128/129 72/71/72 64/62/64
f 130/129/130 129/128/129 121/112/121
f 131/130/131 130/129/130 122/114/122
f 132/131/132 131/130/131 123/116/123
f 133/132/133 132/131/132 124/118/124
f 133/132/133 125/120/125 126/122/126
f 135/134/135 134/133/134 126/122/126
f 136/135/136 135/134/135 127/124/127
f 80/79/80 72/71/72 129/128/129
f 137/136/137 129/128/129 130/129/130
f 138/137/138 130/129/130 131/130/131
f 139/138/139 131/130/131 132/131/132
f 140/139/140 132/131/132 133/132/133
f 141/140/141 133/132/133 134/133/134
f 142/141/142 134/133/134 135/134/135
f 144/143/144 143/142/143 135/134/135
f 113/113/113 56/63/56 88/87/88
f 114/115/114 113/113/113 145/144/145
f 115/117/115 114/115/114 146/145/146
f 116/119/116 115/117/115 147/146/147
f 117/121/117 116/119/116 148/147/148
f 118/123/118 117/121/117 149/148/149
f 119/125/119 118/123/118 150/149/150
f 120/127/120 119/125/119 151/150/151
f 153/152/153 145/144/145 88/87/88
f 153/152/153 154/154/154 146/145/146
f 155/153/155 147/146/147 146/145/146
f 156/155/156 148/147/148 147/146/147
f 157/156/157 153/152/153 96/102/96
f 158/157/158 154/154/154 153/152/153
f 159/158/159 155/153/155 154/154/154
f 159/158/159 160/163/160 156/155/156
f 112/159/112 161/160/161 157/156/157
f 161/160/161 162/161/162 158/157/158
f 162/161/162 163/162/163 159/158/159
f 163/162/163 164/172/164 160/163/160
f 166/164/166 149/148/149 148/147/148
f 167/166/167 150/149/150 149/148/149
f 151/150/151 150/149/150 167/166/167
f 152/151/152 151/150/151 168/167/168
f 156/155/156 170/170/170 165/165/165
f 171/169/171 166/164/166 165/165/165
f 172/171/172 170/170/170 156/155/156
f 172/171/172 173/174/173 171/169/171
f 164/172/164 174/173/174 172/171/172
f 174/173/174 175/409/175 173/174/173
f 167/166/167 166/164/166 176/175/176
f 178/177/178 168/167/168 167/166/167
f 169/168/169 168/167/168 178/177/178
f 180/179/180 176/175/176 166/164/166
f 173/174/173 181/606/181 180/179/180
f 190/180/190 128/126/128 120/127/120
f 191/182/191 190/180/190 182/181/182
f 191/182/191 183/183/183 184/184/184
f 192/185/192 184/184/184 185/186/185
f 193/187/193 185/186/185 186/188/186
f 195/190/195 194/189/194 186/188/186
f 196/192/196 195/190/195 187/191/187
f 196/192/196 188/193/188 189/194/189
f 198/196/198 136/135/136 128/126/128
f 198/196/198 190/180/190 191/182/191
f 199/197/199 191/182/191 192/185/192
f 200/198/200 192/185/192 193/187/193
f 201/199/201 193/187/193 194/189/194
f 202/200/202 194/189/194 195/190/195
f 204/202/204 203/201/203 195/190/195
f 205/203/205 204/202/204 196/192/196
f 206/204/206 144/143/144 136/135/136
f 206/204/206 198/196/198 199/197/199
f 207/205/207 199/197/199 200/198/200
f 208/206/208 200/198/200 201/199/201
f 209/207/209 201/199/201 202/200/202
f 210/208/210 202/200/202 203/201/203
f 212/210/212 211/209/211 203/201/203
f 213/211/213 212/210/212 204/202/204
f 182/181/182 120/127/120 152/151/152
f 183/183/183 182/181/182 214/212/214
f 184/184/184 183/183/183 215/213/215
f 217/215/217 185/186/185 184/184/184
f 218/216/218 186/188/186 185/186/185
f 187/191/187 186/188/186 218/216/218
f 188/193/188 187/191/187 219/217/219
f 189/194/189 188/193/188 220/218/220
f 222/220/222 197/195/197 189/194/189
f 205/203/205 197/195/197 222/220/222
f 213/211/213 205/203/205 223/221/223
f 214/212/214 152/151/152 169/168/169
f 215/213/215 214/212/214 225/223/225
f 227/225/227 216/214/216 215/213/215
f 217/215/217 216/214/216 227/225/227
f 218/216/218 217/215/217 228/226/228
f 219/217/219 218/216/218 229/227/229
f 220/218/220 219/217/219 230/228/230
f 221/219/221 220/218/220 231/229/231
f 233/231/233 222/220/222 221/219/221
f 223/221/223 222/220/222 233/231/233
f 224/222/224 223/221/223 234/232/234
f 225/223/225 169/168/169 179/178/179
f 226/224/226 225/223/225 236/234/236
f 227/225/227 226/224/226 237/235/237
f 228/226/228 227/225/227 238/236/238
f 229/227/229 228/226/228 239/237/239
f 230/228/230 229/227/229 240/238/240
f 231/229/231 230/228/230 241/239/241
f 243/241/243 232/230/232 231/229/231
f 244/242/244 233/231/233 232/230/232
f 245/243/245 234/232/234 233/231/233
f 246/244/246 235/233/235 234/232/234
f 248/245/248 247/269/247 19/42/19
f 249/246/249 248/245/248 20/18/20
f 250/247/250 249/246/249 21/19/21
f 250/247/250 22/20/22 23/21/23
f 251/248/251 23/21/23 24/22/24
f 253/250/253 247/269/247 248/245/248
f 254/251/254 248/245/248 249/246/249
f 255/252/255 249/246/249 250/247/250
f 256/253/256 250/247/250 251/248/251
f 257/254/257 251/248/251 252/249/252
f 259/256/259 253/250/253 254/251/254
f 260/257/260 254/251/254 255/252/255
f 262/259/262 261/258/261 255/252/255
f 263/260/263 262/259/262 256/253/256
f 264/261/264 263/260/263 257/254/257
f 265/262/265 259/256/259 260/257/260
f 267/264/267 266/263/266 260/257/260
f 268/265/268 267/264/267 261/258/261
f 269/266/269 268/265/268 262/259/262
f 270/267/270 269/266/269 263/260/263
f 271/268/247 43/44/43 19/42/19
f 272/270/271 44/43/44 43/44/43
f 273/271/272 45/45/45 44/43/44
f 274/272/273 46/46/46 45/45/45
f 274/272/273 275/273/274 47/47/47
f 275/273/274 276/279/275 48/104/48
f 277/274/247 271/268/247 247/269/247
f 277/274/247 278/275/276 272/270/271
f 278/275/276 279/276/277 273/271/272
f 279/276/277 280/277/278 274/272/273
f 280/277/278 281/278/279 275/273/274
f 281/278/279 282/332/280 276/279/275
f 283/280/281 277/274/247 253/250/253
f 283/280/281 284/281/282 278/275/276
f 284/281/282 285/282/283 279/276/277
f 285/282/283 286/284/284 280/277/278
f 287/283/285 281/278/279 280/277/278
f 288/285/286 282/332/280 281/278/279
f 289/286/287 283/280/281 259/256/259
f 290/287/288 284/281/282 283/280/281
f 266/263/266 290/287/288 289/286/287
f 291/288/289 285/282/283 284/281/282
f 267/264/267 291/288/289 290/287/288
f 292/289/290 286/284/284 285/282/283
f 268/265/268 292/289/290 291/288/289
f 293/290/291 287/283/285 286/284/284
f 293/290/291 292/289/290 268/265/268
f 294/291/292 288/285/286 287/283/285
f 294/291/292 293/290/291 269/266/269
f 295/292/293 252/249/252 24/22/24
f 296/293/294 295/292/293 73/72/73
f 296/293/294 74/73/74 75/74/75
f 297/294/295 75/74/75 76/75/76
f 298/295/296 76/75/76 77/76/77
f 300/297/298 299/296/297 77/76/77
f 300/297/298 78/77/78 79/78/79
f 302/299/300 301/298/299 79/78/79
f 303/300/301 258/255/258 252/249/252
f 304/301/302 303/300/301 295/292/293
f 305/302/303 304/301/302 296/293/294
f 306/303/304 305/302/303 297/294/295
f 307/304/305 306/303/304 298/295/296
f 308/305/306 307/304/305 299/296/297
f 309/306/307 308/305/306 300/297/298
f 310/307/308 309/306/307 301/298/299
f 311/308/309 264/261/264 258/255/258
f 312/309/310 311/308/309 303/300/301
f 313/310/311 312/309/310 304/301/302
f 314/311/312 313/310/311 305/302/303
f 315/312/313 314/311/312 306/303/304
f 316/313/314 315/312/313 307/304/305
f 317/314/315 316/313/314 308/305/306
f 317/314/315 309/306/307 310/307/308
f 319/316/317 270/267/270 264/261/264
f 320/317/318 319/316/317 311/308/309
f 321/318/319 320/317/318 312/309/310
f 322/319/320 321/318/319 313/310/311
f 323/320/321 322/319/320 314/311/312
f 324/321/322 323/320/321 315/312/313
f 325/322/323 324/321/322 316/313/314
f 325/322/323 317/314/315 318/315/316
f 327/324/325 105/103/105 48/104/48
f 328/325/326 106/105/106 105/103/105
f 328/325/326 329/326/327 107/106/107
f 329/326/327 330/327/328 108/107/108
f 330/327/328 331/329/329 109/108/109
f 332/328/330 110/109/110 109/108/109
f 332/328/330 333/330/331 111/110/111
f 333/330/331 334/387/332 112/159/112
f 335/331/333 327/324/325 276/279/275
f 336/333/334 328/325/326 327/324/325
f 337/334/335 329/326/327 328/325/326
f 338/335/336 330/327/328 329/326/327
f 339/336/337 331/329/329 330/327/328
f 340/337/338 332/328/330 331/329/329
f 341/338/339 333/330/331 332/328/330
f 342/339/340 334/387/332 333/330/331
f 343/340/341 335/331/333 282/332/280
f 344/341/342 336/333/334 335/331/333
f 345/342/343 337/334/335 336/333/334
f 346/343/344 338/335/336 337/334/335
f 347/344/345 339/336/337 338/335/336
f 348/345/346 340/337/338 339/336/337
f 349/346/347 341/338/339 340/337/338
f 349/346/347 350/395/348 342/339/340
f 351/347/349 343/340/341 288/285/286
f 351/347/349 294/291/292 270/267/270
f 352/348/350 344/341/342 343/340/341
f 352/348/350 351/347/349 319/316/317
f 353/349/351 345/342/343 344/341/342
f 353/349/351 352/348/350 320/317/318
f 354/350/352 346/343/344 345/342/343
f 354/350/352 353/349/351 321/318/319
f 355/351/353 347/344/345 346/343/344
f 355/351/353 354/350/352 322/319/320
f 356/352/354 348/345/346 347/344/345
f 356/352/354 355/351/353 323/320/321
f 357/353/355 349/346/347 348/345/346
f 325/322/323 357/353/355 356/352/354
f 358/354/356 350/395/348 349/346/347
f 326/323/324 358/354/356 357/353/355
f 302/299/300 80/79/80 137/136/137
f 359/355/357 137/136/137 138/137/138
f 360/356/358 138/137/138 139/138/139
f 361/357/359 139/138/139 140/139/140
f 363/359/361 362/358/360 140/139/140
f 364/360/362 363/359/361 141/140/141
f 365/361/363 364/360/362 142/141/142
f 366/362/364 365/361/363 143/142/143
f 310/307/308 302/299/300 359/355/357
f 367/363/365 359/355/357 360/356/358
f 368/364/366 360/356/358 361/357/359
f 370/366/368 369/365/367 361/357/359
f 371/367/369 370/366/368 362/358/360
f 372/368/370 371/367/369 363/359/361
f 373/369/371 372/368/370 364/360/362
f 374/370/372 373/369/371 365/361/363
f 318/315/316 310/307/308 367/363/365
f 375/371/373 367/363/365 368/364/366
f 376/372/374 368/364/366 369/365/367
f 377/373/375 369/365/367 370/366/368
f 378/374/376 370/366/368 371/367/369
f 379/375/377 371/367/369 372/368/370
f 381/377/379 380/376/378 372/368/370
f 382/378/380 381/377/379 373/369/371
f 326/323/324 318/315/316 375/371/373
f 383/379/381 375/371/373 376/372/374
f 384/380/382 376/372/374 377/373/375
f 385/381/383 377/373/375 378/374/376
f 386/382/384 378/374/376 379/375/377
f 387/383/385 379/375/377 380/376/378
f 388/384/386 380/376/378 381/377/379
f 389/385/387 381/377/379 382/378/380
f 334/387/332 391/388/389 161/160/161
f 391/388/389 392/389/390 162/161/162
f 392/389/390 393/390/391 163/162/163
f 393/390/391 394/394/392 164/172/164
f 342/339/340 395/391/393 391/388/389
f 395/391/393 396/392/394 392/389/390
f 396/392/394 397/393/395 393/390/391
f 397/393/395 398/399/396 394/394/392
f 350/395/348 399/396/397 395/391/393
f 399/396/397 400/397/398 396/392/394
f 400/397/398 401/398/399 397/393/395
f 401/398/399 402/403/400 398/399/396
f 358/354/356 403/400/401 399/396/397
f 383/379/381 403/400/401 358/354/356
f 403/400/401 404/401/402 400/397/398
f 384/380/382 404/401/402 403/400/401
f 404/401/402 405/402/403 401/398/399
f 385/381/383 405/402/403 404/401/402
f 405/402/403 406/404/404 402/403/400
f 386/382/384 406/404/404 405/402/403
f 387/383/385 407/405/405 406/404/404
f 388/384/386 408/406/406 407/405/405
f 389/385/387 409/407/407 408/406/406
f 390/386/388 410/417/408 409/407/407
f 394/394/392 411/408/409 174/173/174
f 411/408/409 412/411/410 175/409/175
f 413/410/411 411/408/409 394/394/392
f 413/410/411 414/420/412 412/411/410
f 402/403/400 415/413/413 413/410/411
f 416/412/414 414/420/412 413/410/411
f 417/414/415 415/413/413 402/403/400
f 417/414/415 418/415/416 416/412/414
f 407/405/405 418/415/416 417/414/415
f 408/406/406 419/416/417 418/415/416
f 409/407/407 420/418/418 419/416/417
f 410/417/408 421/423/419 420/418/418
f 423/419/421 422/619/420 414/420/412
f 418/415/416 424/421/422 423/419/421
f 419/416/417 425/422/423 424/421/422
f 420/418/418 426/424/424 425/422/423
f 421/423/419 427/481/425 426/424/424
f 428/425/426 366/362/364 144/143/144
f 429/426/427 428/425/426 206/204/206
f 430/427/428 429/426/427 207/205/207
f 430/427/428 208/206/208 209/207/209
f 431/428/429 209/207/209 210/208/210
f 432/429/430 210/208/210 211/209/211
f 434/431/432 433/430/431 211/209/211
f 435/432/433 434/431/432 212/210/212
f 436/433/434 374/370/372 366/362/364
f 437/434/435 436/433/434 428/425/426
f 438/435/436 437/434/435 429/426/427
f 439/436/437 438/435/436 430/427/428
f 440/437/438 439/436/437 431/428/429
f 441/438/439 440/437/438 432/429/430
f 442/439/440 441/438/439 433/430/431
f 442/439/440 434/431/432 435/432/433
f 444/441/442 382/378/380 374/370/372
f 444/441/442 436/433/434 437/434/435
f 445/442/443 437/434/435 438/435/436
f 447/444/445 446/443/444 438/435/436
f 448/445/446 447/444/445 439/436/437
f 449/446/447 448/445/446 440/437/438
f 450/447/448 449/446/447 441/438/439
f 451/448/449 450/447/448 442/439/440
f 390/386/388 382/378/380 444/441/442
f 452/449/450 444/441/442 445/442/443
f 453/450/451 445/442/443 446/443/444
f 454/451/452 446/443/444 447/444/445
f 455/452/453 447/444/445 448/445/446
f 457/454/455 456/453/454 448/445/446
f 458/455/456 457/454/455 449/446/447
f 459/456/457 458/455/456 450/447/448
f 435/432/433 213/211/213 224/222/224
f 443/440/441 435/432/433 460/457/458
f 451/448/449 443/440/441 461/458/459
f 452/449/450 463/470/461 410/417/408
f 464/460/462 463/470/461 452/449/450
f 465/461/463 464/460/462 453/450/451
f 466/462/464 465/461/463 454/451/452
f 467/463/465 466/462/464 455/452/453
f 457/454/455 468/464/466 467/463/465
f 458/455/456 469/465/467 468/464/466
f 459/456/457 470/466/468 469/465/467
f 459/456/457 451/448/449 462/459/460
f 460/457/458 224/222/224 235/233/235
f 461/458/459 460/457/458 471/467/469
f 462/459/460 461/458/459 472/468/470
f 463/470/461 474/471/472 421/423/419
f 464/460/462 475/472/473 474/471/472
f 465/461/463 476/473/474 475/472/473
f 466/462/464 477/474/475 476/473/474
f 467/463/465 478/475/476 477/474/475
f 468/464/466 479/486/477 478/475/476
f 480/476/478 479/486/477 468/464/466
f 481/477/479 480/476/478 469/465/467
f 470/466/468 462/459/460 473/469/471
f 482/478/480 471/467/469 235/233/235
f 472/468/470 471/467/469 482/478/480
f 484/480/482 473/469/471 472/468/470
f 474/471/472 485/482/483 427/481/425
f 475/472/473 486/483/484 485/482/483
f 476/473/474 487/484/485 486/483/484
f 477/474/475 488/485/486 487/484/485
f 478/475/476 489/487/487 488/485/486
f 479/486/477 490/925/488 489/487/487
f 491/488/489 490/925/488 479/486/477
f 492/489/490 491/488/489 480/476/478
f 492/489/490 481/477/479 473/469/471
f 500/490/498 499/520/497 493/491/491
f 501/493/499 500/490/498 494/492/492
f 502/495/500 501/493/499 495/494/493
f 502/495/500 496/496/494 497/497/495
f 503/498/501 497/497/495 498/499/496
f 505/501/503 499/520/497 500/490/498
f 507/503/505 506/502/504 500/490/498
f 507/503/505 501/493/499 502/495/500
f 508/504/506 502/495/500 503/498/501
f 509/505/507 503/498/501 504/500/502
f 511/507/247 505/501/503 506/502/504
f 513/509/510 512/508/509 506/502/504
f 514/510/511 513/509/510 507/503/505
f 514/510/511 508/504/506 509/505/507
f 515/511/512 509/505/507 510/506/508
f 494/492/492 493/491/491 517/513/514
f 495/494/493 494/492/492 518/514/515
f 496/496/494 495/494/493 519/515/516
f 497/497/495 496/496/494 520/516/517
f 498/499/496 497/497/495 521/517/518
f 523/519/520 517/513/514 493/491/491
f 524/521/521 518/514/515 517/513/514
f 524/521/521 525/522/522 519/515/516
f 525/522/522 526/523/523 520/516/517
f 526/523/523 527/524/524 521/517/518
f 527/524/524 528/530/525 522/518/519
f 505/501/503 529/526/247 523/519/520
f 530/525/526 524/521/521 523/519/520
f 530/525/526 531/527/527 525/522/522
f 531/527/527 532/528/528 526/523/523
f 532/528/528 533/529/529 527/524/524
f 533/529/529 534/536/530 528/530/525
f 511/507/247 535/531/247 529/526/247
f 535/531/247 536/533/531 530/525/526
f 537/532/532 531/527/527 530/525/526
f 538/534/533 532/528/528 531/527/527
f 539/535/534 533/529/529 532/528/528
f 539/535/534 540/593/535 534/536/530
f 504/500/502 498/499/496 541/537/536
f 549/538/544 541/537/536 542/539/537
f 550/540/545 542/539/537 543/541/538
f 551/542/546 543/541/538 544/543/539
f 552/544/547 544/543/539 545/545/540
f 553/546/548 545/545/540 546/547/541
f 554/548/549 546/547/541 547/549/542
f 556/551/551 555/550/550 547/549/542
f 510/506/508 504/500/502 549/538/544
f 557/553/552 549/538/544 550/540/545
f 558/554/553 550/540/545 551/542/546
f 559/555/554 551/542/546 552/544/547
f 561/557/556 560/556/555 552/544/547
f 562/558/557 561/557/556 553/546/548
f 563/559/558 562/558/557 554/548/549
f 564/560/559 563/559/558 555/550/550
f 516/512/513 510/506/508 557/553/552
f 565/561/560 557/553/552 558/554/553
f 566/562/561 558/554/553 559/555/554
f 568/564/563 567/563/562 559/555/554
f 569/565/564 568/564/563 560/556/555
f 570/566/565 569/565/564 561/557/556
f 571/567/566 570/566/565 562/558/557
f 572/568/567 571/567/566 563/559/558
f 541/537/536 498/499/496 522/518/519
f 542/539/537 541/537/536 573/569/568
f 543/541/538 542/539/537 574/570/569
f 544/543/539 543/541/538 575/571/570
f 577/573/572 545/545/540 544/543/539
f 578/574/573 546/547/541 545/545/540
f 579/575/574 547/549/542 546/547/541
f 580/576/575 548/552/543 547/549/542
f 528/530/525 581/577/576 573/569/568
f 581/577/576 582/578/577 574/570/569
f 582/578/577 583/579/578 575/571/570
f 583/579/578 584/580/579 576/572/571
f 584/580/579 585/581/580 577/573/572
f 585/581/580 586/582/581 578/574/573
f 586/582/581 587/584/582 579/575/574
f 588/583/583 580/576/575 579/575/574
f 534/536/530 589/585/584 581/577/576
f 589/585/584 590/586/585 582/578/577
f 590/586/585 591/587/586 583/579/578
f 591/587/586 592/588/587 584/580/579
f 592/588/587 593/589/588 585/581/580
f 593/589/588 594/590/589 586/582/581
f 594/590/589 595/592/590 587/584/582
f 596/591/591 588/583/583 587/584/582
f 540/593/535 597/594/592 589/585/584
f 597/594/592 598/595/593 590/586/585
f 598/595/593 599/597/594 591/587/586
f 600/596/595 592/588/587 591/587/586
f 601/598/596 593/589/588 592/588/587
f 602/599/597 594/590/589 593/589/588
f 603/600/598 595/592/590 594/590/589
f 603/600/598 604/663/599 596/591/591
f 177/176/177 176/175/176 605/601/600
f 178/177/178 177/176/177 606/602/601
f 179/178/179 178/177/178 607/603/602
f 609/605/604 605/601/600 176/175/176
f 181/606/181 610/616/605 609/605/604
f 606/602/601 605/601/600 612/607/607
f 607/603/602 606/602/601 613/608/608
f 608/604/603 607/603/602 614/609/609
f 616/613/611 612/607/607 605/601/600
f 618/614/613 616/613/611 609/605/604
f 619/617/614 617/615/612 618/614/613
f 412/411/410 414/420/412 422/619/420
f 422/619/420 848/858/841 181/606/181
f 848/858/841 856/854/849 620/618/615
f 181/606/181 848/858/841 620/618/615
f 856/854/849 855/853/848 620/618/615
f 620/618/615 618/614/613 610/616/605
f 610/616/605 181/606/181 620/618/615
f 181/606/181 173/174/173 422/619/420
f 422/619/420 173/174/173 175/409/175
f 625/620/620 612/607/607 611/612/606
f 626/622/621 613/608/608 612/607/607
f 627/623/622 614/609/609 613/608/608
f 628/624/623 615/610/610 614/609/609
f 629/625/624 556/551/551 548/552/543
f 630/631/625 624/621/619 611/612/606
f 631/632/626 564/560/559 556/551/551
f 632/633/627 631/632/626 629/625/624
f 617/615/612 634/635/629 630/631/625
f 635/636/630 572/568/567 564/560/559
f 635/636/630 631/632/626 632/633/627
f 636/637/631 632/633/627 633/634/628
f 637/638/632 633/634/628 634/635/629
f 638/639/633 634/635/629 617/615/612
f 639/640/634 621/626/616 548/552/543
f 640/641/635 622/627/617 621/626/616
f 641/642/636 623/629/618 622/627/617
f 642/643/637 624/621/619 623/629/618
f 643/644/638 625/620/620 624/621/619
f 644/645/639 626/622/621 625/620/620
f 645/646/640 627/623/622 626/622/621
f 646/647/641 628/624/623 627/623/622
f 647/648/642 639/640/634 580/576/575
f 648/649/643 640/641/635 639/640/634
f 649/650/644 641/642/636 640/641/635
f 650/651/645 642/643/637 641/642/636
f 651/652/646 643/644/638 642/643/637
f 652/653/647 644/645/639 643/644/638
f 653/654/648 645/646/640 644/645/639
f 654/655/649 646/647/641 645/646/640
f 655/656/650 647/648/642 588/583/583
f 656/657/651 648/649/643 647/648/642
f 657/658/652 649/650/644 648/649/643
f 658/659/653 650/651/645 649/650/644
f 659/660/654 651/652/646 650/651/645
f 659/660/654 660/661/655 652/653/647
f 660/661/655 661/662/656 653/654/648
f 661/662/656 662/671/657 654/655/649
f 604/663/599 663/664/658 655/656/650
f 663/664/658 664/665/659 656/657/651
f 664/665/659 665/666/660 657/658/652
f 665/666/660 666/667/661 658/659/653
f 666/667/661 667/668/662 659/660/654
f 667/668/662 668/669/663 660/661/655
f 668/669/663 669/670/664 661/662/656
f 669/670/664 670/729/665 662/671/657
f 236/234/236 179/178/179 608/604/603
f 237/235/237 236/234/236 671/672/666
f 238/236/238 237/235/237 672/673/667
f 239/237/239 238/236/238 673/674/668
f 240/238/240 239/237/239 674/675/669
f 241/239/241 240/238/240 675/676/670
f 242/240/242 241/239/241 676/677/671
f 678/679/673 243/241/243 242/240/242
f 244/242/244 243/241/243 678/679/673
f 680/681/675 245/243/245 244/242/244
f 681/682/676 246/244/246 245/243/245
f 671/672/666 608/604/603 615/610/610
f 672/673/667 671/672/666 682/683/677
f 673/674/668 672/673/667 683/684/678
f 685/686/680 674/675/669 673/674/668
f 686/687/681 675/676/670 674/675/669
f 676/677/671 675/676/670 686/687/681
f 677/678/672 676/677/671 687/688/682
f 678/679/673 677/678/672 688/689/683
f 679/680/674 678/679/673 689/690/684
f 691/692/686 680/681/675 679/680/674
f 692/693/687 681/682/676 680/681/675
f 693/694/688 682/683/677 615/610/610
f 683/684/678 682/683/677 693/694/688
f 684/685/679 683/684/678 694/695/689
f 696/697/691 685/686/680 684/685/679
f 697/698/692 686/687/681 685/686/680
f 698/699/693 687/688/682 686/687/681
f 699/700/694 688/689/683 687/688/682
f 689/690/684 688/689/683 699/700/694
f 690/691/685 689/690/684 700/701/695
f 691/692/686 690/691/685 701/702/696
f 703/704/698 692/693/687 691/692/686
f 704/705/699 693/694/688 628/624/623
f 705/706/700 694/695/689 693/694/688
f 706/707/701 695/696/690 694/695/689
f 707/708/702 696/697/691 695/696/690
f 708/709/703 697/698/692 696/697/691
f 709/710/704 698/699/693 697/698/692
f 699/700/694 698/699/693 709/710/704
f 700/701/695 699/700/694 710/711/705
f 712/713/707 704/705/699 646/647/641
f 713/714/708 705/706/700 704/705/699
f 714/715/709 706/707/701 705/706/700
f 715/716/710 707/708/702 706/707/701
f 715/716/710 716/717/711 708/709/703
f 716/717/711 717/718/712 709/710/704
f 717/718/712 718/719/713 710/711/705
f 718/719/713 719/720/714 711/712/706
f 701/702/696 700/701/695 711/712/706
f 662/671/657 720/721/715 712/713/707
f 720/721/715 721/723/716 713/714/708
f 722/722/717 714/715/709 713/714/708
f 723/724/718 715/716/710 714/715/709
f 724/725/719 716/717/711 715/716/710
f 724/725/719 725/727/720 717/718/712
f 726/726/721 718/719/713 717/718/712
f 727/728/722 719/720/714 718/719/713
f 727/728/722 702/703/697 701/702/696
f 670/729/665 728/731/723 720/721/715
f 729/730/724 721/723/716 720/721/715
f 730/732/725 722/722/717 721/723/716
f 731/733/726 723/724/718 722/722/717
f 732/734/727 724/725/719 723/724/718
f 733/735/728 725/727/720 724/725/719
f 734/736/729 726/726/721 725/727/720
f 735/737/730 727/728/722 726/726/721
f 735/737/730 703/704/698 702/703/697
f 736/738/247 511/507/247 512/508/509
f 737/739/731 512/508/509 513/509/510
f 738/740/732 513/509/510 514/510/511
f 739/741/733 514/510/511 515/511/512
f 740/742/734 515/511/512 516/512/513
f 742/744/736 736/738/247 737/739/731
f 743/745/737 737/739/731 738/740/732
f 744/746/738 738/740/732 739/741/733
f 745/747/739 739/741/733 740/742/734
f 746/748/740 740/742/734 741/743/735
f 748/750/742 742/744/736 743/745/737
f 749/751/743 743/745/737 744/746/738
f 750/752/744 744/746/738 745/747/739
f 751/753/745 745/747/739 746/748/740
f 753/755/747 752/754/746 746/748/740
f 754/756/748 748/750/742 749/751/743
f 756/758/750 755/757/749 749/751/743
f 757/759/751 756/758/750 750/752/744
f 758/760/752 757/759/751 751/753/745
f 758/760/752 752/754/746 753/755/747
f 736/738/247 760/762/247 535/531/247
f 760/762/247 761/764/754 536/533/531
f 762/763/755 537/532/532 536/533/531
f 763/765/756 538/534/533 537/532/532
f 763/765/756 764/766/757 539/535/534
f 764/766/757 765/772/758 540/593/535
f 742/744/736 766/767/759 760/762/247
f 766/767/759 767/768/760 761/764/754
f 767/768/760 768/769/761 762/763/755
f 768/769/761 769/770/762 763/765/756
f 769/770/762 770/771/763 764/766/757
f 770/771/763 771/824/764 765/772/758
f 748/750/742 772/773/765 766/767/759
f 772/773/765 773/774/766 767/768/760
f 773/774/766 774/775/767 768/769/761
f 774/775/767 775/776/768 769/770/762
f 775/776/768 776/778/769 770/771/763
f 777/777/770 771/824/764 770/771/763
f 778/779/771 772/773/765 748/750/742
f 778/779/771 779/780/772 773/774/766
f 779/780/772 778/779/771 754/756/748
f 780/781/773 774/775/767 773/774/766
f 756/758/750 780/781/773 779/780/772
f 781/782/774 775/776/768 774/775/767
f 757/759/751 781/782/774 780/781/773
f 782/783/775 776/778/769 775/776/768
f 758/760/752 782/783/775 781/782/774
f 783/784/776 777/777/770 776/778/769
f 759/761/753 783/784/776 782/783/775
f 741/743/735 516/512/513 565/561/560
f 784/785/777 565/561/560 566/562/561
f 786/787/779 785/786/778 566/562/561
f 787/788/780 786/787/779 567/563/562
f 788/789/781 787/788/780 568/564/563
f 789/790/782 788/789/781 569/565/564
f 790/791/783 789/790/782 570/566/565
f 791/792/784 790/791/783 571/567/566
f 747/749/741 741/743/735 784/785/777
f 792/793/785 784/785/777 785/786/778
f 794/795/787 793/794/786 785/786/778
f 795/796/788 794/795/787 786/787/779
f 796/797/789 795/796/788 787/788/780
f 797/798/790 796/797/789 788/789/781
f 797/798/790 789/790/782 790/791/783
f 799/800/792 798/799/791 790/791/783
f 800/801/793 753/755/747 747/749/741
f 801/802/794 800/801/793 792/793/785
f 802/803/795 801/802/794 793/794/786
f 803/804/796 802/803/795 794/795/787
f 804/805/797 803/804/796 795/796/788
f 805/806/798 804/805/797 796/797/789
f 806/807/799 805/806/798 797/798/790
f 807/808/800 806/807/799 798/799/791
f 759/761/753 753/755/747 800/801/793
f 808/809/801 800/801/793 801/802/794
f 809/810/802 801/802/794 802/803/795
f 810/811/803 802/803/795 803/804/796
f 811/812/804 803/804/796 804/805/797
f 813/814/806 812/813/805 804/805/797
f 814/815/807 813/814/806 805/806/798
f 815/816/808 814/815/807 806/807/799
f 765/772/758 816/817/809 597/594/592
f 816/817/809 817/819/810 598/595/593
f 818/818/811 599/597/594 598/595/593
f 819/820/812 600/596/595 599/597/594
f 820/821/813 601/598/596 600/596/595
f 821/822/814 602/599/597 601/598/596
f 822/823/815 603/600/598 602/599/597
f 822/823/815 823/887/816 604/663/599
f 771/824/764 824/825/817 816/817/809
f 824/825/817 825/827/818 817/819/810
f 826/826/819 818/818/811 817/819/810
f 826/826/819 827/829/820 819/820/812
f 828/828/821 820/821/813 819/820/812
f 829/830/822 821/822/814 820/821/813
f 829/830/822 830/832/823 822/823/815
f 831/831/824 823/887/816 822/823/815
f 832/833/825 824/825/817 771/824/764
f 833/834/826 825/827/818 824/825/817
f 834/835/827 826/826/819 825/827/818
f 835/836/828 827/829/820 826/826/819
f 836/837/829 828/828/821 827/829/820
f 837/838/830 829/830/822 828/828/821
f 838/839/831 830/832/823 829/830/822
f 839/840/832 831/831/824 830/832/823
f 840/841/833 832/833/825 777/777/770
f 808/809/801 840/841/833 783/784/776
f 841/842/834 833/834/826 832/833/825
f 809/810/802 841/842/834 840/841/833
f 842/843/835 834/835/827 833/834/826
f 810/811/803 842/843/835 841/842/834
f 843/844/836 835/836/828 834/835/827
f 811/812/804 843/844/836 842/843/835
f 844/845/837 836/837/829 835/836/828
f 812/813/805 844/845/837 843/844/836
f 845/846/838 837/838/830 836/837/829
f 813/814/806 845/846/838 844/845/837
f 846/847/839 838/839/831 837/838/830
f 814/815/807 846/847/839 845/846/838
f 847/848/840 839/840/832 838/839/831
f 847/848/840 846/847/839 814/815/807
f 849/849/842 848/858/841 422/619/420
f 424/421/422 850/850/843 849/849/842
f 425/422/423 851/851/844 850/850/843
f 426/424/424 852/852/845 851/851/844
f 427/481/425 853/864/846 852/852/845
f 855/853/848 854/855/847 619/617/614
f 849/849/842 858/856/851 856/854/849
f 860/859/853 859/881/852 857/860/850
f 860/859/853 858/856/851 849/849/842
f 861/861/854 860/859/853 850/850/843
f 862/862/855 861/861/854 851/851/844
f 863/863/856 862/862/855 852/852/845
f 864/865/857 791/792/784 572/568/567
f 864/865/857 635/636/630 636/637/631
f 865/866/858 636/637/631 637/638/632
f 866/867/859 637/638/632 638/639/633
f 854/855/847 867/868/860 638/639/633
f 868/869/861 799/800/792 791/792/784
f 868/869/861 864/865/857 865/866/858
f 869/870/862 865/866/858 866/867/859
f 870/871/863 866/867/859 867/868/860
f 872/873/865 807/808/800 799/800/792
f 872/873/865 868/869/861 869/870/862
f 873/874/866 869/870/862 870/871/863
f 874/875/867 870/871/863 871/872/864
f 857/860/850 875/876/868 871/872/864
f 876/877/869 815/816/808 807/808/800
f 876/877/869 872/873/865 873/874/866
f 877/878/870 873/874/866 874/875/867
f 878/879/871 874/875/867 875/876/868
f 859/881/852 879/880/872 875/876/868
f 880/882/873 879/880/872 859/881/852
f 881/883/874 880/882/873 860/859/853
f 882/884/875 881/883/874 861/861/854
f 883/885/876 882/884/875 862/862/855
f 884/886/877 663/664/658 604/663/599
f 884/886/877 885/888/878 664/665/659
f 885/888/878 886/889/879 665/666/660
f 886/889/879 887/891/880 666/667/661
f 888/890/881 667/668/662 666/667/661
f 889/892/882 668/669/663 667/668/662
f 890/893/883 669/670/664 668/669/663
f 890/893/883 891/951/884 670/729/665
f 892/894/885 884/886/877 823/887/816
f 893/895/886 885/888/878 884/886/877
f 894/896/887 886/889/879 885/888/878
f 895/897/888 887/891/880 886/889/879
f 896/898/889 888/890/881 887/891/880
f 897/899/890 889/892/882 888/890/881
f 898/900/891 890/893/883 889/892/882
f 899/901/892 891/951/884 890/893/883
f 900/902/893 892/894/885 831/831/824
f 901/903/894 893/895/886 892/894/885
f 901/903/894 902/904/895 894/896/887
f 902/904/895 903/905/896 895/897/888
f 903/905/896 904/907/897 896/898/889
f 905/906/898 897/899/890 896/898/889
f 906/908/899 898/900/891 897/899/890
f 906/908/899 907/916/900 899/901/892
f 908/909/901 900/902/893 839/840/832
f 908/909/901 847/848/840 815/816/808
f 908/909/901 909/910/902 901/903/894
f 909/910/902 908/909/901 876/877/869
f 909/910/902 910/911/903 902/904/895
f 910/911/903 909/910/902 877/878/870
f 910/911/903 911/912/904 903/905/896
f 911/912/904 910/911/903 878/879/871
f 911/912/904 912/913/905 904/907/897
f 912/913/905 911/912/904 879/880/872
f 912/913/905 913/914/906 905/906/898
f 913/914/906 912/913/905 880/882/873
f 913/914/906 914/915/907 906/908/899
f 914/915/907 913/914/906 881/883/874
f 914/915/907 915/917/908 907/916/900
f 915/917/908 914/915/907 882/884/875
f 916/918/909 482/478/480 246/244/246
f 483/479/481 482/478/480 916/918/909
f 918/920/911 484/480/482 483/479/481
f 485/482/483 919/932/912 853/864/846
f 920/921/913 919/932/912 485/482/483
f 921/922/914 920/921/913 486/483/484
f 922/923/915 921/922/914 487/484/485
f 489/487/487 923/937/916 922/923/915
f 924/924/917 923/937/916 489/487/487
f 925/926/918 924/924/917 490/925/488
f 926/927/919 925/926/918 491/488/489
f 926/927/919 492/489/490 484/480/482
f 927/928/920 916/918/909 681/682/676
f 917/919/910 916/918/909 927/928/920
f 929/930/921 918/920/911 917/919/910
f 930/931/922 863/863/856 853/864/846
f 931/933/923 930/931/922 919/932/912
f 932/934/924 931/933/923 920/921/913
f 933/935/925 932/934/924 921/922/914
f 934/936/926 933/935/925 922/923/915
f 935/938/927 934/936/926 923/937/916
f 936/939/928 935/938/927 924/924/917
f 926/927/919 937/940/929 936/939/928
f 937/940/929 926/927/919 918/920/911
f 938/941/930 927/928/920 692/693/687
f 928/929/469 927/928/920 938/941/930
f 929/930/921 928/929/469 939/942/931
f 941/944/933 883/885/876 863/863/856
f 942/945/934 941/944/933 930/931/922
f 943/946/935 942/945/934 931/933/923
f 944/947/936 943/946/935 932/934/924
f 945/948/937 944/947/936 933/935/925
f 935/938/927 946/949/938 945/948/937
f 936/939/928 947/983/939 946/949/938
f 948/950/940 947/983/939 936/939/928
f 937/940/929 929/930/921 940/943/932
f 891/951/884 949/953/941 728/731/723
f 950/952/942 729/730/724 728/731/723
f 951/954/943 730/732/725 729/730/724
f 952/955/944 731/733/726 730/732/725
f 953/956/945 732/734/727 731/733/726
f 954/957/946 733/735/728 732/734/727
f 955/958/947 734/736/729 733/735/728
f 956/959/948 735/737/730 734/736/729
f 956/959/948 938/941/930 703/704/698
f 957/960/949 949/953/941 891/951/884
f 958/961/950 950/952/942 949/953/941
f 959/962/951 951/954/943 950/952/942
f 960/963/952 952/955/944 951/954/943
f 961/964/953 953/956/945 952/955/944
f 962/965/954 954/957/946 953/956/945
f 963/966/955 955/958/947 954/957/946
f 964/967/956 956/959/948 955/958/947
f 939/942/931 938/941/930 956/959/948
f 907/916/900 965/969/957 957/960/949
f 966/968/958 958/961/950 957/960/949
f 967/970/959 959/962/951 958/961/950
f 968/971/960 960/963/952 959/962/951
f 969/972/961 961/964/953 960/963/952
f 970/973/962 962/965/954 961/964/953
f 971/974/963 963/966/955 962/965/954
f 972/975/964 964/967/956 963/966/955
f 940/943/932 939/942/931 964/967/956
f 915/917/908 973/976/965 965/969/957
f 973/976/965 915/917/908 883/885/876
f 973/976/965 974/977/966 966/968/958
f 974/977/966 973/976/965 941/944/933
f 974/977/966 975/978/967 967/970/959
f 943/946/935 975/978/967 974/977/966
f 975/978/967 976/979/968 968/971/960
f 976/979/968 975/978/967 943/946/935
f 977/980/969 969/972/961 968/971/960
f 977/980/969 976/979/968 944/947/936
f 978/981/970 970/973/962 969/972/961
f 978/981/970 977/980/969 945/948/937
f 979/982/971 971/974/963 970/973/962
f 947/983/939 979/982/971 978/981/970
f 980/984/972 972/975/964 971/974/963
f 948/950/940 980/984/972 979/982/971
f 980/984/972 948/950/940 940/943/932
