# Blender 5.0.0
# www.blender.org
mtllib boss-arena-B.mtl
o arena-B
v 0.000000 -0.020313 -7.130000
v 0.298573 -0.020313 -7.123745
v 0.596623 -0.020313 -7.104994
v 0.893626 -0.020313 -7.073778
v 1.189061 -0.020313 -7.030151
v 1.482410 -0.020313 -6.974192
v 1.773159 -0.020313 -6.905998
v 2.060797 -0.020313 -6.825688
v 2.344819 -0.020313 -6.733403
v 2.624728 -0.020313 -6.629306
v 2.900032 -0.020313 -6.513578
v 3.170249 -0.020313 -6.386425
v 3.434904 -0.020313 -6.248066
v 3.693532 -0.020313 -6.098747
v 3.945682 -0.020313 -5.938728
v 4.190908 -0.020313 -5.768291
v 4.428784 -0.020313 -5.587734
v 4.658889 -0.020313 -5.397374
v 4.880821 -0.020313 -5.197546
v 5.094190 -0.020313 -4.988600
v 5.298622 -0.020313 -4.770901
v 5.493759 -0.020313 -4.544833
v 5.679258 -0.020313 -4.310791
v 5.854793 -0.020313 -4.069188
v 6.020058 -0.020313 -3.820445
v 6.174761 -0.020313 -3.565000
v 6.318631 -0.020313 -3.303301
v 6.451416 -0.020313 -3.035806
v 6.572884 -0.020313 -2.762986
v 6.682820 -0.020313 -2.485319
v 6.781033 -0.020313 -2.203291
v 6.867349 -0.020313 -1.917398
v 6.941617 -0.020313 -1.628142
v 7.003707 -0.020313 -1.336029
v 7.053512 -0.020313 -1.041572
v 7.090941 -0.020313 -0.745288
v 7.115930 -0.020313 -0.447696
v 7.128436 -0.020313 -0.149319
v 7.128436 -0.020313 0.149319
v 7.115930 -0.020313 0.447696
v 7.090941 -0.020313 0.745288
v 7.053512 -0.020313 1.041572
v 7.003707 -0.020313 1.336029
v 6.941617 -0.020313 1.628142
v 6.867349 -0.020313 1.917398
v 6.781033 -0.020313 2.203291
v 6.682820 -0.020313 2.485319
v 6.572884 -0.020313 2.762986
v 6.451416 -0.020313 3.035806
v 6.318631 -0.020313 3.303301
v 6.174761 -0.020313 3.565000
v 6.020058 -0.020313 3.820445
v 5.854793 -0.020313 4.069188
v 5.679258 -0.020313 4.310791
v 5.493759 -0.020313 4.544833
v 5.298622 -0.020313 4.770901
v 5.094190 -0.020313 4.988600
v 4.880821 -0.020313 5.197546
v 4.658889 -0.020313 5.397374
v 4.428784 -0.020313 5.587734
v 4.190908 -0.020313 5.768291
v 3.945682 -0.020313 5.938728
v 3.693532 -0.020313 6.098747
v 3.434904 -0.020313 6.248066
v 3.170249 -0.020313 6.386425
v 2.900032 -0.020313 6.513578
v 2.624728 -0.020313 6.629306
v 2.344819 -0.020313 6.733403
v 2.060797 -0.020313 6.825688
v 1.773159 -0.020313 6.905998
v 1.482410 -0.020313 6.974192
v 1.189061 -0.020313 7.030151
v 0.893626 -0.020313 7.073778
v 0.596623 -0.020313 7.104994
v 0.298573 -0.020313 7.123745
v 0.000000 -0.020313 7.130000
v -0.298573 -0.020313 7.123745
v -0.596623 -0.020313 7.104994
v -0.893626 -0.020313 7.073778
v -1.189061 -0.020313 7.030151
v -1.482410 -0.020313 6.974192
v -1.773159 -0.020313 6.905998
v -2.060797 -0.020313 6.825688
v -2.344819 -0.020313 6.733403
v -2.624728 -0.020313 6.629306
v -2.900032 -0.020313 6.513578
v -3.170249 -0.020313 6.386425
v -3.434904 -0.020313 6.248066
v -3.693532 -0.020313 6.098747
v -3.945682 -0.020313 5.938728
v -4.190908 -0.020313 5.768291
v -4.428784 -0.020313 5.587734
v -4.658889 -0.020313 5.397374
v -4.880821 -0.020313 5.197546
v -5.094190 -0.020313 4.988600
v -5.298622 -0.020313 4.770901
v -5.493759 -0.020313 4.544833
v -5.679258 -0.020313 4.310791
v -5.854793 -0.020313 4.069188
v -6.020058 -0.020313 3.820445
v -6.174761 -0.020313 3.565000
v -6.318631 -0.020313 3.303301
v -6.451416 -0.020313 3.035806
v -6.572884 -0.020313 2.762986
v -6.682820 -0.020313 2.485319
v -6.781033 -0.020313 2.203291
v -6.867349 -0.020313 1.917398
v -6.941617 -0.020313 1.628142
v -7.003707 -0.020313 1.336029
v -7.053512 -0.020313 1.041572
v -7.090941 -0.020313 0.745288
v -7.115930 -0.020313 0.447696
v -7.128436 -0.020313 0.149319
v -7.128436 -0.020313 -0.149319
v -7.115930 -0.020313 -0.447696
v -7.090941 -0.020313 -0.745288
v -7.053512 -0.020313 -1.041572
v -7.003707 -0.020313 -1.336029
v -6.941617 -0.020313 -1.628142
v -6.867349 -0.020313 -1.917398
v -6.781033 -0.020313 -2.203291
v -6.682820 -0.020313 -2.485319
v -6.572884 -0.020313 -2.762986
v -6.451416 -0.020313 -3.035806
v -6.318631 -0.020313 -3.303301
v -6.174761 -0.020313 -3.565000
v -6.020058 -0.020313 -3.820445
v -5.854793 -0.020313 -4.069188
v -5.679258 -0.020313 -4.310791
v -5.493759 -0.020313 -4.544833
v -5.298622 -0.020313 -4.770901
v -5.094190 -0.020313 -4.988600
v -4.880821 -0.020313 -5.197546
v -4.658889 -0.020313 -5.397374
v -4.428784 -0.020313 -5.587734
v -4.190908 -0.020313 -5.768291
v -3.945682 -0.020313 -5.938728
v -3.693532 -0.020313 -6.098747
v -3.434904 -0.020313 -6.248066
v -3.170249 -0.020313 -6.386425
v -2.900032 -0.020313 -6.513578
v -2.624728 -0.020313 -6.629306
v -2.344819 -0.020313 -6.733403
v -2.060797 -0.020313 -6.825688
v -1.773159 -0.020313 -6.905998
v -1.482410 -0.020313 -6.974192
v -1.189061 -0.020313 -7.030151
v -0.893626 -0.020313 -7.073778
v -0.596623 -0.020313 -7.104994
v -0.298573 -0.020313 -7.123745
v 0.000000 0.104828 -7.007961
v 0.293463 0.104828 -7.001814
v 0.586411 0.104828 -6.983383
v 0.878330 0.104828 -6.952701
v 1.168709 0.104828 -6.909822
v 1.457037 0.104828 -6.854820
v 1.742809 0.104828 -6.787793
v 2.025524 0.104828 -6.708858
v 2.304685 0.104828 -6.618153
v 2.579803 0.104828 -6.515837
v 2.850395 0.104828 -6.402091
v 3.115986 0.104828 -6.277113
v 3.376111 0.104828 -6.141123
v 3.630313 0.104828 -5.994359
v 3.878147 0.104828 -5.837079
v 4.119176 0.104828 -5.669559
v 4.352980 0.104828 -5.492093
v 4.579146 0.104828 -5.304991
v 4.797279 0.104828 -5.108583
v 5.006996 0.104828 -4.903214
v 5.207930 0.104828 -4.689241
v 5.399727 0.104828 -4.467043
v 5.582050 0.104828 -4.237007
v 5.754581 0.104828 -3.999538
v 5.917017 0.104828 -3.755054
v 6.069072 0.104828 -3.503980
v 6.210480 0.104828 -3.246761
v 6.340992 0.104828 -2.983845
v 6.460381 0.104828 -2.715694
v 6.568435 0.104828 -2.442779
v 6.664967 0.104828 -2.165579
v 6.749805 0.104828 -1.884580
v 6.822803 0.104828 -1.600274
v 6.883830 0.104828 -1.313161
v 6.932782 0.104828 -1.023744
v 6.969571 0.104828 -0.732531
v 6.994132 0.104828 -0.440034
v 7.006423 0.104828 -0.146764
v 7.006423 0.104828 0.146764
v 6.994132 0.104828 0.440034
v 6.969571 0.104828 0.732531
v 6.932782 0.104828 1.023744
v 6.883830 0.104828 1.313161
v 6.822803 0.104828 1.600274
v 6.749805 0.104828 1.884580
v 6.664967 0.104828 2.165579
v 6.568435 0.104828 2.442779
v 6.460381 0.104828 2.715694
v 6.340992 0.104828 2.983845
v 6.210480 0.104828 3.246761
v 6.069072 0.104828 3.503980
v 5.917017 0.104828 3.755054
v 5.754581 0.104828 3.999538
v 5.582050 0.104828 4.237007
v 5.399727 0.104828 4.467043
v 5.207930 0.104828 4.689241
v 5.006996 0.104828 4.903214
v 4.797279 0.104828 5.108583
v 4.579146 0.104828 5.304991
v 4.352980 0.104828 5.492093
v 4.119176 0.104828 5.669559
v 3.878147 0.104828 5.837079
v 3.630313 0.104828 5.994359
v 3.376111 0.104828 6.141123
v 3.115986 0.104828 6.277113
v 2.850395 0.104828 6.402091
v 2.579803 0.104828 6.515837
v 2.304685 0.104828 6.618153
v 2.025524 0.104828 6.708858
v 1.742809 0.104828 6.787793
v 1.457037 0.104828 6.854820
v 1.168709 0.104828 6.909822
v 0.878330 0.104828 6.952701
v 0.586411 0.104828 6.983383
v 0.293463 0.104828 7.001814
v 0.000000 0.104828 7.007961
v -0.293463 0.104828 7.001814
v -0.586411 0.104828 6.983383
v -0.878330 0.104828 6.952701
v -1.168709 0.104828 6.909822
v -1.457037 0.104828 6.854820
v -1.742809 0.104828 6.787793
v -2.025524 0.104828 6.708858
v -2.304685 0.104828 6.618153
v -2.579803 0.104828 6.515837
v -2.850395 0.104828 6.402091
v -3.115986 0.104828 6.277113
v -3.376111 0.104828 6.141123
v -3.630313 0.104828 5.994359
v -3.878147 0.104828 5.837079
v -4.119176 0.104828 5.669559
v -4.352980 0.104828 5.492093
v -4.579146 0.104828 5.304991
v -4.797279 0.104828 5.108583
v -5.006996 0.104828 4.903214
v -5.207930 0.104828 4.689241
v -5.399727 0.104828 4.467043
v -5.582050 0.104828 4.237007
v -5.754581 0.104828 3.999538
v -5.917017 0.104828 3.755054
v -6.069072 0.104828 3.503980
v -6.210480 0.104828 3.246761
v -6.340992 0.104828 2.983845
v -6.460381 0.104828 2.715694
v -6.568435 0.104828 2.442779
v -6.664967 0.104828 2.165579
v -6.749805 0.104828 1.884580
v -6.822803 0.104828 1.600274
v -6.883830 0.104828 1.313161
v -6.932782 0.104828 1.023744
v -6.969571 0.104828 0.732531
v -6.994132 0.104828 0.440034
v -7.006423 0.104828 0.146764
v -7.006423 0.104828 -0.146764
v -6.994132 0.104828 -0.440034
v -6.969571 0.104828 -0.732531
v -6.932782 0.104828 -1.023744
v -6.883830 0.104828 -1.313161
v -6.822803 0.104828 -1.600274
v -6.749805 0.104828 -1.884580
v -6.664967 0.104828 -2.165579
v -6.568435 0.104828 -2.442779
v -6.460381 0.104828 -2.715694
v -6.340992 0.104828 -2.983845
v -6.210480 0.104828 -3.246761
v -6.069072 0.104828 -3.503980
v -5.917017 0.104828 -3.755054
v -5.754581 0.104828 -3.999538
v -5.582050 0.104828 -4.237007
v -5.399727 0.104828 -4.467043
v -5.207930 0.104828 -4.689241
v -5.006996 0.104828 -4.903214
v -4.797279 0.104828 -5.108583
v -4.579146 0.104828 -5.304991
v -4.352980 0.104828 -5.492093
v -4.119176 0.104828 -5.669559
v -3.878147 0.104828 -5.837079
v -3.630313 0.104828 -5.994359
v -3.376111 0.104828 -6.141123
v -3.115986 0.104828 -6.277113
v -2.850395 0.104828 -6.402091
v -2.579803 0.104828 -6.515837
v -2.304685 0.104828 -6.618153
v -2.025524 0.104828 -6.708858
v -1.742809 0.104828 -6.787793
v -1.457037 0.104828 -6.854820
v -1.168709 0.104828 -6.909822
v -0.878330 0.104828 -6.952701
v -0.586411 0.104828 -6.983383
v -0.293463 0.104828 -7.001814
v 0.000000 0.104828 -7.130000
v 0.298573 0.104828 -7.123745
v 0.596623 0.104828 -7.104994
v 0.893626 0.104828 -7.073778
v 1.189061 0.104828 -7.030151
v 1.482410 0.104828 -6.974192
v 1.773159 0.104828 -6.905998
v 2.060797 0.104828 -6.825688
v 2.344819 0.104828 -6.733403
v 2.624728 0.104828 -6.629306
v 2.900032 0.104828 -6.513578
v 3.170249 0.104828 -6.386425
v 3.434904 0.104828 -6.248066
v 3.693532 0.104828 -6.098747
v 3.945682 0.104828 -5.938728
v 4.190908 0.104828 -5.768291
v 4.428784 0.104828 -5.587734
v 4.658889 0.104828 -5.397374
v 4.880821 0.104828 -5.197546
v 5.094190 0.104828 -4.988600
v 5.298622 0.104828 -4.770901
v 5.493759 0.104828 -4.544833
v 5.679258 0.104828 -4.310791
v 5.854793 0.104828 -4.069188
v 6.020058 0.104828 -3.820445
v 6.174761 0.104828 -3.565000
v 6.318631 0.104828 -3.303301
v 6.451416 0.104828 -3.035806
v 6.572884 0.104828 -2.762986
v 6.682820 0.104828 -2.485319
v 6.781033 0.104828 -2.203291
v 6.867349 0.104828 -1.917398
v 6.941617 0.104828 -1.628142
v 7.003707 0.104828 -1.336029
v 7.053512 0.104828 -1.041572
v 7.090941 0.104828 -0.745288
v 7.115930 0.104828 -0.447696
v 7.128436 0.104828 -0.149319
v 7.128436 0.104828 0.149319
v 7.115930 0.104828 0.447696
v 7.090941 0.104828 0.745288
v 7.053512 0.104828 1.041572
v 7.003707 0.104828 1.336029
v 6.941617 0.104828 1.628142
v 6.867349 0.104828 1.917398
v 6.781033 0.104828 2.203291
v 6.682820 0.104828 2.485319
v 6.572884 0.104828 2.762986
v 6.451416 0.104828 3.035806
v 6.318631 0.104828 3.303301
v 6.174761 0.104828 3.565000
v 6.020058 0.104828 3.820445
v 5.854793 0.104828 4.069188
v 5.679258 0.104828 4.310791
v 5.493759 0.104828 4.544833
v 5.298622 0.104828 4.770901
v 5.094190 0.104828 4.988600
v 4.880821 0.104828 5.197546
v 4.658889 0.104828 5.397374
v 4.428784 0.104828 5.587734
v 4.190908 0.104828 5.768291
v 3.945682 0.104828 5.938728
v 3.693532 0.104828 6.098747
v 3.434904 0.104828 6.248066
v 3.170249 0.104828 6.386425
v 2.900032 0.104828 6.513578
v 2.624728 0.104828 6.629306
v 2.344819 0.104828 6.733403
v 2.060797 0.104828 6.825688
v 1.773159 0.104828 6.905998
v 1.482410 0.104828 6.974192
v 1.189061 0.104828 7.030151
v 0.893626 0.104828 7.073778
v 0.596623 0.104828 7.104994
v 0.298573 0.104828 7.123745
v 0.000000 0.104828 7.130000
v -0.298573 0.104828 7.123745
v -0.596623 0.104828 7.104994
v -0.893626 0.104828 7.073778
v -1.189061 0.104828 7.030151
v -1.482410 0.104828 6.974192
v -1.773159 0.104828 6.905998
v -2.060797 0.104828 6.825688
v -2.344819 0.104828 6.733403
v -2.624728 0.104828 6.629306
v -2.900032 0.104828 6.513578
v -3.170249 0.104828 6.386425
v -3.434904 0.104828 6.248066
v -3.693532 0.104828 6.098747
v -3.945682 0.104828 5.938728
v -4.190908 0.104828 5.768291
v -4.428784 0.104828 5.587734
v -4.658889 0.104828 5.397374
v -4.880821 0.104828 5.197546
v -5.094190 0.104828 4.988600
v -5.298622 0.104828 4.770901
v -5.493759 0.104828 4.544833
v -5.679258 0.104828 4.310791
v -5.854793 0.104828 4.069188
v -6.020058 0.104828 3.820445
v -6.174761 0.104828 3.565000
v -6.318631 0.104828 3.303301
v -6.451416 0.104828 3.035806
v -6.572884 0.104828 2.762986
v -6.682820 0.104828 2.485319
v -6.781033 0.104828 2.203291
v -6.867349 0.104828 1.917398
v -6.941617 0.104828 1.628142
v -7.003707 0.104828 1.336029
v -7.053512 0.104828 1.041572
v -7.090941 0.104828 0.745288
v -7.115930 0.104828 0.447696
v -7.128436 0.104828 0.149319
v -7.128436 0.104828 -0.149319
v -7.115930 0.104828 -0.447696
v -7.090941 0.104828 -0.745288
v -7.053512 0.104828 -1.041572
v -7.003707 0.104828 -1.336029
v -6.941617 0.104828 -1.628142
v -6.867349 0.104828 -1.917398
v -6.781033 0.104828 -2.203291
v -6.682820 0.104828 -2.485319
v -6.572884 0.104828 -2.762986
v -6.451416 0.104828 -3.035806
v -6.318631 0.104828 -3.303301
v -6.174761 0.104828 -3.565000
v -6.020058 0.104828 -3.820445
v -5.854793 0.104828 -4.069188
v -5.679258 0.104828 -4.310791
v -5.493759 0.104828 -4.544833
v -5.298622 0.104828 -4.770901
v -5.094190 0.104828 -4.988600
v -4.880821 0.104828 -5.197546
v -4.658889 0.104828 -5.397374
v -4.428784 0.104828 -5.587734
v -4.190908 0.104828 -5.768291
v -3.945682 0.104828 -5.938728
v -3.693532 0.104828 -6.098747
v -3.434904 0.104828 -6.248066
v -3.170249 0.104828 -6.386425
v -2.900032 0.104828 -6.513578
v -2.624728 0.104828 -6.629306
v -2.344819 0.104828 -6.733403
v -2.060797 0.104828 -6.825688
v -1.773159 0.104828 -6.905998
v -1.482410 0.104828 -6.974192
v -1.189061 0.104828 -7.030151
v -0.893626 0.104828 -7.073778
v -0.596623 0.104828 -7.104994
v -0.298573 0.104828 -7.123745
v 0.000000 0.229969 -6.885922
v 0.288353 0.229969 -6.879882
v 0.576199 0.229969 -6.861773
v 0.863035 0.229969 -6.831625
v 1.148357 0.229969 -6.789492
v 1.431664 0.229969 -6.735448
v 1.712459 0.229969 -6.669589
v 1.990250 0.229969 -6.592028
v 2.264550 0.229969 -6.502902
v 2.534877 0.229969 -6.402369
v 2.800757 0.229969 -6.290603
v 3.061723 0.229969 -6.167801
v 3.317319 0.229969 -6.034180
v 3.567094 0.229969 -5.889971
v 3.810611 0.229969 -5.735430
v 4.047443 0.229969 -5.570828
v 4.277175 0.229969 -5.396451
v 4.499404 0.229969 -5.212608
v 4.713738 0.229969 -5.019621
v 4.919803 0.229969 -4.817827
v 5.117237 0.229969 -4.607582
v 5.305695 0.229969 -4.389253
v 5.484843 0.229969 -4.163223
v 5.654369 0.229969 -3.929889
v 5.813976 0.229969 -3.689662
v 5.963384 0.229969 -3.442961
v 6.102329 0.229969 -3.190221
v 6.230568 0.229969 -2.931883
v 6.347878 0.229969 -2.668402
v 6.454051 0.229969 -2.400240
v 6.548901 0.229969 -2.127867
v 6.632262 0.229969 -1.851761
v 6.703989 0.229969 -1.572406
v 6.763953 0.229969 -1.290293
v 6.812053 0.229969 -1.005916
v 6.848200 0.229969 -0.719775
v 6.872334 0.229969 -0.432371
v 6.884411 0.229969 -0.144208
v 6.884411 0.229969 0.144208
v 6.872334 0.229969 0.432371
v 6.848200 0.229969 0.719775
v 6.812053 0.229969 1.005916
v 6.763953 0.229969 1.290293
v 6.703989 0.229969 1.572406
v 6.632262 0.229969 1.851761
v 6.548901 0.229969 2.127867
v 6.454051 0.229969 2.400240
v 6.347878 0.229969 2.668402
v 6.230568 0.229969 2.931883
v 6.102329 0.229969 3.190221
v 5.963384 0.229969 3.442961
v 5.813976 0.229969 3.689662
v 5.654369 0.229969 3.929889
v 5.484843 0.229969 4.163223
v 5.305695 0.229969 4.389253
v 5.117237 0.229969 4.607582
v 4.919803 0.229969 4.817827
v 4.713738 0.229969 5.019621
v 4.499404 0.229969 5.212608
v 4.277175 0.229969 5.396451
v 4.047443 0.229969 5.570828
v 3.810611 0.229969 5.735430
v 3.567094 0.229969 5.889971
v 3.317319 0.229969 6.034180
v 3.061723 0.229969 6.167801
v 2.800757 0.229969 6.290603
v 2.534877 0.229969 6.402369
v 2.264550 0.229969 6.502902
v 1.990250 0.229969 6.592028
v 1.712459 0.229969 6.669589
v 1.431664 0.229969 6.735448
v 1.148357 0.229969 6.789492
v 0.863035 0.229969 6.831625
v 0.576199 0.229969 6.861773
v 0.288353 0.229969 6.879882
v 0.000000 0.229969 6.885922
v -0.288353 0.229969 6.879882
v -0.576199 0.229969 6.861773
v -0.863035 0.229969 6.831625
v -1.148357 0.229969 6.789492
v -1.431664 0.229969 6.735448
v -1.712459 0.229969 6.669589
v -1.990250 0.229969 6.592028
v -2.264550 0.229969 6.502902
v -2.534877 0.229969 6.402369
v -2.800757 0.229969 6.290603
v -3.061723 0.229969 6.167801
v -3.317319 0.229969 6.034180
v -3.567094 0.229969 5.889971
v -3.810611 0.229969 5.735430
v -4.047443 0.229969 5.570828
v -4.277175 0.229969 5.396451
v -4.499404 0.229969 5.212608
v -4.713738 0.229969 5.019621
v -4.919803 0.229969 4.817827
v -5.117237 0.229969 4.607582
v -5.305695 0.229969 4.389253
v -5.484843 0.229969 4.163223
v -5.654369 0.229969 3.929889
v -5.813976 0.229969 3.689662
v -5.963384 0.229969 3.442961
v -6.102329 0.229969 3.190221
v -6.230568 0.229969 2.931883
v -6.347878 0.229969 2.668402
v -6.454051 0.229969 2.400240
v -6.548901 0.229969 2.127867
v -6.632262 0.229969 1.851761
v -6.703989 0.229969 1.572406
v -6.763953 0.229969 1.290293
v -6.812053 0.229969 1.005916
v -6.848200 0.229969 0.719775
v -6.872334 0.229969 0.432371
v -6.884411 0.229969 0.144208
v -6.884411 0.229969 -0.144208
v -6.872334 0.229969 -0.432371
v -6.848200 0.229969 -0.719775
v -6.812053 0.229969 -1.005916
v -6.763953 0.229969 -1.290293
v -6.703989 0.229969 -1.572406
v -6.632262 0.229969 -1.851761
v -6.548901 0.229969 -2.127867
v -6.454051 0.229969 -2.400240
v -6.347878 0.229969 -2.668402
v -6.230568 0.229969 -2.931883
v -6.102329 0.229969 -3.190221
v -5.963384 0.229969 -3.442961
v -5.813976 0.229969 -3.689662
v -5.654369 0.229969 -3.929889
v -5.484843 0.229969 -4.163223
v -5.305695 0.229969 -4.389253
v -5.117237 0.229969 -4.607582
v -4.919803 0.229969 -4.817827
v -4.713738 0.229969 -5.019621
v -4.499404 0.229969 -5.212608
v -4.277175 0.229969 -5.396451
v -4.047443 0.229969 -5.570828
v -3.810611 0.229969 -5.735430
v -3.567094 0.229969 -5.889971
v -3.317319 0.229969 -6.034180
v -3.061723 0.229969 -6.167801
v -2.800757 0.229969 -6.290603
v -2.534877 0.229969 -6.402369
v -2.264550 0.229969 -6.502902
v -1.990250 0.229969 -6.592028
v -1.712459 0.229969 -6.669589
v -1.431664 0.229969 -6.735448
v -1.148357 0.229969 -6.789492
v -0.863035 0.229969 -6.831625
v -0.576199 0.229969 -6.861773
v -0.288353 0.229969 -6.879882
v 0.000000 0.229969 -7.007961
v 0.293463 0.229969 -7.001814
v 0.586411 0.229969 -6.983383
v 0.878330 0.229969 -6.952701
v 1.168709 0.229969 -6.909822
v 1.457037 0.229969 -6.854820
v 1.742809 0.229969 -6.787793
v 2.025524 0.229969 -6.708858
v 2.304685 0.229969 -6.618153
v 2.579803 0.229969 -6.515837
v 2.850395 0.229969 -6.402091
v 3.115986 0.229969 -6.277113
v 3.376111 0.229969 -6.141123
v 3.630313 0.229969 -5.994359
v 3.878147 0.229969 -5.837079
v 4.119176 0.229969 -5.669559
v 4.352980 0.229969 -5.492093
v 4.579146 0.229969 -5.304991
v 4.797279 0.229969 -5.108583
v 5.006996 0.229969 -4.903214
v 5.207930 0.229969 -4.689241
v 5.399727 0.229969 -4.467043
v 5.582050 0.229969 -4.237007
v 5.754581 0.229969 -3.999538
v 5.917017 0.229969 -3.755054
v 6.069072 0.229969 -3.503980
v 6.210480 0.229969 -3.246761
v 6.340992 0.229969 -2.983845
v 6.460381 0.229969 -2.715694
v 6.568435 0.229969 -2.442779
v 6.664967 0.229969 -2.165579
v 6.749805 0.229969 -1.884580
v 6.822803 0.229969 -1.600274
v 6.883830 0.229969 -1.313161
v 6.932782 0.229969 -1.023744
v 6.969571 0.229969 -0.732531
v 6.994132 0.229969 -0.440034
v 7.006423 0.229969 -0.146764
v 7.006423 0.229969 0.146764
v 6.994132 0.229969 0.440034
v 6.969571 0.229969 0.732531
v 6.932782 0.229969 1.023744
v 6.883830 0.229969 1.313161
v 6.822803 0.229969 1.600274
v 6.749805 0.229969 1.884580
v 6.664967 0.229969 2.165579
v 6.568435 0.229969 2.442779
v 6.460381 0.229969 2.715694
v 6.340992 0.229969 2.983845
v 6.210480 0.229969 3.246761
v 6.069072 0.229969 3.503980
v 5.917017 0.229969 3.755054
v 5.754581 0.229969 3.999538
v 5.582050 0.229969 4.237007
v 5.399727 0.229969 4.467043
v 5.207930 0.229969 4.689241
v 5.006996 0.229969 4.903214
v 4.797279 0.229969 5.108583
v 4.579146 0.229969 5.304991
v 4.352980 0.229969 5.492093
v 4.119176 0.229969 5.669559
v 3.878147 0.229969 5.837079
v 3.630313 0.229969 5.994359
v 3.376111 0.229969 6.141123
v 3.115986 0.229969 6.277113
v 2.850395 0.229969 6.402091
v 2.579803 0.229969 6.515837
v 2.304685 0.229969 6.618153
v 2.025524 0.229969 6.708858
v 1.742809 0.229969 6.787793
v 1.457037 0.229969 6.854820
v 1.168709 0.229969 6.909822
v 0.878330 0.229969 6.952701
v 0.586411 0.229969 6.983383
v 0.293463 0.229969 7.001814
v 0.000000 0.229969 7.007961
v -0.293463 0.229969 7.001814
v -0.586411 0.229969 6.983383
v -0.878330 0.229969 6.952701
v -1.168709 0.229969 6.909822
v -1.457037 0.229969 6.854820
v -1.742809 0.229969 6.787793
v -2.025524 0.229969 6.708858
v -2.304685 0.229969 6.618153
v -2.579803 0.229969 6.515837
v -2.850395 0.229969 6.402091
v -3.115986 0.229969 6.277113
v -3.376111 0.229969 6.141123
v -3.630313 0.229969 5.994359
v -3.878147 0.229969 5.837079
v -4.119176 0.229969 5.669559
v -4.352980 0.229969 5.492093
v -4.579146 0.229969 5.304991
v -4.797279 0.229969 5.108583
v -5.006996 0.229969 4.903214
v -5.207930 0.229969 4.689241
v -5.399727 0.229969 4.467043
v -5.582050 0.229969 4.237007
v -5.754581 0.229969 3.999538
v -5.917017 0.229969 3.755054
v -6.069072 0.229969 3.503980
v -6.210480 0.229969 3.246761
v -6.340992 0.229969 2.983845
v -6.460381 0.229969 2.715694
v -6.568435 0.229969 2.442779
v -6.664967 0.229969 2.165579
v -6.749805 0.229969 1.884580
v -6.822803 0.229969 1.600274
v -6.883830 0.229969 1.313161
v -6.932782 0.229969 1.023744
v -6.969571 0.229969 0.732531
v -6.994132 0.229969 0.440034
v -7.006423 0.229969 0.146764
v -7.006423 0.229969 -0.146764
v -6.994132 0.229969 -0.440034
v -6.969571 0.229969 -0.732531
v -6.932782 0.229969 -1.023744
v -6.883830 0.229969 -1.313161
v -6.822803 0.229969 -1.600274
v -6.749805 0.229969 -1.884580
v -6.664967 0.229969 -2.165579
v -6.568435 0.229969 -2.442779
v -6.460381 0.229969 -2.715694
v -6.340992 0.229969 -2.983845
v -6.210480 0.229969 -3.246761
v -6.069072 0.229969 -3.503980
v -5.917017 0.229969 -3.755054
v -5.754581 0.229969 -3.999538
v -5.582050 0.229969 -4.237007
v -5.399727 0.229969 -4.467043
v -5.207930 0.229969 -4.689241
v -5.006996 0.229969 -4.903214
v -4.797279 0.229969 -5.108583
v -4.579146 0.229969 -5.304991
v -4.352980 0.229969 -5.492093
v -4.119176 0.229969 -5.669559
v -3.878147 0.229969 -5.837079
v -3.630313 0.229969 -5.994359
v -3.376111 0.229969 -6.141123
v -3.115986 0.229969 -6.277113
v -2.850395 0.229969 -6.402091
v -2.579803 0.229969 -6.515837
v -2.304685 0.229969 -6.618153
v -2.025524 0.229969 -6.708858
v -1.742809 0.229969 -6.787793
v -1.457037 0.229969 -6.854820
v -1.168709 0.229969 -6.909822
v -0.878330 0.229969 -6.952701
v -0.586411 0.229969 -6.983383
v -0.293463 0.229969 -7.001814
v -0.000000 0.355110 -6.763883
v 0.283242 0.355110 -6.757951
v 0.565987 0.355110 -6.740162
v 0.847739 0.355110 -6.710548
v 1.128004 0.355110 -6.669162
v 1.406291 0.355110 -6.616076
v 1.682110 0.355110 -6.551384
v 1.954977 0.355110 -6.475198
v 2.224415 0.355110 -6.387651
v 2.489952 0.355110 -6.288900
v 2.751120 0.355110 -6.179115
v 3.007461 0.355110 -6.058490
v 3.258526 0.355110 -5.927237
v 3.503874 0.355110 -5.785583
v 3.743076 0.355110 -5.633781
v 3.975711 0.355110 -5.472096
v 4.201371 0.355110 -5.300810
v 4.419662 0.355110 -5.120225
v 4.630197 0.355110 -4.930658
v 4.832609 0.355110 -4.732441
v 5.026545 0.355110 -4.525921
v 5.211662 0.355110 -4.311462
v 5.387635 0.355110 -4.089438
v 5.554157 0.355110 -3.860240
v 5.710936 0.355110 -3.624270
v 5.857695 0.355110 -3.381942
v 5.994178 0.355110 -3.133681
v 6.120144 0.355110 -2.879921
v 6.235375 0.355110 -2.621110
v 6.339666 0.355110 -2.357701
v 6.432835 0.355110 -2.090155
v 6.514719 0.355110 -1.818942
v 6.585174 0.355110 -1.544539
v 6.644076 0.355110 -1.267425
v 6.691323 0.355110 -0.988088
v 6.726830 0.355110 -0.707019
v 6.750536 0.355110 -0.424708
v 6.762399 0.355110 -0.141652
v 6.762399 0.355110 0.141652
v 6.750536 0.355110 0.424708
v 6.726830 0.355110 0.707019
v 6.691323 0.355110 0.988088
v 6.644076 0.355110 1.267425
v 6.585174 0.355110 1.544539
v 6.514719 0.355110 1.818942
v 6.432835 0.355110 2.090155
v 6.339666 0.355110 2.357701
v 6.235375 0.355110 2.621110
v 6.120144 0.355110 2.879921
v 5.994177 0.355110 3.133681
v 5.857695 0.355110 3.381942
v 5.710936 0.355110 3.624270
v 5.554157 0.355110 3.860240
v 5.387635 0.355110 4.089438
v 5.211662 0.355110 4.311462
v 5.026545 0.355110 4.525921
v 4.832609 0.355110 4.732441
v 4.630197 0.355110 4.930658
v 4.419662 0.355110 5.120225
v 4.201371 0.355110 5.300810
v 3.975711 0.355110 5.472096
v 3.743076 0.355110 5.633781
v 3.503874 0.355110 5.785583
v 3.258526 0.355110 5.927237
v 3.007461 0.355110 6.058490
v 2.751120 0.355110 6.179115
v 2.489952 0.355110 6.288900
v 2.224415 0.355110 6.387651
v 1.954977 0.355110 6.475198
v 1.682110 0.355110 6.551384
v 1.406291 0.355110 6.616076
v 1.128004 0.355110 6.669162
v 0.847739 0.355110 6.710548
v 0.565987 0.355110 6.740162
v 0.283242 0.355110 6.757951
v -0.000000 0.355110 6.763883
v -0.283242 0.355110 6.757951
v -0.565987 0.355110 6.740162
v -0.847739 0.355110 6.710548
v -1.128004 0.355110 6.669162
v -1.406291 0.355110 6.616076
v -1.682110 0.355110 6.551384
v -1.954977 0.355110 6.475198
v -2.224415 0.355110 6.387651
v -2.489952 0.355110 6.288900
v -2.751120 0.355110 6.179115
v -3.007461 0.355110 6.058490
v -3.258526 0.355110 5.927237
v -3.503874 0.355110 5.785583
v -3.743076 0.355110 5.633781
v -3.975711 0.355110 5.472096
v -4.201371 0.355110 5.300810
v -4.419662 0.355110 5.120225
v -4.630197 0.355110 4.930658
v -4.832609 0.355110 4.732441
v -5.026545 0.355110 4.525921
v -5.211662 0.355110 4.311462
v -5.387635 0.355110 4.089438
v -5.554157 0.355110 3.860240
v -5.710936 0.355110 3.624270
v -5.857695 0.355110 3.381942
v -5.994178 0.355110 3.133681
v -6.120144 0.355110 2.879921
v -6.235375 0.355110 2.621110
v -6.339666 0.355110 2.357701
v -6.432835 0.355110 2.090155
v -6.514719 0.355110 1.818942
v -6.585174 0.355110 1.544539
v -6.644076 0.355110 1.267425
v -6.691323 0.355110 0.988088
v -6.726830 0.355110 0.707019
v -6.750536 0.355110 0.424708
v -6.762399 0.355110 0.141652
v -6.762399 0.355110 -0.141652
v -6.750536 0.355110 -0.424708
v -6.726830 0.355110 -0.707019
v -6.691323 0.355110 -0.988088
v -6.644076 0.355110 -1.267425
v -6.585174 0.355110 -1.544539
v -6.514719 0.355110 -1.818942
v -6.432835 0.355110 -2.090155
v -6.339666 0.355110 -2.357701
v -6.235375 0.355110 -2.621110
v -6.120144 0.355110 -2.879921
v -5.994177 0.355110 -3.133681
v -5.857695 0.355110 -3.381942
v -5.710936 0.355110 -3.624270
v -5.554157 0.355110 -3.860240
v -5.387635 0.355110 -4.089438
v -5.211662 0.355110 -4.311462
v -5.026545 0.355110 -4.525921
v -4.832609 0.355110 -4.732441
v -4.630197 0.355110 -4.930658
v -4.419662 0.355110 -5.120225
v -4.201371 0.355110 -5.300810
v -3.975711 0.355110 -5.472096
v -3.743076 0.355110 -5.633781
v -3.503874 0.355110 -5.785583
v -3.258526 0.355110 -5.927237
v -3.007461 0.355110 -6.058490
v -2.751120 0.355110 -6.179115
v -2.489952 0.355110 -6.288900
v -2.224415 0.355110 -6.387651
v -1.954977 0.355110 -6.475198
v -1.682110 0.355110 -6.551384
v -1.406291 0.355110 -6.616076
v -1.128004 0.355110 -6.669162
v -0.847739 0.355110 -6.710548
v -0.565987 0.355110 -6.740162
v -0.283242 0.355110 -6.757951
v -0.000000 0.355110 -6.885922
v 0.288353 0.355110 -6.879882
v 0.576199 0.355110 -6.861773
v 0.863035 0.355110 -6.831625
v 1.148357 0.355110 -6.789492
v 1.431664 0.355110 -6.735448
v 1.712459 0.355110 -6.669589
v 1.990250 0.355110 -6.592028
v 2.264550 0.355110 -6.502902
v 2.534877 0.355110 -6.402369
v 2.800757 0.355110 -6.290603
v 3.061723 0.355110 -6.167801
v 3.317319 0.355110 -6.034180
v 3.567094 0.355110 -5.889971
v 3.810611 0.355110 -5.735430
v 4.047443 0.355110 -5.570828
v 4.277175 0.355110 -5.396451
v 4.499404 0.355110 -5.212608
v 4.713738 0.355110 -5.019621
v 4.919803 0.355110 -4.817827
v 5.117237 0.355110 -4.607582
v 5.305695 0.355110 -4.389253
v 5.484843 0.355110 -4.163223
v 5.654369 0.355110 -3.929889
v 5.813976 0.355110 -3.689662
v 5.963384 0.355110 -3.442961
v 6.102329 0.355110 -3.190221
v 6.230568 0.355110 -2.931883
v 6.347878 0.355110 -2.668402
v 6.454051 0.355110 -2.400240
v 6.548901 0.355110 -2.127867
v 6.632262 0.355110 -1.851761
v 6.703989 0.355110 -1.572406
v 6.763953 0.355110 -1.290293
v 6.812053 0.355110 -1.005916
v 6.848200 0.355110 -0.719775
v 6.872334 0.355110 -0.432371
v 6.884411 0.355110 -0.144208
v 6.884411 0.355110 0.144208
v 6.872334 0.355110 0.432371
v 6.848200 0.355110 0.719775
v 6.812053 0.355110 1.005916
v 6.763953 0.355110 1.290293
v 6.703989 0.355110 1.572406
v 6.632262 0.355110 1.851761
v 6.548901 0.355110 2.127867
v 6.454051 0.355110 2.400240
v 6.347878 0.355110 2.668402
v 6.230568 0.355110 2.931883
v 6.102329 0.355110 3.190221
v 5.963384 0.355110 3.442961
v 5.813976 0.355110 3.689662
v 5.654369 0.355110 3.929889
v 5.484843 0.355110 4.163223
v 5.305695 0.355110 4.389253
v 5.117237 0.355110 4.607582
v 4.919803 0.355110 4.817827
v 4.713738 0.355110 5.019621
v 4.499404 0.355110 5.212608
v 4.277175 0.355110 5.396451
v 4.047443 0.355110 5.570828
v 3.810611 0.355110 5.735430
v 3.567094 0.355110 5.889971
v 3.317319 0.355110 6.034180
v 3.061723 0.355110 6.167801
v 2.800757 0.355110 6.290603
v 2.534877 0.355110 6.402369
v 2.264550 0.355110 6.502902
v 1.990250 0.355110 6.592028
v 1.712459 0.355110 6.669589
v 1.431664 0.355110 6.735448
v 1.148357 0.355110 6.789492
v 0.863035 0.355110 6.831625
v 0.576199 0.355110 6.861773
v 0.288353 0.355110 6.879882
v -0.000000 0.355110 6.885922
v -0.288353 0.355110 6.879882
v -0.576199 0.355110 6.861773
v -0.863035 0.355110 6.831625
v -1.148357 0.355110 6.789492
v -1.431664 0.355110 6.735448
v -1.712459 0.355110 6.669589
v -1.990250 0.355110 6.592028
v -2.264550 0.355110 6.502902
v -2.534877 0.355110 6.402369
v -2.800757 0.355110 6.290603
v -3.061723 0.355110 6.167801
v -3.317319 0.355110 6.034180
v -3.567094 0.355110 5.889971
v -3.810611 0.355110 5.735430
v -4.047443 0.355110 5.570828
v -4.277175 0.355110 5.396451
v -4.499404 0.355110 5.212608
v -4.713738 0.355110 5.019621
v -4.919803 0.355110 4.817827
v -5.117237 0.355110 4.607582
v -5.305695 0.355110 4.389253
v -5.484843 0.355110 4.163223
v -5.654369 0.355110 3.929889
v -5.813976 0.355110 3.689662
v -5.963384 0.355110 3.442961
v -6.102329 0.355110 3.190221
v -6.230568 0.355110 2.931883
v -6.347878 0.355110 2.668402
v -6.454051 0.355110 2.400240
v -6.548901 0.355110 2.127867
v -6.632262 0.355110 1.851761
v -6.703989 0.355110 1.572406
v -6.763953 0.355110 1.290293
v -6.812053 0.355110 1.005916
v -6.848200 0.355110 0.719775
v -6.872334 0.355110 0.432371
v -6.884411 0.355110 0.144208
v -6.884411 0.355110 -0.144208
v -6.872334 0.355110 -0.432371
v -6.848200 0.355110 -0.719775
v -6.812053 0.355110 -1.005916
v -6.763953 0.355110 -1.290293
v -6.703989 0.355110 -1.572406
v -6.632262 0.355110 -1.851761
v -6.548901 0.355110 -2.127867
v -6.454051 0.355110 -2.400240
v -6.347878 0.355110 -2.668402
v -6.230568 0.355110 -2.931883
v -6.102329 0.355110 -3.190221
v -5.963384 0.355110 -3.442961
v -5.813976 0.355110 -3.689662
v -5.654369 0.355110 -3.929889
v -5.484843 0.355110 -4.163223
v -5.305695 0.355110 -4.389253
v -5.117237 0.355110 -4.607582
v -4.919803 0.355110 -4.817827
v -4.713738 0.355110 -5.019621
v -4.499404 0.355110 -5.212608
v -4.277175 0.355110 -5.396451
v -4.047443 0.355110 -5.570828
v -3.810611 0.355110 -5.735430
v -3.567094 0.355110 -5.889971
v -3.317319 0.355110 -6.034180
v -3.061723 0.355110 -6.167801
v -2.800757 0.355110 -6.290603
v -2.534877 0.355110 -6.402369
v -2.264550 0.355110 -6.502902
v -1.990250 0.355110 -6.592028
v -1.712459 0.355110 -6.669589
v -1.431664 0.355110 -6.735448
v -1.148357 0.355110 -6.789492
v -0.863035 0.355110 -6.831625
v -0.576199 0.355110 -6.861773
v -0.288353 0.355110 -6.879882
v -0.000000 0.480251 -6.641844
v 0.278132 0.480251 -6.636019
v 0.555775 0.480251 -6.618551
v 0.832443 0.480251 -6.589471
v 1.107652 0.480251 -6.548832
v 1.380918 0.480251 -6.496705
v 1.651760 0.480251 -6.433179
v 1.919704 0.480251 -6.358368
v 2.184281 0.480251 -6.272401
v 2.445026 0.480251 -6.175431
v 2.701482 0.480251 -6.067627
v 2.953198 0.480251 -5.949178
v 3.199733 0.480251 -5.820293
v 3.440655 0.480251 -5.681196
v 3.675541 0.480251 -5.532133
v 3.903978 0.480251 -5.373365
v 4.125567 0.480251 -5.205169
v 4.339919 0.480251 -5.027843
v 4.546655 0.480251 -4.841696
v 4.745416 0.480251 -4.647055
v 4.935853 0.480251 -4.444261
v 5.117630 0.480251 -4.233672
v 5.290428 0.480251 -4.015654
v 5.453945 0.480251 -3.790591
v 5.607895 0.480251 -3.558878
v 5.752007 0.480251 -3.320922
v 5.886026 0.480251 -3.077141
v 6.009720 0.480251 -2.827960
v 6.122872 0.480251 -2.573818
v 6.225281 0.480251 -2.315161
v 6.316769 0.480251 -2.052443
v 6.397176 0.480251 -1.786124
v 6.466360 0.480251 -1.516671
v 6.524199 0.480251 -1.244557
v 6.570594 0.480251 -0.970261
v 6.605460 0.480251 -0.694262
v 6.628738 0.480251 -0.417045
v 6.640387 0.480251 -0.139097
v 6.640387 0.480251 0.139097
v 6.628738 0.480251 0.417045
v 6.605460 0.480251 0.694262
v 6.570594 0.480251 0.970261
v 6.524199 0.480251 1.244557
v 6.466360 0.480251 1.516671
v 6.397176 0.480251 1.786124
v 6.316769 0.480251 2.052443
v 6.225281 0.480251 2.315161
v 6.122872 0.480251 2.573818
v 6.009720 0.480251 2.827960
v 5.886026 0.480251 3.077141
v 5.752007 0.480251 3.320922
v 5.607895 0.480251 3.558878
v 5.453945 0.480251 3.790591
v 5.290428 0.480251 4.015654
v 5.117630 0.480251 4.233672
v 4.935853 0.480251 4.444261
v 4.745416 0.480251 4.647055
v 4.546655 0.480251 4.841696
v 4.339919 0.480251 5.027843
v 4.125567 0.480251 5.205169
v 3.903978 0.480251 5.373365
v 3.675541 0.480251 5.532133
v 3.440655 0.480251 5.681196
v 3.199733 0.480251 5.820293
v 2.953198 0.480251 5.949178
v 2.701482 0.480251 6.067627
v 2.445026 0.480251 6.175431
v 2.184281 0.480251 6.272401
v 1.919704 0.480251 6.358368
v 1.651760 0.480251 6.433179
v 1.380918 0.480251 6.496705
v 1.107652 0.480251 6.548832
v 0.832443 0.480251 6.589471
v 0.555775 0.480251 6.618551
v 0.278132 0.480251 6.636019
v -0.000000 0.480251 6.641844
v -0.278132 0.480251 6.636019
v -0.555775 0.480251 6.618551
v -0.832443 0.480251 6.589471
v -1.107652 0.480251 6.548832
v -1.380918 0.480251 6.496705
v -1.651760 0.480251 6.433179
v -1.919704 0.480251 6.358368
v -2.184281 0.480251 6.272401
v -2.445026 0.480251 6.175431
v -2.701482 0.480251 6.067627
v -2.953198 0.480251 5.949178
v -3.199733 0.480251 5.820293
v -3.440655 0.480251 5.681196
v -3.675541 0.480251 5.532133
v -3.903978 0.480251 5.373365
v -4.125567 0.480251 5.205169
v -4.339919 0.480251 5.027843
v -4.546655 0.480251 4.841696
v -4.745416 0.480251 4.647055
v -4.935853 0.480251 4.444261
v -5.117630 0.480251 4.233672
v -5.290428 0.480251 4.015654
v -5.453945 0.480251 3.790591
v -5.607895 0.480251 3.558878
v -5.752007 0.480251 3.320922
v -5.886026 0.480251 3.077141
v -6.009720 0.480251 2.827960
v -6.122872 0.480251 2.573818
v -6.225281 0.480251 2.315161
v -6.316769 0.480251 2.052443
v -6.397176 0.480251 1.786124
v -6.466360 0.480251 1.516671
v -6.524199 0.480251 1.244557
v -6.570594 0.480251 0.970261
v -6.605460 0.480251 0.694262
v -6.628738 0.480251 0.417045
v -6.640387 0.480251 0.139097
v -6.640387 0.480251 -0.139097
v -6.628738 0.480251 -0.417045
v -6.605460 0.480251 -0.694262
v -6.570594 0.480251 -0.970261
v -6.524199 0.480251 -1.244557
v -6.466360 0.480251 -1.516671
v -6.397176 0.480251 -1.786124
v -6.316769 0.480251 -2.052443
v -6.225281 0.480251 -2.315161
v -6.122872 0.480251 -2.573818
v -6.009720 0.480251 -2.827960
v -5.886026 0.480251 -3.077141
v -5.752007 0.480251 -3.320922
v -5.607895 0.480251 -3.558878
v -5.453945 0.480251 -3.790591
v -5.290428 0.480251 -4.015654
v -5.117630 0.480251 -4.233672
v -4.935853 0.480251 -4.444261
v -4.745416 0.480251 -4.647055
v -4.546655 0.480251 -4.841696
v -4.339919 0.480251 -5.027843
v -4.125567 0.480251 -5.205169
v -3.903978 0.480251 -5.373365
v -3.675541 0.480251 -5.532133
v -3.440655 0.480251 -5.681196
v -3.199733 0.480251 -5.820293
v -2.953198 0.480251 -5.949178
v -2.701482 0.480251 -6.067627
v -2.445026 0.480251 -6.175431
v -2.184281 0.480251 -6.272401
v -1.919704 0.480251 -6.358368
v -1.651760 0.480251 -6.433179
v -1.380918 0.480251 -6.496705
v -1.107652 0.480251 -6.548832
v -0.832443 0.480251 -6.589471
v -0.555775 0.480251 -6.618551
v -0.278132 0.480251 -6.636019
v -0.000000 0.480251 -6.763883
v 0.283242 0.480251 -6.757951
v 0.565987 0.480251 -6.740162
v 0.847739 0.480251 -6.710548
v 1.128004 0.480251 -6.669162
v 1.406291 0.480251 -6.616076
v 1.682110 0.480251 -6.551384
v 1.954977 0.480251 -6.475198
v 2.224415 0.480251 -6.387651
v 2.489952 0.480251 -6.288900
v 2.751120 0.480251 -6.179115
v 3.007461 0.480251 -6.058490
v 3.258526 0.480251 -5.927237
v 3.503874 0.480251 -5.785583
v 3.743076 0.480251 -5.633781
v 3.975711 0.480251 -5.472096
v 4.201371 0.480251 -5.300810
v 4.419662 0.480251 -5.120225
v 4.630197 0.480251 -4.930658
v 4.832609 0.480251 -4.732441
v 5.026545 0.480251 -4.525921
v 5.211662 0.480251 -4.311462
v 5.387635 0.480251 -4.089438
v 5.554157 0.480251 -3.860240
v 5.710936 0.480251 -3.624270
v 5.857695 0.480251 -3.381942
v 5.994178 0.480251 -3.133681
v 6.120144 0.480251 -2.879921
v 6.235375 0.480251 -2.621110
v 6.339666 0.480251 -2.357701
v 6.432835 0.480251 -2.090155
v 6.514719 0.480251 -1.818942
v 6.585174 0.480251 -1.544539
v 6.644076 0.480251 -1.267425
v 6.691323 0.480251 -0.988088
v 6.726830 0.480251 -0.707019
v 6.750536 0.480251 -0.424708
v 6.762399 0.480251 -0.141652
v 6.762399 0.480251 0.141652
v 6.750536 0.480251 0.424708
v 6.726830 0.480251 0.707019
v 6.691323 0.480251 0.988088
v 6.644076 0.480251 1.267425
v 6.585174 0.480251 1.544539
v 6.514719 0.480251 1.818942
v 6.432835 0.480251 2.090155
v 6.339666 0.480251 2.357701
v 6.235375 0.480251 2.621110
v 6.120144 0.480251 2.879921
v 5.994177 0.480251 3.133681
v 5.857695 0.480251 3.381942
v 5.710936 0.480251 3.624270
v 5.554157 0.480251 3.860240
v 5.387635 0.480251 4.089438
v 5.211662 0.480251 4.311462
v 5.026545 0.480251 4.525921
v 4.832609 0.480251 4.732441
v 4.630197 0.480251 4.930658
v 4.419662 0.480251 5.120225
v 4.201371 0.480251 5.300810
v 3.975711 0.480251 5.472096
v 3.743076 0.480251 5.633781
v 3.503874 0.480251 5.785583
v 3.258526 0.480251 5.927237
v 3.007461 0.480251 6.058490
v 2.751120 0.480251 6.179115
v 2.489952 0.480251 6.288900
v 2.224415 0.480251 6.387651
v 1.954977 0.480251 6.475198
v 1.682110 0.480251 6.551384
v 1.406291 0.480251 6.616076
v 1.128004 0.480251 6.669162
v 0.847739 0.480251 6.710548
v 0.565987 0.480251 6.740162
v 0.283242 0.480251 6.757951
v -0.000000 0.480251 6.763883
v -0.283242 0.480251 6.757951
v -0.565987 0.480251 6.740162
v -0.847739 0.480251 6.710548
v -1.128004 0.480251 6.669162
v -1.406291 0.480251 6.616076
v -1.682110 0.480251 6.551384
v -1.954977 0.480251 6.475198
v -2.224415 0.480251 6.387651
v -2.489952 0.480251 6.288900
v -2.751120 0.480251 6.179115
v -3.007461 0.480251 6.058490
v -3.258526 0.480251 5.927237
v -3.503874 0.480251 5.785583
v -3.743076 0.480251 5.633781
v -3.975711 0.480251 5.472096
v -4.201371 0.480251 5.300810
v -4.419662 0.480251 5.120225
v -4.630197 0.480251 4.930658
v -4.832609 0.480251 4.732441
v -5.026545 0.480251 4.525921
v -5.211662 0.480251 4.311462
v -5.387635 0.480251 4.089438
v -5.554157 0.480251 3.860240
v -5.710936 0.480251 3.624270
v -5.857695 0.480251 3.381942
v -5.994178 0.480251 3.133681
v -6.120144 0.480251 2.879921
v -6.235375 0.480251 2.621110
v -6.339666 0.480251 2.357701
v -6.432835 0.480251 2.090155
v -6.514719 0.480251 1.818942
v -6.585174 0.480251 1.544539
v -6.644076 0.480251 1.267425
v -6.691323 0.480251 0.988088
v -6.726830 0.480251 0.707019
v -6.750536 0.480251 0.424708
v -6.762399 0.480251 0.141652
v -6.762399 0.480251 -0.141652
v -6.750536 0.480251 -0.424708
v -6.726830 0.480251 -0.707019
v -6.691323 0.480251 -0.988088
v -6.644076 0.480251 -1.267425
v -6.585174 0.480251 -1.544539
v -6.514719 0.480251 -1.818942
v -6.432835 0.480251 -2.090155
v -6.339666 0.480251 -2.357701
v -6.235375 0.480251 -2.621110
v -6.120144 0.480251 -2.879921
v -5.994177 0.480251 -3.133681
v -5.857695 0.480251 -3.381942
v -5.710936 0.480251 -3.624270
v -5.554157 0.480251 -3.860240
v -5.387635 0.480251 -4.089438
v -5.211662 0.480251 -4.311462
v -5.026545 0.480251 -4.525921
v -4.832609 0.480251 -4.732441
v -4.630197 0.480251 -4.930658
v -4.419662 0.480251 -5.120225
v -4.201371 0.480251 -5.300810
v -3.975711 0.480251 -5.472096
v -3.743076 0.480251 -5.633781
v -3.503874 0.480251 -5.785583
v -3.258526 0.480251 -5.927237
v -3.007461 0.480251 -6.058490
v -2.751120 0.480251 -6.179115
v -2.489952 0.480251 -6.288900
v -2.224415 0.480251 -6.387651
v -1.954977 0.480251 -6.475198
v -1.682110 0.480251 -6.551384
v -1.406291 0.480251 -6.616076
v -1.128004 0.480251 -6.669162
v -0.847739 0.480251 -6.710548
v -0.565987 0.480251 -6.740162
v -0.283242 0.480251 -6.757951
v -0.000000 0.605392 -6.519805
v 0.273022 0.605392 -6.514088
v 0.545563 0.605392 -6.496941
v 0.817148 0.605392 -6.468395
v 1.087300 0.605392 -6.428502
v 1.355545 0.605392 -6.377333
v 1.621410 0.605392 -6.314975
v 1.884431 0.605392 -6.241539
v 2.144146 0.605392 -6.157150
v 2.400101 0.605392 -6.061963
v 2.651844 0.605392 -5.956139
v 2.898936 0.605392 -5.839867
v 3.140941 0.605392 -5.713350
v 3.377435 0.605392 -5.576809
v 3.608006 0.605392 -5.430484
v 3.832246 0.605392 -5.274633
v 4.049763 0.605392 -5.109528
v 4.260177 0.605392 -4.935460
v 4.463114 0.605392 -4.752734
v 4.658222 0.605392 -4.561668
v 4.845160 0.605392 -4.362601
v 5.023598 0.605392 -4.155881
v 5.193220 0.605392 -3.941870
v 5.353733 0.605392 -3.720942
v 5.504854 0.605392 -3.493486
v 5.646318 0.605392 -3.259903
v 5.777875 0.605392 -3.020601
v 5.899296 0.605392 -2.775998
v 6.010369 0.605392 -2.526526
v 6.110897 0.605392 -2.272622
v 6.200703 0.605392 -2.014731
v 6.279633 0.605392 -1.753305
v 6.347545 0.605392 -1.488803
v 6.404323 0.605392 -1.221689
v 6.449864 0.605392 -0.952433
v 6.484089 0.605392 -0.681506
v 6.506940 0.605392 -0.409383
v 6.518375 0.605392 -0.136541
v 6.518375 0.605392 0.136541
v 6.506940 0.605392 0.409383
v 6.484089 0.605392 0.681506
v 6.449864 0.605392 0.952433
v 6.404323 0.605392 1.221689
v 6.347545 0.605392 1.488803
v 6.279633 0.605392 1.753305
v 6.200703 0.605392 2.014731
v 6.110897 0.605392 2.272622
v 6.010369 0.605392 2.526526
v 5.899296 0.605392 2.775998
v 5.777874 0.605392 3.020601
v 5.646318 0.605392 3.259903
v 5.504854 0.605392 3.493486
v 5.353733 0.605392 3.720942
v 5.193220 0.605392 3.941870
v 5.023598 0.605392 4.155881
v 4.845160 0.605392 4.362601
v 4.658222 0.605392 4.561668
v 4.463114 0.605392 4.752734
v 4.260177 0.605392 4.935460
v 4.049763 0.605392 5.109528
v 3.832246 0.605392 5.274633
v 3.608006 0.605392 5.430484
v 3.377435 0.605392 5.576809
v 3.140941 0.605392 5.713350
v 2.898936 0.605392 5.839867
v 2.651844 0.605392 5.956139
v 2.400101 0.605392 6.061963
v 2.144146 0.605392 6.157150
v 1.884431 0.605392 6.241539
v 1.621410 0.605392 6.314975
v 1.355545 0.605392 6.377333
v 1.087300 0.605392 6.428502
v 0.817148 0.605392 6.468395
v 0.545563 0.605392 6.496941
v 0.273022 0.605392 6.514088
v -0.000000 0.605392 6.519805
v -0.273022 0.605392 6.514088
v -0.545563 0.605392 6.496941
v -0.817148 0.605392 6.468395
v -1.087300 0.605392 6.428502
v -1.355545 0.605392 6.377333
v -1.621410 0.605392 6.314975
v -1.884431 0.605392 6.241539
v -2.144146 0.605392 6.157150
v -2.400101 0.605392 6.061963
v -2.651844 0.605392 5.956139
v -2.898936 0.605392 5.839867
v -3.140941 0.605392 5.713350
v -3.377435 0.605392 5.576809
v -3.608006 0.605392 5.430484
v -3.832246 0.605392 5.274633
v -4.049763 0.605392 5.109528
v -4.260177 0.605392 4.935460
v -4.463114 0.605392 4.752734
v -4.658222 0.605392 4.561668
v -4.845160 0.605392 4.362601
v -5.023598 0.605392 4.155881
v -5.193220 0.605392 3.941870
v -5.353733 0.605392 3.720942
v -5.504854 0.605392 3.493486
v -5.646318 0.605392 3.259903
v -5.777875 0.605392 3.020601
v -5.899296 0.605392 2.775998
v -6.010369 0.605392 2.526526
v -6.110897 0.605392 2.272622
v -6.200703 0.605392 2.014731
v -6.279633 0.605392 1.753305
v -6.347545 0.605392 1.488803
v -6.404323 0.605392 1.221689
v -6.449864 0.605392 0.952433
v -6.484089 0.605392 0.681506
v -6.506940 0.605392 0.409383
v -6.518375 0.605392 0.136541
v -6.518375 0.605392 -0.136541
v -6.506940 0.605392 -0.409383
v -6.484089 0.605392 -0.681506
v -6.449864 0.605392 -0.952433
v -6.404323 0.605392 -1.221689
v -6.347545 0.605392 -1.488803
v -6.279633 0.605392 -1.753305
v -6.200703 0.605392 -2.014731
v -6.110897 0.605392 -2.272622
v -6.010369 0.605392 -2.526526
v -5.899296 0.605392 -2.775998
v -5.777874 0.605392 -3.020601
v -5.646318 0.605392 -3.259903
v -5.504854 0.605392 -3.493486
v -5.353733 0.605392 -3.720942
v -5.193220 0.605392 -3.941870
v -5.023598 0.605392 -4.155881
v -4.845160 0.605392 -4.362601
v -4.658222 0.605392 -4.561668
v -4.463114 0.605392 -4.752734
v -4.260177 0.605392 -4.935460
v -4.049763 0.605392 -5.109528
v -3.832246 0.605392 -5.274633
v -3.608006 0.605392 -5.430484
v -3.377435 0.605392 -5.576809
v -3.140941 0.605392 -5.713350
v -2.898936 0.605392 -5.839867
v -2.651844 0.605392 -5.956139
v -2.400101 0.605392 -6.061963
v -2.144146 0.605392 -6.157150
v -1.884431 0.605392 -6.241539
v -1.621410 0.605392 -6.314975
v -1.355545 0.605392 -6.377333
v -1.087300 0.605392 -6.428502
v -0.817148 0.605392 -6.468395
v -0.545563 0.605392 -6.496941
v -0.273022 0.605392 -6.514088
v -0.000000 0.605392 -6.641844
v 0.278132 0.605392 -6.636019
v 0.555775 0.605392 -6.618551
v 0.832443 0.605392 -6.589471
v 1.107652 0.605392 -6.548832
v 1.380918 0.605392 -6.496705
v 1.651760 0.605392 -6.433179
v 1.919704 0.605392 -6.358368
v 2.184281 0.605392 -6.272401
v 2.445026 0.605392 -6.175431
v 2.701482 0.605392 -6.067627
v 2.953198 0.605392 -5.949178
v 3.199733 0.605392 -5.820293
v 3.440655 0.605392 -5.681196
v 3.675541 0.605392 -5.532133
v 3.903978 0.605392 -5.373365
v 4.125567 0.605392 -5.205169
v 4.339919 0.605392 -5.027843
v 4.546655 0.605392 -4.841696
v 4.745416 0.605392 -4.647055
v 4.935853 0.605392 -4.444261
v 5.117630 0.605392 -4.233672
v 5.290428 0.605392 -4.015654
v 5.453945 0.605392 -3.790591
v 5.607895 0.605392 -3.558878
v 5.752007 0.605392 -3.320922
v 5.886026 0.605392 -3.077141
v 6.009720 0.605392 -2.827960
v 6.122872 0.605392 -2.573818
v 6.225281 0.605392 -2.315161
v 6.316769 0.605392 -2.052443
v 6.397176 0.605392 -1.786124
v 6.466360 0.605392 -1.516671
v 6.524199 0.605392 -1.244557
v 6.570594 0.605392 -0.970261
v 6.605460 0.605392 -0.694262
v 6.628738 0.605392 -0.417045
v 6.640387 0.605392 -0.139097
v 6.640387 0.605392 0.139097
v 6.628738 0.605392 0.417045
v 6.605460 0.605392 0.694262
v 6.570594 0.605392 0.970261
v 6.524199 0.605392 1.244557
v 6.466360 0.605392 1.516671
v 6.397176 0.605392 1.786124
v 6.316769 0.605392 2.052443
v 6.225281 0.605392 2.315161
v 6.122872 0.605392 2.573818
v 6.009720 0.605392 2.827960
v 5.886026 0.605392 3.077141
v 5.752007 0.605392 3.320922
v 5.607895 0.605392 3.558878
v 5.453945 0.605392 3.790591
v 5.290428 0.605392 4.015654
v 5.117630 0.605392 4.233672
v 4.935853 0.605392 4.444261
v 4.745416 0.605392 4.647055
v 4.546655 0.605392 4.841696
v 4.339919 0.605392 5.027843
v 4.125567 0.605392 5.205169
v 3.903978 0.605392 5.373365
v 3.675541 0.605392 5.532133
v 3.440655 0.605392 5.681196
v 3.199733 0.605392 5.820293
v 2.953198 0.605392 5.949178
v 2.701482 0.605392 6.067627
v 2.445026 0.605392 6.175431
v 2.184281 0.605392 6.272401
v 1.919704 0.605392 6.358368
v 1.651760 0.605392 6.433179
v 1.380918 0.605392 6.496705
v 1.107652 0.605392 6.548832
v 0.832443 0.605392 6.589471
v 0.555775 0.605392 6.618551
v 0.278132 0.605392 6.636019
v -0.000000 0.605392 6.641844
v -0.278132 0.605392 6.636019
v -0.555775 0.605392 6.618551
v -0.832443 0.605392 6.589471
v -1.107652 0.605392 6.548832
v -1.380918 0.605392 6.496705
v -1.651760 0.605392 6.433179
v -1.919704 0.605392 6.358368
v -2.184281 0.605392 6.272401
v -2.445026 0.605392 6.175431
v -2.701482 0.605392 6.067627
v -2.953198 0.605392 5.949178
v -3.199733 0.605392 5.820293
v -3.440655 0.605392 5.681196
v -3.675541 0.605392 5.532133
v -3.903978 0.605392 5.373365
v -4.125567 0.605392 5.205169
v -4.339919 0.605392 5.027843
v -4.546655 0.605392 4.841696
v -4.745416 0.605392 4.647055
v -4.935853 0.605392 4.444261
v -5.117630 0.605392 4.233672
v -5.290428 0.605392 4.015654
v -5.453945 0.605392 3.790591
v -5.607895 0.605392 3.558878
v -5.752007 0.605392 3.320922
v -5.886026 0.605392 3.077141
v -6.009720 0.605392 2.827960
v -6.122872 0.605392 2.573818
v -6.225281 0.605392 2.315161
v -6.316769 0.605392 2.052443
v -6.397176 0.605392 1.786124
v -6.466360 0.605392 1.516671
v -6.524199 0.605392 1.244557
v -6.570594 0.605392 0.970261
v -6.605460 0.605392 0.694262
v -6.628738 0.605392 0.417045
v -6.640387 0.605392 0.139097
v -6.640387 0.605392 -0.139097
v -6.628738 0.605392 -0.417045
v -6.605460 0.605392 -0.694262
v -6.570594 0.605392 -0.970261
v -6.524199 0.605392 -1.244557
v -6.466360 0.605392 -1.516671
v -6.397176 0.605392 -1.786124
v -6.316769 0.605392 -2.052443
v -6.225281 0.605392 -2.315161
v -6.122872 0.605392 -2.573818
v -6.009720 0.605392 -2.827960
v -5.886026 0.605392 -3.077141
v -5.752007 0.605392 -3.320922
v -5.607895 0.605392 -3.558878
v -5.453945 0.605392 -3.790591
v -5.290428 0.605392 -4.015654
v -5.117630 0.605392 -4.233672
v -4.935853 0.605392 -4.444261
v -4.745416 0.605392 -4.647055
v -4.546655 0.605392 -4.841696
v -4.339919 0.605392 -5.027843
v -4.125567 0.605392 -5.205169
v -3.903978 0.605392 -5.373365
v -3.675541 0.605392 -5.532133
v -3.440655 0.605392 -5.681196
v -3.199733 0.605392 -5.820293
v -2.953198 0.605392 -5.949178
v -2.701482 0.605392 -6.067627
v -2.445026 0.605392 -6.175431
v -2.184281 0.605392 -6.272401
v -1.919704 0.605392 -6.358368
v -1.651760 0.605392 -6.433179
v -1.380918 0.605392 -6.496705
v -1.107652 0.605392 -6.548832
v -0.832443 0.605392 -6.589471
v -0.555775 0.605392 -6.618551
v -0.278132 0.605392 -6.636019
v -0.000000 0.730533 -6.397767
v 0.267911 0.730533 -6.392156
v 0.535351 0.730533 -6.375330
v 0.801852 0.730533 -6.347318
v 1.066948 0.730533 -6.308172
v 1.330172 0.730533 -6.257961
v 1.591061 0.730533 -6.196770
v 1.849157 0.730533 -6.124709
v 2.104011 0.730533 -6.041900
v 2.355175 0.730533 -5.948494
v 2.602206 0.730533 -5.844651
v 2.844673 0.730533 -5.730555
v 3.082148 0.730533 -5.606407
v 3.314216 0.730533 -5.472422
v 3.540471 0.730533 -5.328835
v 3.760513 0.730533 -5.175902
v 3.973959 0.730533 -5.013887
v 4.180434 0.730533 -4.843077
v 4.379572 0.730533 -4.663772
v 4.571029 0.730533 -4.476282
v 4.754468 0.730533 -4.280941
v 4.929565 0.730533 -4.078090
v 5.096013 0.730533 -3.868085
v 5.253520 0.730533 -3.651292
v 5.401814 0.730533 -3.428095
v 5.540629 0.730533 -3.198883
v 5.669724 0.730533 -2.964061
v 5.788872 0.730533 -2.724036
v 5.897866 0.730533 -2.479234
v 5.996512 0.730533 -2.230083
v 6.084637 0.730533 -1.977019
v 6.162089 0.730533 -1.720486
v 6.228731 0.730533 -1.460935
v 6.284446 0.730533 -1.198821
v 6.329135 0.730533 -0.934605
v 6.362719 0.730533 -0.668750
v 6.385142 0.730533 -0.401720
v 6.396363 0.730533 -0.133985
v 6.396363 0.730533 0.133985
v 6.385142 0.730533 0.401720
v 6.362719 0.730533 0.668750
v 6.329135 0.730533 0.934605
v 6.284446 0.730533 1.198821
v 6.228731 0.730533 1.460935
v 6.162089 0.730533 1.720486
v 6.084637 0.730533 1.977019
v 5.996512 0.730533 2.230083
v 5.897866 0.730533 2.479234
v 5.788872 0.730533 2.724036
v 5.669723 0.730533 2.964061
v 5.540629 0.730533 3.198884
v 5.401814 0.730533 3.428095
v 5.253520 0.730533 3.651293
v 5.096013 0.730533 3.868085
v 4.929565 0.730533 4.078090
v 4.754468 0.730533 4.280941
v 4.571029 0.730533 4.476282
v 4.379572 0.730533 4.663772
v 4.180434 0.730533 4.843077
v 3.973959 0.730533 5.013887
v 3.760513 0.730533 5.175902
v 3.540471 0.730533 5.328835
v 3.314216 0.730533 5.472422
v 3.082148 0.730533 5.606407
v 2.844673 0.730533 5.730555
v 2.602206 0.730533 5.844651
v 2.355175 0.730533 5.948494
v 2.104011 0.730533 6.041900
v 1.849157 0.730533 6.124709
v 1.591061 0.730533 6.196770
v 1.330172 0.730533 6.257961
v 1.066948 0.730533 6.308172
v 0.801852 0.730533 6.347318
v 0.535351 0.730533 6.375330
v 0.267911 0.730533 6.392156
v -0.000000 0.730533 6.397767
v -0.267911 0.730533 6.392156
v -0.535351 0.730533 6.375330
v -0.801852 0.730533 6.347318
v -1.066948 0.730533 6.308172
v -1.330172 0.730533 6.257961
v -1.591061 0.730533 6.196770
v -1.849157 0.730533 6.124709
v -2.104011 0.730533 6.041900
v -2.355175 0.730533 5.948494
v -2.602206 0.730533 5.844651
v -2.844673 0.730533 5.730555
v -3.082148 0.730533 5.606407
v -3.314216 0.730533 5.472422
v -3.540471 0.730533 5.328835
v -3.760513 0.730533 5.175902
v -3.973959 0.730533 5.013887
v -4.180434 0.730533 4.843077
v -4.379572 0.730533 4.663772
v -4.571029 0.730533 4.476282
v -4.754468 0.730533 4.280941
v -4.929565 0.730533 4.078090
v -5.096013 0.730533 3.868085
v -5.253520 0.730533 3.651292
v -5.401814 0.730533 3.428095
v -5.540629 0.730533 3.198883
v -5.669724 0.730533 2.964061
v -5.788872 0.730533 2.724036
v -5.897866 0.730533 2.479234
v -5.996512 0.730533 2.230083
v -6.084637 0.730533 1.977019
v -6.162089 0.730533 1.720486
v -6.228731 0.730533 1.460935
v -6.284446 0.730533 1.198821
v -6.329135 0.730533 0.934605
v -6.362719 0.730533 0.668750
v -6.385142 0.730533 0.401720
v -6.396363 0.730533 0.133985
v -6.396363 0.730533 -0.133985
v -6.385142 0.730533 -0.401720
v -6.362719 0.730533 -0.668750
v -6.329135 0.730533 -0.934605
v -6.284446 0.730533 -1.198821
v -6.228731 0.730533 -1.460935
v -6.162089 0.730533 -1.720486
v -6.084637 0.730533 -1.977019
v -5.996512 0.730533 -2.230083
v -5.897866 0.730533 -2.479234
v -5.788872 0.730533 -2.724036
v -5.669723 0.730533 -2.964061
v -5.540629 0.730533 -3.198884
v -5.401814 0.730533 -3.428095
v -5.253520 0.730533 -3.651293
v -5.096013 0.730533 -3.868085
v -4.929565 0.730533 -4.078090
v -4.754468 0.730533 -4.280941
v -4.571029 0.730533 -4.476282
v -4.379572 0.730533 -4.663772
v -4.180434 0.730533 -4.843077
v -3.973959 0.730533 -5.013887
v -3.760513 0.730533 -5.175902
v -3.540471 0.730533 -5.328835
v -3.314216 0.730533 -5.472422
v -3.082148 0.730533 -5.606407
v -2.844673 0.730533 -5.730555
v -2.602206 0.730533 -5.844651
v -2.355175 0.730533 -5.948494
v -2.104011 0.730533 -6.041900
v -1.849157 0.730533 -6.124709
v -1.591061 0.730533 -6.196770
v -1.330172 0.730533 -6.257961
v -1.066948 0.730533 -6.308172
v -0.801852 0.730533 -6.347318
v -0.535351 0.730533 -6.375330
v -0.267911 0.730533 -6.392156
v -0.000000 0.730533 -6.519805
v 0.273022 0.730533 -6.514088
v 0.545563 0.730533 -6.496941
v 0.817148 0.730533 -6.468395
v 1.087300 0.730533 -6.428502
v 1.355545 0.730533 -6.377333
v 1.621410 0.730533 -6.314975
v 1.884431 0.730533 -6.241539
v 2.144146 0.730533 -6.157150
v 2.400101 0.730533 -6.061963
v 2.651844 0.730533 -5.956139
v 2.898936 0.730533 -5.839867
v 3.140941 0.730533 -5.713350
v 3.377435 0.730533 -5.576809
v 3.608006 0.730533 -5.430484
v 3.832246 0.730533 -5.274633
v 4.049763 0.730533 -5.109528
v 4.260177 0.730533 -4.935460
v 4.463114 0.730533 -4.752734
v 4.658222 0.730533 -4.561668
v 4.845160 0.730533 -4.362601
v 5.023598 0.730533 -4.155881
v 5.193220 0.730533 -3.941870
v 5.353733 0.730533 -3.720942
v 5.504854 0.730533 -3.493486
v 5.646318 0.730533 -3.259903
v 5.777875 0.730533 -3.020601
v 5.899296 0.730533 -2.775998
v 6.010369 0.730533 -2.526526
v 6.110897 0.730533 -2.272622
v 6.200703 0.730533 -2.014731
v 6.279633 0.730533 -1.753305
v 6.347545 0.730533 -1.488803
v 6.404323 0.730533 -1.221689
v 6.449864 0.730533 -0.952433
v 6.484089 0.730533 -0.681506
v 6.506940 0.730533 -0.409383
v 6.518375 0.730533 -0.136541
v 6.518375 0.730533 0.136541
v 6.506940 0.730533 0.409383
v 6.484089 0.730533 0.681506
v 6.449864 0.730533 0.952433
v 6.404323 0.730533 1.221689
v 6.347545 0.730533 1.488803
v 6.279633 0.730533 1.753305
v 6.200703 0.730533 2.014731
v 6.110897 0.730533 2.272622
v 6.010369 0.730533 2.526526
v 5.899296 0.730533 2.775998
v 5.777874 0.730533 3.020601
v 5.646318 0.730533 3.259903
v 5.504854 0.730533 3.493486
v 5.353733 0.730533 3.720942
v 5.193220 0.730533 3.941870
v 5.023598 0.730533 4.155881
v 4.845160 0.730533 4.362601
v 4.658222 0.730533 4.561668
v 4.463114 0.730533 4.752734
v 4.260177 0.730533 4.935460
v 4.049763 0.730533 5.109528
v 3.832246 0.730533 5.274633
v 3.608006 0.730533 5.430484
v 3.377435 0.730533 5.576809
v 3.140941 0.730533 5.713350
v 2.898936 0.730533 5.839867
v 2.651844 0.730533 5.956139
v 2.400101 0.730533 6.061963
v 2.144146 0.730533 6.157150
v 1.884431 0.730533 6.241539
v 1.621410 0.730533 6.314975
v 1.355545 0.730533 6.377333
v 1.087300 0.730533 6.428502
v 0.817148 0.730533 6.468395
v 0.545563 0.730533 6.496941
v 0.273022 0.730533 6.514088
v -0.000000 0.730533 6.519805
v -0.273022 0.730533 6.514088
v -0.545563 0.730533 6.496941
v -0.817148 0.730533 6.468395
v -1.087300 0.730533 6.428502
v -1.355545 0.730533 6.377333
v -1.621410 0.730533 6.314975
v -1.884431 0.730533 6.241539
v -2.144146 0.730533 6.157150
v -2.400101 0.730533 6.061963
v -2.651844 0.730533 5.956139
v -2.898936 0.730533 5.839867
v -3.140941 0.730533 5.713350
v -3.377435 0.730533 5.576809
v -3.608006 0.730533 5.430484
v -3.832246 0.730533 5.274633
v -4.049763 0.730533 5.109528
v -4.260177 0.730533 4.935460
v -4.463114 0.730533 4.752734
v -4.658222 0.730533 4.561668
v -4.845160 0.730533 4.362601
v -5.023598 0.730533 4.155881
v -5.193220 0.730533 3.941870
v -5.353733 0.730533 3.720942
v -5.504854 0.730533 3.493486
v -5.646318 0.730533 3.259903
v -5.777875 0.730533 3.020601
v -5.899296 0.730533 2.775998
v -6.010369 0.730533 2.526526
v -6.110897 0.730533 2.272622
v -6.200703 0.730533 2.014731
v -6.279633 0.730533 1.753305
v -6.347545 0.730533 1.488803
v -6.404323 0.730533 1.221689
v -6.449864 0.730533 0.952433
v -6.484089 0.730533 0.681506
v -6.506940 0.730533 0.409383
v -6.518375 0.730533 0.136541
v -6.518375 0.730533 -0.136541
v -6.506940 0.730533 -0.409383
v -6.484089 0.730533 -0.681506
v -6.449864 0.730533 -0.952433
v -6.404323 0.730533 -1.221689
v -6.347545 0.730533 -1.488803
v -6.279633 0.730533 -1.753305
v -6.200703 0.730533 -2.014731
v -6.110897 0.730533 -2.272622
v -6.010369 0.730533 -2.526526
v -5.899296 0.730533 -2.775998
v -5.777874 0.730533 -3.020601
v -5.646318 0.730533 -3.259903
v -5.504854 0.730533 -3.493486
v -5.353733 0.730533 -3.720942
v -5.193220 0.730533 -3.941870
v -5.023598 0.730533 -4.155881
v -4.845160 0.730533 -4.362601
v -4.658222 0.730533 -4.561668
v -4.463114 0.730533 -4.752734
v -4.260177 0.730533 -4.935460
v -4.049763 0.730533 -5.109528
v -3.832246 0.730533 -5.274633
v -3.608006 0.730533 -5.430484
v -3.377435 0.730533 -5.576809
v -3.140941 0.730533 -5.713350
v -2.898936 0.730533 -5.839867
v -2.651844 0.730533 -5.956139
v -2.400101 0.730533 -6.061963
v -2.144146 0.730533 -6.157150
v -1.884431 0.730533 -6.241539
v -1.621410 0.730533 -6.314975
v -1.355545 0.730533 -6.377333
v -1.087300 0.730533 -6.428502
v -0.817148 0.730533 -6.468395
v -0.545563 0.730533 -6.496941
v -0.273022 0.730533 -6.514088
v 0.000000 0.855675 -6.275728
v 0.262801 0.855675 -6.270225
v 0.525138 0.855675 -6.253719
v 0.786556 0.855675 -6.226242
v 1.046596 0.855675 -6.187842
v 1.304799 0.855675 -6.138589
v 1.560711 0.855675 -6.078566
v 1.813884 0.855675 -6.007879
v 2.063877 0.855675 -5.926649
v 2.310250 0.855675 -5.835025
v 2.552569 0.855675 -5.733163
v 2.790410 0.855675 -5.621243
v 3.023355 0.855675 -5.499464
v 3.250996 0.855675 -5.368034
v 3.472935 0.855675 -5.227186
v 3.688780 0.855675 -5.077170
v 3.898155 0.855675 -4.918246
v 4.100692 0.855675 -4.750694
v 4.296031 0.855675 -4.574810
v 4.483835 0.855675 -4.390896
v 4.663776 0.855675 -4.199280
v 4.835533 0.855675 -4.000299
v 4.998805 0.855675 -3.794301
v 5.153308 0.855675 -3.581643
v 5.298773 0.855675 -3.362703
v 5.434941 0.855675 -3.137864
v 5.561572 0.855675 -2.907521
v 5.678448 0.855675 -2.672075
v 5.785363 0.855675 -2.431942
v 5.882127 0.855675 -2.187544
v 5.968571 0.855675 -1.939307
v 6.044546 0.855675 -1.687667
v 6.109916 0.855675 -1.433068
v 6.164569 0.855675 -1.175953
v 6.208405 0.855675 -0.916778
v 6.241349 0.855675 -0.655994
v 6.263344 0.855675 -0.394057
v 6.274351 0.855675 -0.131429
v 6.274351 0.855675 0.131429
v 6.263344 0.855675 0.394057
v 6.241349 0.855675 0.655994
v 6.208405 0.855675 0.916777
v 6.164569 0.855675 1.175953
v 6.109916 0.855675 1.433068
v 6.044546 0.855675 1.687667
v 5.968571 0.855675 1.939307
v 5.882127 0.855675 2.187544
v 5.785363 0.855675 2.431942
v 5.678448 0.855675 2.672075
v 5.561572 0.855675 2.907521
v 5.434941 0.855675 3.137864
v 5.298773 0.855675 3.362703
v 5.153308 0.855675 3.581644
v 4.998805 0.855675 3.794301
v 4.835533 0.855675 4.000299
v 4.663776 0.855675 4.199280
v 4.483835 0.855675 4.390896
v 4.296031 0.855675 4.574810
v 4.100692 0.855675 4.750694
v 3.898155 0.855675 4.918246
v 3.688780 0.855675 5.077170
v 3.472935 0.855675 5.227186
v 3.250996 0.855675 5.368034
v 3.023355 0.855675 5.499464
v 2.790410 0.855675 5.621243
v 2.552569 0.855675 5.733163
v 2.310250 0.855675 5.835025
v 2.063877 0.855675 5.926649
v 1.813884 0.855675 6.007879
v 1.560711 0.855675 6.078566
v 1.304799 0.855675 6.138589
v 1.046596 0.855675 6.187842
v 0.786556 0.855675 6.226242
v 0.525138 0.855675 6.253719
v 0.262801 0.855675 6.270225
v 0.000000 0.855675 6.275728
v -0.262801 0.855675 6.270225
v -0.525138 0.855675 6.253719
v -0.786556 0.855675 6.226242
v -1.046596 0.855675 6.187842
v -1.304799 0.855675 6.138589
v -1.560711 0.855675 6.078566
v -1.813884 0.855675 6.007879
v -2.063877 0.855675 5.926649
v -2.310250 0.855675 5.835025
v -2.552569 0.855675 5.733163
v -2.790410 0.855675 5.621243
v -3.023355 0.855675 5.499464
v -3.250996 0.855675 5.368034
v -3.472935 0.855675 5.227186
v -3.688780 0.855675 5.077170
v -3.898155 0.855675 4.918246
v -4.100692 0.855675 4.750694
v -4.296031 0.855675 4.574810
v -4.483835 0.855675 4.390896
v -4.663776 0.855675 4.199280
v -4.835533 0.855675 4.000299
v -4.998805 0.855675 3.794301
v -5.153308 0.855675 3.581643
v -5.298773 0.855675 3.362703
v -5.434941 0.855675 3.137864
v -5.561572 0.855675 2.907521
v -5.678448 0.855675 2.672075
v -5.785363 0.855675 2.431942
v -5.882127 0.855675 2.187544
v -5.968571 0.855675 1.939307
v -6.044546 0.855675 1.687667
v -6.109916 0.855675 1.433068
v -6.164569 0.855675 1.175953
v -6.208405 0.855675 0.916778
v -6.241349 0.855675 0.655994
v -6.263344 0.855675 0.394057
v -6.274351 0.855675 0.131429
v -6.274351 0.855675 -0.131429
v -6.263344 0.855675 -0.394057
v -6.241349 0.855675 -0.655994
v -6.208405 0.855675 -0.916777
v -6.164569 0.855675 -1.175953
v -6.109916 0.855675 -1.433068
v -6.044546 0.855675 -1.687667
v -5.968571 0.855675 -1.939307
v -5.882127 0.855675 -2.187544
v -5.785363 0.855675 -2.431942
v -5.678448 0.855675 -2.672075
v -5.561572 0.855675 -2.907521
v -5.434941 0.855675 -3.137864
v -5.298773 0.855675 -3.362703
v -5.153308 0.855675 -3.581644
v -4.998805 0.855675 -3.794301
v -4.835533 0.855675 -4.000299
v -4.663776 0.855675 -4.199280
v -4.483835 0.855675 -4.390896
v -4.296031 0.855675 -4.574810
v -4.100692 0.855675 -4.750694
v -3.898155 0.855675 -4.918246
v -3.688780 0.855675 -5.077170
v -3.472935 0.855675 -5.227186
v -3.250996 0.855675 -5.368034
v -3.023355 0.855675 -5.499464
v -2.790410 0.855675 -5.621243
v -2.552569 0.855675 -5.733163
v -2.310250 0.855675 -5.835025
v -2.063877 0.855675 -5.926649
v -1.813884 0.855675 -6.007879
v -1.560711 0.855675 -6.078566
v -1.304799 0.855675 -6.138589
v -1.046596 0.855675 -6.187842
v -0.786556 0.855675 -6.226242
v -0.525138 0.855675 -6.253719
v -0.262801 0.855675 -6.270225
v 0.000000 0.855675 -6.397767
v 0.267911 0.855675 -6.392156
v 0.535351 0.855675 -6.375330
v 0.801852 0.855675 -6.347318
v 1.066948 0.855675 -6.308172
v 1.330172 0.855675 -6.257961
v 1.591061 0.855675 -6.196770
v 1.849157 0.855675 -6.124709
v 2.104011 0.855675 -6.041900
v 2.355175 0.855675 -5.948494
v 2.602206 0.855675 -5.844651
v 2.844673 0.855675 -5.730555
v 3.082148 0.855675 -5.606407
v 3.314216 0.855675 -5.472422
v 3.540471 0.855675 -5.328835
v 3.760513 0.855675 -5.175902
v 3.973959 0.855675 -5.013887
v 4.180434 0.855675 -4.843077
v 4.379572 0.855675 -4.663772
v 4.571029 0.855675 -4.476282
v 4.754468 0.855675 -4.280941
v 4.929565 0.855675 -4.078090
v 5.096013 0.855675 -3.868085
v 5.253520 0.855675 -3.651292
v 5.401814 0.855675 -3.428095
v 5.540629 0.855675 -3.198883
v 5.669724 0.855675 -2.964061
v 5.788872 0.855675 -2.724036
v 5.897866 0.855675 -2.479234
v 5.996512 0.855675 -2.230083
v 6.084637 0.855675 -1.977019
v 6.162089 0.855675 -1.720486
v 6.228731 0.855675 -1.460935
v 6.284446 0.855675 -1.198821
v 6.329135 0.855675 -0.934605
v 6.362719 0.855675 -0.668750
v 6.385142 0.855675 -0.401720
v 6.396363 0.855675 -0.133985
v 6.396363 0.855675 0.133985
v 6.385142 0.855675 0.401720
v 6.362719 0.855675 0.668750
v 6.329135 0.855675 0.934605
v 6.284446 0.855675 1.198821
v 6.228731 0.855675 1.460935
v 6.162089 0.855675 1.720486
v 6.084637 0.855675 1.977019
v 5.996512 0.855675 2.230083
v 5.897866 0.855675 2.479234
v 5.788872 0.855675 2.724036
v 5.669723 0.855675 2.964061
v 5.540629 0.855675 3.198884
v 5.401814 0.855675 3.428095
v 5.253520 0.855675 3.651293
v 5.096013 0.855675 3.868085
v 4.929565 0.855675 4.078090
v 4.754468 0.855675 4.280941
v 4.571029 0.855675 4.476282
v 4.379572 0.855675 4.663772
v 4.180434 0.855675 4.843077
v 3.973959 0.855675 5.013887
v 3.760513 0.855675 5.175902
v 3.540471 0.855675 5.328835
v 3.314216 0.855675 5.472422
v 3.082148 0.855675 5.606407
v 2.844673 0.855675 5.730555
v 2.602206 0.855675 5.844651
v 2.355175 0.855675 5.948494
v 2.104011 0.855675 6.041900
v 1.849157 0.855675 6.124709
v 1.591061 0.855675 6.196770
v 1.330172 0.855675 6.257961
v 1.066948 0.855675 6.308172
v 0.801852 0.855675 6.347318
v 0.535351 0.855675 6.375330
v 0.267911 0.855675 6.392156
v 0.000000 0.855675 6.397767
v -0.267911 0.855675 6.392156
v -0.535351 0.855675 6.375330
v -0.801852 0.855675 6.347318
v -1.066948 0.855675 6.308172
v -1.330172 0.855675 6.257961
v -1.591061 0.855675 6.196770
v -1.849157 0.855675 6.124709
v -2.104011 0.855675 6.041900
v -2.355175 0.855675 5.948494
v -2.602206 0.855675 5.844651
v -2.844673 0.855675 5.730555
v -3.082148 0.855675 5.606407
v -3.314216 0.855675 5.472422
v -3.540471 0.855675 5.328835
v -3.760513 0.855675 5.175902
v -3.973959 0.855675 5.013887
v -4.180434 0.855675 4.843077
v -4.379572 0.855675 4.663772
v -4.571029 0.855675 4.476282
v -4.754468 0.855675 4.280941
v -4.929565 0.855675 4.078090
v -5.096013 0.855675 3.868085
v -5.253520 0.855675 3.651292
v -5.401814 0.855675 3.428095
v -5.540629 0.855675 3.198883
v -5.669724 0.855675 2.964061
v -5.788872 0.855675 2.724036
v -5.897866 0.855675 2.479234
v -5.996512 0.855675 2.230083
v -6.084637 0.855675 1.977019
v -6.162089 0.855675 1.720486
v -6.228731 0.855675 1.460935
v -6.284446 0.855675 1.198821
v -6.329135 0.855675 0.934605
v -6.362719 0.855675 0.668750
v -6.385142 0.855675 0.401720
v -6.396363 0.855675 0.133985
v -6.396363 0.855675 -0.133985
v -6.385142 0.855675 -0.401720
v -6.362719 0.855675 -0.668750
v -6.329135 0.855675 -0.934605
v -6.284446 0.855675 -1.198821
v -6.228731 0.855675 -1.460935
v -6.162089 0.855675 -1.720486
v -6.084637 0.855675 -1.977019
v -5.996512 0.855675 -2.230083
v -5.897866 0.855675 -2.479234
v -5.788872 0.855675 -2.724036
v -5.669723 0.855675 -2.964061
v -5.540629 0.855675 -3.198884
v -5.401814 0.855675 -3.428095
v -5.253520 0.855675 -3.651293
v -5.096013 0.855675 -3.868085
v -4.929565 0.855675 -4.078090
v -4.754468 0.855675 -4.280941
v -4.571029 0.855675 -4.476282
v -4.379572 0.855675 -4.663772
v -4.180434 0.855675 -4.843077
v -3.973959 0.855675 -5.013887
v -3.760513 0.855675 -5.175902
v -3.540471 0.855675 -5.328835
v -3.314216 0.855675 -5.472422
v -3.082148 0.855675 -5.606407
v -2.844673 0.855675 -5.730555
v -2.602206 0.855675 -5.844651
v -2.355175 0.855675 -5.948494
v -2.104011 0.855675 -6.041900
v -1.849157 0.855675 -6.124709
v -1.591061 0.855675 -6.196770
v -1.330172 0.855675 -6.257961
v -1.066948 0.855675 -6.308172
v -0.801852 0.855675 -6.347318
v -0.535351 0.855675 -6.375330
v -0.267911 0.855675 -6.392156
v 0.000000 0.980816 -6.153689
v 0.257691 0.980816 -6.148293
v 0.514926 0.980816 -6.132109
v 0.771260 0.980816 -6.105165
v 1.026244 0.980816 -6.067513
v 1.279426 0.980816 -6.019217
v 1.530361 0.980816 -5.960361
v 1.778611 0.980816 -5.891049
v 2.023742 0.980816 -5.811399
v 2.265325 0.980816 -5.721557
v 2.502931 0.980816 -5.621675
v 2.736148 0.980816 -5.511932
v 2.964563 0.980816 -5.392520
v 3.187776 0.980816 -5.263647
v 3.405400 0.980816 -5.125538
v 3.617047 0.980816 -4.978439
v 3.822351 0.980816 -4.822605
v 4.020949 0.980816 -4.658311
v 4.212490 0.980816 -4.485847
v 4.396642 0.980816 -4.305510
v 4.573084 0.980816 -4.117620
v 4.741501 0.980816 -3.922509
v 4.901597 0.980816 -3.720517
v 5.053096 0.980816 -3.511994
v 5.195732 0.980816 -3.297311
v 5.329252 0.980816 -3.076844
v 5.453421 0.980816 -2.850981
v 5.568024 0.980816 -2.620113
v 5.672860 0.980816 -2.384650
v 5.767743 0.980816 -2.145005
v 5.852505 0.980816 -1.901595
v 5.927003 0.980816 -1.654849
v 5.991102 0.980816 -1.405200
v 6.044692 0.980816 -1.153085
v 6.087676 0.980816 -0.898950
v 6.119978 0.980816 -0.643238
v 6.141546 0.980816 -0.386395
v 6.152339 0.980816 -0.128874
v 6.152339 0.980816 0.128874
v 6.141546 0.980816 0.386395
v 6.119978 0.980816 0.643238
v 6.087676 0.980816 0.898950
v 6.044692 0.980816 1.153085
v 5.991102 0.980816 1.405200
v 5.927003 0.980816 1.654849
v 5.852505 0.980816 1.901595
v 5.767743 0.980816 2.145005
v 5.672860 0.980816 2.384650
v 5.568024 0.980816 2.620113
v 5.453420 0.980816 2.850981
v 5.329252 0.980816 3.076845
v 5.195732 0.980816 3.297311
v 5.053096 0.980816 3.511995
v 4.901597 0.980816 3.720517
v 4.741501 0.980816 3.922509
v 4.573084 0.980816 4.117620
v 4.396642 0.980816 4.305510
v 4.212490 0.980816 4.485847
v 4.020949 0.980816 4.658311
v 3.822351 0.980816 4.822605
v 3.617047 0.980816 4.978439
v 3.405400 0.980816 5.125538
v 3.187776 0.980816 5.263647
v 2.964563 0.980816 5.392520
v 2.736148 0.980816 5.511932
v 2.502931 0.980816 5.621675
v 2.265325 0.980816 5.721557
v 2.023742 0.980816 5.811399
v 1.778611 0.980816 5.891049
v 1.530361 0.980816 5.960361
v 1.279426 0.980816 6.019217
v 1.026244 0.980816 6.067513
v 0.771260 0.980816 6.105165
v 0.514926 0.980816 6.132109
v 0.257691 0.980816 6.148293
v 0.000000 0.980816 6.153689
v -0.257691 0.980816 6.148293
v -0.514926 0.980816 6.132109
v -0.771260 0.980816 6.105165
v -1.026244 0.980816 6.067513
v -1.279426 0.980816 6.019217
v -1.530361 0.980816 5.960361
v -1.778611 0.980816 5.891049
v -2.023742 0.980816 5.811399
v -2.265325 0.980816 5.721557
v -2.502931 0.980816 5.621675
v -2.736148 0.980816 5.511932
v -2.964563 0.980816 5.392520
v -3.187776 0.980816 5.263647
v -3.405400 0.980816 5.125538
v -3.617047 0.980816 4.978439
v -3.822351 0.980816 4.822605
v -4.020949 0.980816 4.658311
v -4.212490 0.980816 4.485847
v -4.396642 0.980816 4.305510
v -4.573084 0.980816 4.117620
v -4.741501 0.980816 3.922509
v -4.901597 0.980816 3.720517
v -5.053096 0.980816 3.511994
v -5.195732 0.980816 3.297311
v -5.329252 0.980816 3.076844
v -5.453421 0.980816 2.850981
v -5.568024 0.980816 2.620113
v -5.672860 0.980816 2.384650
v -5.767743 0.980816 2.145005
v -5.852505 0.980816 1.901595
v -5.927003 0.980816 1.654849
v -5.991102 0.980816 1.405200
v -6.044692 0.980816 1.153085
v -6.087676 0.980816 0.898950
v -6.119978 0.980816 0.643238
v -6.141546 0.980816 0.386395
v -6.152339 0.980816 0.128874
v -6.152339 0.980816 -0.128874
v -6.141546 0.980816 -0.386395
v -6.119978 0.980816 -0.643238
v -6.087676 0.980816 -0.898950
v -6.044692 0.980816 -1.153085
v -5.991102 0.980816 -1.405200
v -5.927003 0.980816 -1.654849
v -5.852505 0.980816 -1.901595
v -5.767743 0.980816 -2.145005
v -5.672860 0.980816 -2.384650
v -5.568024 0.980816 -2.620113
v -5.453420 0.980816 -2.850981
v -5.329252 0.980816 -3.076845
v -5.195732 0.980816 -3.297311
v -5.053096 0.980816 -3.511995
v -4.901597 0.980816 -3.720517
v -4.741501 0.980816 -3.922509
v -4.573084 0.980816 -4.117620
v -4.396642 0.980816 -4.305510
v -4.212490 0.980816 -4.485847
v -4.020949 0.980816 -4.658311
v -3.822351 0.980816 -4.822605
v -3.617047 0.980816 -4.978439
v -3.405400 0.980816 -5.125538
v -3.187776 0.980816 -5.263647
v -2.964563 0.980816 -5.392520
v -2.736148 0.980816 -5.511932
v -2.502931 0.980816 -5.621675
v -2.265325 0.980816 -5.721557
v -2.023742 0.980816 -5.811399
v -1.778611 0.980816 -5.891049
v -1.530361 0.980816 -5.960361
v -1.279426 0.980816 -6.019217
v -1.026244 0.980816 -6.067513
v -0.771260 0.980816 -6.105165
v -0.514926 0.980816 -6.132109
v -0.257691 0.980816 -6.148293
v 0.000000 0.980816 -6.275728
v 0.262801 0.980816 -6.270225
v 0.525138 0.980816 -6.253719
v 0.786556 0.980816 -6.226242
v 1.046596 0.980816 -6.187842
v 1.304799 0.980816 -6.138589
v 1.560711 0.980816 -6.078566
v 1.813884 0.980816 -6.007879
v 2.063877 0.980816 -5.926649
v 2.310250 0.980816 -5.835025
v 2.552569 0.980816 -5.733163
v 2.790410 0.980816 -5.621243
v 3.023355 0.980816 -5.499464
v 3.250996 0.980816 -5.368034
v 3.472935 0.980816 -5.227186
v 3.688780 0.980816 -5.077170
v 3.898155 0.980816 -4.918246
v 4.100692 0.980816 -4.750694
v 4.296031 0.980816 -4.574810
v 4.483835 0.980816 -4.390896
v 4.663776 0.980816 -4.199280
v 4.835533 0.980816 -4.000299
v 4.998805 0.980816 -3.794301
v 5.153308 0.980816 -3.581643
v 5.298773 0.980816 -3.362703
v 5.434941 0.980816 -3.137864
v 5.561572 0.980816 -2.907521
v 5.678448 0.980816 -2.672075
v 5.785363 0.980816 -2.431942
v 5.882127 0.980816 -2.187544
v 5.968571 0.980816 -1.939307
v 6.044546 0.980816 -1.687667
v 6.109916 0.980816 -1.433068
v 6.164569 0.980816 -1.175953
v 6.208405 0.980816 -0.916778
v 6.241349 0.980816 -0.655994
v 6.263344 0.980816 -0.394057
v 6.274351 0.980816 -0.131429
v 6.274351 0.980816 0.131429
v 6.263344 0.980816 0.394057
v 6.241349 0.980816 0.655994
v 6.208405 0.980816 0.916777
v 6.164569 0.980816 1.175953
v 6.109916 0.980816 1.433068
v 6.044546 0.980816 1.687667
v 5.968571 0.980816 1.939307
v 5.882127 0.980816 2.187544
v 5.785363 0.980816 2.431942
v 5.678448 0.980816 2.672075
v 5.561572 0.980816 2.907521
v 5.434941 0.980816 3.137864
v 5.298773 0.980816 3.362703
v 5.153308 0.980816 3.581644
v 4.998805 0.980816 3.794301
v 4.835533 0.980816 4.000299
v 4.663776 0.980816 4.199280
v 4.483835 0.980816 4.390896
v 4.296031 0.980816 4.574810
v 4.100692 0.980816 4.750694
v 3.898155 0.980816 4.918246
v 3.688780 0.980816 5.077170
v 3.472935 0.980816 5.227186
v 3.250996 0.980816 5.368034
v 3.023355 0.980816 5.499464
v 2.790410 0.980816 5.621243
v 2.552569 0.980816 5.733163
v 2.310250 0.980816 5.835025
v 2.063877 0.980816 5.926649
v 1.813884 0.980816 6.007879
v 1.560711 0.980816 6.078566
v 1.304799 0.980816 6.138589
v 1.046596 0.980816 6.187842
v 0.786556 0.980816 6.226242
v 0.525138 0.980816 6.253719
v 0.262801 0.980816 6.270225
v 0.000000 0.980816 6.275728
v -0.262801 0.980816 6.270225
v -0.525138 0.980816 6.253719
v -0.786556 0.980816 6.226242
v -1.046596 0.980816 6.187842
v -1.304799 0.980816 6.138589
v -1.560711 0.980816 6.078566
v -1.813884 0.980816 6.007879
v -2.063877 0.980816 5.926649
v -2.310250 0.980816 5.835025
v -2.552569 0.980816 5.733163
v -2.790410 0.980816 5.621243
v -3.023355 0.980816 5.499464
v -3.250996 0.980816 5.368034
v -3.472935 0.980816 5.227186
v -3.688780 0.980816 5.077170
v -3.898155 0.980816 4.918246
v -4.100692 0.980816 4.750694
v -4.296031 0.980816 4.574810
v -4.483835 0.980816 4.390896
v -4.663776 0.980816 4.199280
v -4.835533 0.980816 4.000299
v -4.998805 0.980816 3.794301
v -5.153308 0.980816 3.581643
v -5.298773 0.980816 3.362703
v -5.434941 0.980816 3.137864
v -5.561572 0.980816 2.907521
v -5.678448 0.980816 2.672075
v -5.785363 0.980816 2.431942
v -5.882127 0.980816 2.187544
v -5.968571 0.980816 1.939307
v -6.044546 0.980816 1.687667
v -6.109916 0.980816 1.433068
v -6.164569 0.980816 1.175953
v -6.208405 0.980816 0.916778
v -6.241349 0.980816 0.655994
v -6.263344 0.980816 0.394057
v -6.274351 0.980816 0.131429
v -6.274351 0.980816 -0.131429
v -6.263344 0.980816 -0.394057
v -6.241349 0.980816 -0.655994
v -6.208405 0.980816 -0.916777
v -6.164569 0.980816 -1.175953
v -6.109916 0.980816 -1.433068
v -6.044546 0.980816 -1.687667
v -5.968571 0.980816 -1.939307
v -5.882127 0.980816 -2.187544
v -5.785363 0.980816 -2.431942
v -5.678448 0.980816 -2.672075
v -5.561572 0.980816 -2.907521
v -5.434941 0.980816 -3.137864
v -5.298773 0.980816 -3.362703
v -5.153308 0.980816 -3.581644
v -4.998805 0.980816 -3.794301
v -4.835533 0.980816 -4.000299
v -4.663776 0.980816 -4.199280
v -4.483835 0.980816 -4.390896
v -4.296031 0.980816 -4.574810
v -4.100692 0.980816 -4.750694
v -3.898155 0.980816 -4.918246
v -3.688780 0.980816 -5.077170
v -3.472935 0.980816 -5.227186
v -3.250996 0.980816 -5.368034
v -3.023355 0.980816 -5.499464
v -2.790410 0.980816 -5.621243
v -2.552569 0.980816 -5.733163
v -2.310250 0.980816 -5.835025
v -2.063877 0.980816 -5.926649
v -1.813884 0.980816 -6.007879
v -1.560711 0.980816 -6.078566
v -1.304799 0.980816 -6.138589
v -1.046596 0.980816 -6.187842
v -0.786556 0.980816 -6.226242
v -0.525138 0.980816 -6.253719
v -0.262801 0.980816 -6.270225
v -0.000000 1.105957 -6.031650
v 0.252581 1.105957 -6.026361
v 0.504713 1.105957 -6.010498
v 0.755964 1.105957 -5.984088
v 1.005892 1.105957 -5.947183
v 1.254053 1.105957 -5.899845
v 1.500012 1.105957 -5.842156
v 1.743337 1.105957 -5.774219
v 1.983607 1.105957 -5.696148
v 2.220400 1.105957 -5.608088
v 2.453293 1.105957 -5.510188
v 2.681885 1.105957 -5.402620
v 2.905770 1.105957 -5.285576
v 3.124557 1.105957 -5.159260
v 3.337865 1.105957 -5.023890
v 3.545315 1.105957 -4.879707
v 3.746547 1.105957 -4.726964
v 3.941207 1.105957 -4.565928
v 4.128948 1.105957 -4.396885
v 4.309448 1.105957 -4.220124
v 4.482392 1.105957 -4.035960
v 4.647469 1.105957 -3.844718
v 4.804390 1.105957 -3.646733
v 4.952884 1.105957 -3.442345
v 5.092691 1.105957 -3.231919
v 5.223564 1.105957 -3.015825
v 5.345269 1.105957 -2.794441
v 5.457600 1.105957 -2.568151
v 5.560357 1.105957 -2.337358
v 5.653358 1.105957 -2.102466
v 5.736439 1.105957 -1.863883
v 5.809460 1.105957 -1.622030
v 5.872287 1.105957 -1.377332
v 5.924815 1.105957 -1.130217
v 5.966947 1.105957 -0.881123
v 5.998608 1.105957 -0.630482
v 6.019748 1.105957 -0.378732
v 6.030326 1.105957 -0.126318
v 6.030326 1.105957 0.126318
v 6.019748 1.105957 0.378732
v 5.998608 1.105957 0.630482
v 5.966947 1.105957 0.881123
v 5.924815 1.105957 1.130217
v 5.872287 1.105957 1.377332
v 5.809460 1.105957 1.622030
v 5.736439 1.105957 1.863883
v 5.653358 1.105957 2.102466
v 5.560357 1.105957 2.337358
v 5.457600 1.105957 2.568151
v 5.345269 1.105957 2.794441
v 5.223564 1.105957 3.015826
v 5.092691 1.105957 3.231919
v 4.952884 1.105957 3.442346
v 4.804390 1.105957 3.646732
v 4.647469 1.105957 3.844718
v 4.482392 1.105957 4.035960
v 4.309448 1.105957 4.220124
v 4.128948 1.105957 4.396885
v 3.941207 1.105957 4.565928
v 3.746547 1.105957 4.726964
v 3.545315 1.105957 4.879707
v 3.337865 1.105957 5.023890
v 3.124557 1.105957 5.159260
v 2.905770 1.105957 5.285576
v 2.681885 1.105957 5.402620
v 2.453293 1.105957 5.510188
v 2.220400 1.105957 5.608088
v 1.983607 1.105957 5.696148
v 1.743337 1.105957 5.774219
v 1.500012 1.105957 5.842156
v 1.254053 1.105957 5.899845
v 1.005892 1.105957 5.947183
v 0.755964 1.105957 5.984088
v 0.504713 1.105957 6.010498
v 0.252581 1.105957 6.026361
v -0.000000 1.105957 6.031650
v -0.252581 1.105957 6.026361
v -0.504713 1.105957 6.010498
v -0.755964 1.105957 5.984088
v -1.005892 1.105957 5.947183
v -1.254053 1.105957 5.899845
v -1.500012 1.105957 5.842156
v -1.743337 1.105957 5.774219
v -1.983607 1.105957 5.696148
v -2.220400 1.105957 5.608088
v -2.453293 1.105957 5.510188
v -2.681885 1.105957 5.402620
v -2.905770 1.105957 5.285576
v -3.124557 1.105957 5.159260
v -3.337865 1.105957 5.023890
v -3.545315 1.105957 4.879707
v -3.746547 1.105957 4.726964
v -3.941207 1.105957 4.565928
v -4.128948 1.105957 4.396885
v -4.309448 1.105957 4.220124
v -4.482392 1.105957 4.035960
v -4.647469 1.105957 3.844718
v -4.804390 1.105957 3.646733
v -4.952884 1.105957 3.442345
v -5.092691 1.105957 3.231919
v -5.223564 1.105957 3.015825
v -5.345269 1.105957 2.794441
v -5.457600 1.105957 2.568151
v -5.560357 1.105957 2.337358
v -5.653358 1.105957 2.102466
v -5.736439 1.105957 1.863883
v -5.809460 1.105957 1.622030
v -5.872287 1.105957 1.377332
v -5.924815 1.105957 1.130217
v -5.966947 1.105957 0.881123
v -5.998608 1.105957 0.630482
v -6.019748 1.105957 0.378732
v -6.030326 1.105957 0.126318
v -6.030326 1.105957 -0.126318
v -6.019748 1.105957 -0.378732
v -5.998608 1.105957 -0.630482
v -5.966947 1.105957 -0.881123
v -5.924815 1.105957 -1.130217
v -5.872287 1.105957 -1.377332
v -5.809460 1.105957 -1.622030
v -5.736439 1.105957 -1.863883
v -5.653358 1.105957 -2.102466
v -5.560357 1.105957 -2.337358
v -5.457600 1.105957 -2.568151
v -5.345269 1.105957 -2.794441
v -5.223564 1.105957 -3.015826
v -5.092691 1.105957 -3.231919
v -4.952884 1.105957 -3.442346
v -4.804390 1.105957 -3.646732
v -4.647469 1.105957 -3.844718
v -4.482392 1.105957 -4.035960
v -4.309448 1.105957 -4.220124
v -4.128948 1.105957 -4.396885
v -3.941207 1.105957 -4.565928
v -3.746547 1.105957 -4.726964
v -3.545315 1.105957 -4.879707
v -3.337865 1.105957 -5.023890
v -3.124557 1.105957 -5.159260
v -2.905770 1.105957 -5.285576
v -2.681885 1.105957 -5.402620
v -2.453293 1.105957 -5.510188
v -2.220400 1.105957 -5.608088
v -1.983607 1.105957 -5.696148
v -1.743337 1.105957 -5.774219
v -1.500012 1.105957 -5.842156
v -1.254053 1.105957 -5.899845
v -1.005892 1.105957 -5.947183
v -0.755964 1.105957 -5.984088
v -0.504713 1.105957 -6.010498
v -0.252581 1.105957 -6.026361
v -0.000000 1.105957 -6.153689
v 0.257691 1.105957 -6.148293
v 0.514926 1.105957 -6.132109
v 0.771260 1.105957 -6.105165
v 1.026244 1.105957 -6.067513
v 1.279426 1.105957 -6.019217
v 1.530361 1.105957 -5.960361
v 1.778611 1.105957 -5.891049
v 2.023742 1.105957 -5.811399
v 2.265325 1.105957 -5.721557
v 2.502931 1.105957 -5.621675
v 2.736148 1.105957 -5.511932
v 2.964563 1.105957 -5.392520
v 3.187776 1.105957 -5.263647
v 3.405400 1.105957 -5.125538
v 3.617047 1.105957 -4.978439
v 3.822351 1.105957 -4.822605
v 4.020949 1.105957 -4.658311
v 4.212490 1.105957 -4.485847
v 4.396642 1.105957 -4.305510
v 4.573084 1.105957 -4.117620
v 4.741501 1.105957 -3.922509
v 4.901597 1.105957 -3.720517
v 5.053096 1.105957 -3.511994
v 5.195732 1.105957 -3.297311
v 5.329252 1.105957 -3.076844
v 5.453421 1.105957 -2.850981
v 5.568024 1.105957 -2.620113
v 5.672860 1.105957 -2.384650
v 5.767743 1.105957 -2.145005
v 5.852505 1.105957 -1.901595
v 5.927003 1.105957 -1.654849
v 5.991102 1.105957 -1.405200
v 6.044692 1.105957 -1.153085
v 6.087676 1.105957 -0.898950
v 6.119978 1.105957 -0.643238
v 6.141546 1.105957 -0.386395
v 6.152339 1.105957 -0.128874
v 6.152339 1.105957 0.128874
v 6.141546 1.105957 0.386395
v 6.119978 1.105957 0.643238
v 6.087676 1.105957 0.898950
v 6.044692 1.105957 1.153085
v 5.991102 1.105957 1.405200
v 5.927003 1.105957 1.654849
v 5.852505 1.105957 1.901595
v 5.767743 1.105957 2.145005
v 5.672860 1.105957 2.384650
v 5.568024 1.105957 2.620113
v 5.453420 1.105957 2.850981
v 5.329252 1.105957 3.076845
v 5.195732 1.105957 3.297311
v 5.053096 1.105957 3.511995
v 4.901597 1.105957 3.720517
v 4.741501 1.105957 3.922509
v 4.573084 1.105957 4.117620
v 4.396642 1.105957 4.305510
v 4.212490 1.105957 4.485847
v 4.020949 1.105957 4.658311
v 3.822351 1.105957 4.822605
v 3.617047 1.105957 4.978439
v 3.405400 1.105957 5.125538
v 3.187776 1.105957 5.263647
v 2.964563 1.105957 5.392520
v 2.736148 1.105957 5.511932
v 2.502931 1.105957 5.621675
v 2.265325 1.105957 5.721557
v 2.023742 1.105957 5.811399
v 1.778611 1.105957 5.891049
v 1.530361 1.105957 5.960361
v 1.279426 1.105957 6.019217
v 1.026244 1.105957 6.067513
v 0.771260 1.105957 6.105165
v 0.514926 1.105957 6.132109
v 0.257691 1.105957 6.148293
v -0.000000 1.105957 6.153689
v -0.257691 1.105957 6.148293
v -0.514926 1.105957 6.132109
v -0.771260 1.105957 6.105165
v -1.026244 1.105957 6.067513
v -1.279426 1.105957 6.019217
v -1.530361 1.105957 5.960361
v -1.778611 1.105957 5.891049
v -2.023742 1.105957 5.811399
v -2.265325 1.105957 5.721557
v -2.502931 1.105957 5.621675
v -2.736148 1.105957 5.511932
v -2.964563 1.105957 5.392520
v -3.187776 1.105957 5.263647
v -3.405400 1.105957 5.125538
v -3.617047 1.105957 4.978439
v -3.822351 1.105957 4.822605
v -4.020949 1.105957 4.658311
v -4.212490 1.105957 4.485847
v -4.396642 1.105957 4.305510
v -4.573084 1.105957 4.117620
v -4.741501 1.105957 3.922509
v -4.901597 1.105957 3.720517
v -5.053096 1.105957 3.511994
v -5.195732 1.105957 3.297311
v -5.329252 1.105957 3.076844
v -5.453421 1.105957 2.850981
v -5.568024 1.105957 2.620113
v -5.672860 1.105957 2.384650
v -5.767743 1.105957 2.145005
v -5.852505 1.105957 1.901595
v -5.927003 1.105957 1.654849
v -5.991102 1.105957 1.405200
v -6.044692 1.105957 1.153085
v -6.087676 1.105957 0.898950
v -6.119978 1.105957 0.643238
v -6.141546 1.105957 0.386395
v -6.152339 1.105957 0.128874
v -6.152339 1.105957 -0.128874
v -6.141546 1.105957 -0.386395
v -6.119978 1.105957 -0.643238
v -6.087676 1.105957 -0.898950
v -6.044692 1.105957 -1.153085
v -5.991102 1.105957 -1.405200
v -5.927003 1.105957 -1.654849
v -5.852505 1.105957 -1.901595
v -5.767743 1.105957 -2.145005
v -5.672860 1.105957 -2.384650
v -5.568024 1.105957 -2.620113
v -5.453420 1.105957 -2.850981
v -5.329252 1.105957 -3.076845
v -5.195732 1.105957 -3.297311
v -5.053096 1.105957 -3.511995
v -4.901597 1.105957 -3.720517
v -4.741501 1.105957 -3.922509
v -4.573084 1.105957 -4.117620
v -4.396642 1.105957 -4.305510
v -4.212490 1.105957 -4.485847
v -4.020949 1.105957 -4.658311
v -3.822351 1.105957 -4.822605
v -3.617047 1.105957 -4.978439
v -3.405400 1.105957 -5.125538
v -3.187776 1.105957 -5.263647
v -2.964563 1.105957 -5.392520
v -2.736148 1.105957 -5.511932
v -2.502931 1.105957 -5.621675
v -2.265325 1.105957 -5.721557
v -2.023742 1.105957 -5.811399
v -1.778611 1.105957 -5.891049
v -1.530361 1.105957 -5.960361
v -1.279426 1.105957 -6.019217
v -1.026244 1.105957 -6.067513
v -0.771260 1.105957 -6.105165
v -0.514926 1.105957 -6.132109
v -0.257691 1.105957 -6.148293
v -0.000000 1.231098 -5.909611
v 0.247471 1.231098 -5.904430
v 0.494501 1.231098 -5.888887
v 0.740669 1.231098 -5.863012
v 0.985541 1.231098 -5.826853
v 1.228680 1.231098 -5.780473
v 1.469662 1.231098 -5.723952
v 1.708063 1.231098 -5.657389
v 1.943473 1.231098 -5.580897
v 2.175475 1.231098 -5.494619
v 2.403655 1.231098 -5.398700
v 2.627622 1.231098 -5.293309
v 2.846978 1.231098 -5.178633
v 3.061337 1.231098 -5.054873
v 3.270329 1.231098 -4.922241
v 3.473582 1.231098 -4.780976
v 3.670743 1.231098 -4.631322
v 3.861465 1.231098 -4.473545
v 4.045407 1.231098 -4.307923
v 4.222255 1.231098 -4.134738
v 4.391700 1.231098 -3.954299
v 4.553436 1.231098 -3.766928
v 4.707182 1.231098 -3.572948
v 4.852672 1.231098 -3.372696
v 4.989651 1.231098 -3.166528
v 5.117875 1.231098 -2.954806
v 5.237118 1.231098 -2.737901
v 5.347176 1.231098 -2.516190
v 5.447854 1.231098 -2.290066
v 5.538973 1.231098 -2.059927
v 5.620373 1.231098 -1.826172
v 5.691916 1.231098 -1.589211
v 5.753473 1.231098 -1.349464
v 5.804938 1.231098 -1.107349
v 5.846217 1.231098 -0.863295
v 5.877238 1.231098 -0.617726
v 5.897950 1.231098 -0.371069
v 5.908314 1.231098 -0.123762
v 5.908314 1.231098 0.123762
v 5.897950 1.231098 0.371069
v 5.877238 1.231098 0.617726
v 5.846217 1.231098 0.863295
v 5.804938 1.231098 1.107349
v 5.753473 1.231098 1.349464
v 5.691916 1.231098 1.589211
v 5.620373 1.231098 1.826172
v 5.538973 1.231098 2.059927
v 5.447854 1.231098 2.290066
v 5.347176 1.231098 2.516190
v 5.237117 1.231098 2.737902
v 5.117875 1.231098 2.954807
v 4.989651 1.231098 3.166527
v 4.852672 1.231098 3.372697
v 4.707182 1.231098 3.572948
v 4.553436 1.231098 3.766928
v 4.391700 1.231098 3.954299
v 4.222255 1.231098 4.134738
v 4.045407 1.231098 4.307923
v 3.861465 1.231098 4.473545
v 3.670743 1.231098 4.631322
v 3.473582 1.231098 4.780976
v 3.270329 1.231098 4.922241
v 3.061337 1.231098 5.054873
v 2.846978 1.231098 5.178633
v 2.627622 1.231098 5.293309
v 2.403655 1.231098 5.398700
v 2.175475 1.231098 5.494619
v 1.943473 1.231098 5.580897
v 1.708063 1.231098 5.657389
v 1.469662 1.231098 5.723952
v 1.228680 1.231098 5.780473
v 0.985541 1.231098 5.826853
v 0.740669 1.231098 5.863012
v 0.494501 1.231098 5.888887
v 0.247471 1.231098 5.904430
v -0.000000 1.231098 5.909611
v -0.247471 1.231098 5.904430
v -0.494501 1.231098 5.888887
v -0.740669 1.231098 5.863012
v -0.985541 1.231098 5.826853
v -1.228680 1.231098 5.780473
v -1.469662 1.231098 5.723952
v -1.708063 1.231098 5.657389
v -1.943473 1.231098 5.580897
v -2.175475 1.231098 5.494619
v -2.403655 1.231098 5.398700
v -2.627622 1.231098 5.293309
v -2.846978 1.231098 5.178633
v -3.061337 1.231098 5.054873
v -3.270329 1.231098 4.922241
v -3.473582 1.231098 4.780976
v -3.670743 1.231098 4.631322
v -3.861465 1.231098 4.473545
v -4.045407 1.231098 4.307923
v -4.222255 1.231098 4.134738
v -4.391700 1.231098 3.954299
v -4.553436 1.231098 3.766928
v -4.707182 1.231098 3.572948
v -4.852672 1.231098 3.372696
v -4.989651 1.231098 3.166528
v -5.117875 1.231098 2.954806
v -5.237118 1.231098 2.737901
v -5.347176 1.231098 2.516190
v -5.447854 1.231098 2.290066
v -5.538973 1.231098 2.059927
v -5.620373 1.231098 1.826172
v -5.691916 1.231098 1.589211
v -5.753473 1.231098 1.349464
v -5.804938 1.231098 1.107349
v -5.846217 1.231098 0.863295
v -5.877238 1.231098 0.617726
v -5.897950 1.231098 0.371069
v -5.908314 1.231098 0.123762
v -5.908314 1.231098 -0.123762
v -5.897950 1.231098 -0.371069
v -5.877238 1.231098 -0.617726
v -5.846217 1.231098 -0.863295
v -5.804938 1.231098 -1.107349
v -5.753473 1.231098 -1.349464
v -5.691916 1.231098 -1.589211
v -5.620373 1.231098 -1.826172
v -5.538973 1.231098 -2.059927
v -5.447854 1.231098 -2.290066
v -5.347176 1.231098 -2.516190
v -5.237117 1.231098 -2.737902
v -5.117875 1.231098 -2.954807
v -4.989651 1.231098 -3.166527
v -4.852672 1.231098 -3.372697
v -4.707182 1.231098 -3.572948
v -4.553436 1.231098 -3.766928
v -4.391700 1.231098 -3.954299
v -4.222255 1.231098 -4.134738
v -4.045407 1.231098 -4.307923
v -3.861465 1.231098 -4.473545
v -3.670743 1.231098 -4.631322
v -3.473582 1.231098 -4.780976
v -3.270329 1.231098 -4.922241
v -3.061337 1.231098 -5.054873
v -2.846978 1.231098 -5.178633
v -2.627622 1.231098 -5.293309
v -2.403655 1.231098 -5.398700
v -2.175475 1.231098 -5.494619
v -1.943473 1.231098 -5.580897
v -1.708063 1.231098 -5.657389
v -1.469662 1.231098 -5.723952
v -1.228680 1.231098 -5.780473
v -0.985541 1.231098 -5.826853
v -0.740669 1.231098 -5.863012
v -0.494501 1.231098 -5.888887
v -0.247471 1.231098 -5.904430
v -0.000000 1.231098 -6.031650
v 0.252581 1.231098 -6.026361
v 0.504713 1.231098 -6.010498
v 0.755964 1.231098 -5.984088
v 1.005892 1.231098 -5.947183
v 1.254053 1.231098 -5.899845
v 1.500012 1.231098 -5.842156
v 1.743337 1.231098 -5.774219
v 1.983607 1.231098 -5.696148
v 2.220400 1.231098 -5.608088
v 2.453293 1.231098 -5.510188
v 2.681885 1.231098 -5.402620
v 2.905770 1.231098 -5.285576
v 3.124557 1.231098 -5.159260
v 3.337865 1.231098 -5.023890
v 3.545315 1.231098 -4.879707
v 3.746547 1.231098 -4.726964
v 3.941207 1.231098 -4.565928
v 4.128948 1.231098 -4.396885
v 4.309448 1.231098 -4.220124
v 4.482392 1.231098 -4.035960
v 4.647469 1.231098 -3.844718
v 4.804390 1.231098 -3.646733
v 4.952884 1.231098 -3.442345
v 5.092691 1.231098 -3.231919
v 5.223564 1.231098 -3.015825
v 5.345269 1.231098 -2.794441
v 5.457600 1.231098 -2.568151
v 5.560357 1.231098 -2.337358
v 5.653358 1.231098 -2.102466
v 5.736439 1.231098 -1.863883
v 5.809460 1.231098 -1.622030
v 5.872287 1.231098 -1.377332
v 5.924815 1.231098 -1.130217
v 5.966947 1.231098 -0.881123
v 5.998608 1.231098 -0.630482
v 6.019748 1.231098 -0.378732
v 6.030326 1.231098 -0.126318
v 6.030326 1.231098 0.126318
v 6.019748 1.231098 0.378732
v 5.998608 1.231098 0.630482
v 5.966947 1.231098 0.881123
v 5.924815 1.231098 1.130217
v 5.872287 1.231098 1.377332
v 5.809460 1.231098 1.622030
v 5.736439 1.231098 1.863883
v 5.653358 1.231098 2.102466
v 5.560357 1.231098 2.337358
v 5.457600 1.231098 2.568151
v 5.345269 1.231098 2.794441
v 5.223564 1.231098 3.015826
v 5.092691 1.231098 3.231919
v 4.952884 1.231098 3.442346
v 4.804390 1.231098 3.646732
v 4.647469 1.231098 3.844718
v 4.482392 1.231098 4.035960
v 4.309448 1.231098 4.220124
v 4.128948 1.231098 4.396885
v 3.941207 1.231098 4.565928
v 3.746547 1.231098 4.726964
v 3.545315 1.231098 4.879707
v 3.337865 1.231098 5.023890
v 3.124557 1.231098 5.159260
v 2.905770 1.231098 5.285576
v 2.681885 1.231098 5.402620
v 2.453293 1.231098 5.510188
v 2.220400 1.231098 5.608088
v 1.983607 1.231098 5.696148
v 1.743337 1.231098 5.774219
v 1.500012 1.231098 5.842156
v 1.254053 1.231098 5.899845
v 1.005892 1.231098 5.947183
v 0.755964 1.231098 5.984088
v 0.504713 1.231098 6.010498
v 0.252581 1.231098 6.026361
v -0.000000 1.231098 6.031650
v -0.252581 1.231098 6.026361
v -0.504713 1.231098 6.010498
v -0.755964 1.231098 5.984088
v -1.005892 1.231098 5.947183
v -1.254053 1.231098 5.899845
v -1.500012 1.231098 5.842156
v -1.743337 1.231098 5.774219
v -1.983607 1.231098 5.696148
v -2.220400 1.231098 5.608088
v -2.453293 1.231098 5.510188
v -2.681885 1.231098 5.402620
v -2.905770 1.231098 5.285576
v -3.124557 1.231098 5.159260
v -3.337865 1.231098 5.023890
v -3.545315 1.231098 4.879707
v -3.746547 1.231098 4.726964
v -3.941207 1.231098 4.565928
v -4.128948 1.231098 4.396885
v -4.309448 1.231098 4.220124
v -4.482392 1.231098 4.035960
v -4.647469 1.231098 3.844718
v -4.804390 1.231098 3.646733
v -4.952884 1.231098 3.442345
v -5.092691 1.231098 3.231919
v -5.223564 1.231098 3.015825
v -5.345269 1.231098 2.794441
v -5.457600 1.231098 2.568151
v -5.560357 1.231098 2.337358
v -5.653358 1.231098 2.102466
v -5.736439 1.231098 1.863883
v -5.809460 1.231098 1.622030
v -5.872287 1.231098 1.377332
v -5.924815 1.231098 1.130217
v -5.966947 1.231098 0.881123
v -5.998608 1.231098 0.630482
v -6.019748 1.231098 0.378732
v -6.030326 1.231098 0.126318
v -6.030326 1.231098 -0.126318
v -6.019748 1.231098 -0.378732
v -5.998608 1.231098 -0.630482
v -5.966947 1.231098 -0.881123
v -5.924815 1.231098 -1.130217
v -5.872287 1.231098 -1.377332
v -5.809460 1.231098 -1.622030
v -5.736439 1.231098 -1.863883
v -5.653358 1.231098 -2.102466
v -5.560357 1.231098 -2.337358
v -5.457600 1.231098 -2.568151
v -5.345269 1.231098 -2.794441
v -5.223564 1.231098 -3.015826
v -5.092691 1.231098 -3.231919
v -4.952884 1.231098 -3.442346
v -4.804390 1.231098 -3.646732
v -4.647469 1.231098 -3.844718
v -4.482392 1.231098 -4.035960
v -4.309448 1.231098 -4.220124
v -4.128948 1.231098 -4.396885
v -3.941207 1.231098 -4.565928
v -3.746547 1.231098 -4.726964
v -3.545315 1.231098 -4.879707
v -3.337865 1.231098 -5.023890
v -3.124557 1.231098 -5.159260
v -2.905770 1.231098 -5.285576
v -2.681885 1.231098 -5.402620
v -2.453293 1.231098 -5.510188
v -2.220400 1.231098 -5.608088
v -1.983607 1.231098 -5.696148
v -1.743337 1.231098 -5.774219
v -1.500012 1.231098 -5.842156
v -1.254053 1.231098 -5.899845
v -1.005892 1.231098 -5.947183
v -0.755964 1.231098 -5.984088
v -0.504713 1.231098 -6.010498
v -0.252581 1.231098 -6.026361
v -0.000000 1.356239 -5.787572
v 0.242361 1.356239 -5.782498
v 0.484288 1.356239 -5.767277
v 0.725373 1.356239 -5.741935
v 0.965189 1.356239 -5.706523
v 1.203307 1.356239 -5.661101
v 1.439313 1.356239 -5.605747
v 1.672790 1.356239 -5.540559
v 1.903338 1.356239 -5.465647
v 2.130549 1.356239 -5.381150
v 2.354017 1.356239 -5.287212
v 2.573360 1.356239 -5.183997
v 2.788185 1.356239 -5.071689
v 2.998117 1.356239 -4.950485
v 3.202794 1.356239 -4.820593
v 3.401849 1.356239 -4.682244
v 3.594939 1.356239 -4.535681
v 3.781722 1.356239 -4.381162
v 3.961865 1.356239 -4.218961
v 4.135061 1.356239 -4.049353
v 4.301008 1.356239 -3.872639
v 4.459404 1.356239 -3.689137
v 4.609975 1.356239 -3.499164
v 4.752460 1.356239 -3.303047
v 4.886610 1.356239 -3.101136
v 5.012187 1.356239 -2.893786
v 5.128966 1.356239 -2.681362
v 5.236752 1.356239 -2.464228
v 5.335351 1.356239 -2.242773
v 5.424589 1.356239 -2.017388
v 5.504307 1.356239 -1.788460
v 5.574373 1.356239 -1.556392
v 5.634658 1.356239 -1.321595
v 5.685061 1.356239 -1.084480
v 5.725488 1.356239 -0.845468
v 5.755867 1.356239 -0.604970
v 5.776152 1.356239 -0.363407
v 5.786302 1.356239 -0.121207
v 5.786302 1.356239 0.121207
v 5.776152 1.356239 0.363407
v 5.755867 1.356239 0.604970
v 5.725488 1.356239 0.845468
v 5.685061 1.356239 1.084480
v 5.634658 1.356239 1.321595
v 5.574373 1.356239 1.556392
v 5.504307 1.356239 1.788460
v 5.424589 1.356239 2.017388
v 5.335351 1.356239 2.242773
v 5.236752 1.356239 2.464228
v 5.128966 1.356239 2.681362
v 5.012187 1.356239 2.893787
v 4.886610 1.356239 3.101135
v 4.752460 1.356239 3.303048
v 4.609975 1.356239 3.499164
v 4.459404 1.356239 3.689137
v 4.301008 1.356239 3.872639
v 4.135061 1.356239 4.049353
v 3.961865 1.356239 4.218961
v 3.781722 1.356239 4.381162
v 3.594939 1.356239 4.535681
v 3.401849 1.356239 4.682244
v 3.202794 1.356239 4.820593
v 2.998117 1.356239 4.950485
v 2.788185 1.356239 5.071689
v 2.573360 1.356239 5.183997
v 2.354017 1.356239 5.287212
v 2.130549 1.356239 5.381150
v 1.903338 1.356239 5.465647
v 1.672790 1.356239 5.540559
v 1.439313 1.356239 5.605747
v 1.203307 1.356239 5.661101
v 0.965189 1.356239 5.706523
v 0.725373 1.356239 5.741935
v 0.484288 1.356239 5.767277
v 0.242361 1.356239 5.782498
v -0.000000 1.356239 5.787572
v -0.242361 1.356239 5.782498
v -0.484288 1.356239 5.767277
v -0.725373 1.356239 5.741935
v -0.965189 1.356239 5.706523
v -1.203307 1.356239 5.661101
v -1.439313 1.356239 5.605747
v -1.672790 1.356239 5.540559
v -1.903338 1.356239 5.465647
v -2.130549 1.356239 5.381150
v -2.354017 1.356239 5.287212
v -2.573360 1.356239 5.183997
v -2.788185 1.356239 5.071689
v -2.998117 1.356239 4.950485
v -3.202794 1.356239 4.820593
v -3.401849 1.356239 4.682244
v -3.594939 1.356239 4.535681
v -3.781722 1.356239 4.381162
v -3.961865 1.356239 4.218961
v -4.135061 1.356239 4.049353
v -4.301008 1.356239 3.872639
v -4.459404 1.356239 3.689137
v -4.609975 1.356239 3.499164
v -4.752460 1.356239 3.303047
v -4.886610 1.356239 3.101136
v -5.012187 1.356239 2.893786
v -5.128966 1.356239 2.681362
v -5.236752 1.356239 2.464228
v -5.335351 1.356239 2.242773
v -5.424589 1.356239 2.017388
v -5.504307 1.356239 1.788460
v -5.574373 1.356239 1.556392
v -5.634658 1.356239 1.321595
v -5.685061 1.356239 1.084480
v -5.725488 1.356239 0.845468
v -5.755867 1.356239 0.604970
v -5.776152 1.356239 0.363407
v -5.786302 1.356239 0.121207
v -5.786302 1.356239 -0.121207
v -5.776152 1.356239 -0.363407
v -5.755867 1.356239 -0.604970
v -5.725488 1.356239 -0.845468
v -5.685061 1.356239 -1.084480
v -5.634658 1.356239 -1.321595
v -5.574373 1.356239 -1.556392
v -5.504307 1.356239 -1.788460
v -5.424589 1.356239 -2.017388
v -5.335351 1.356239 -2.242773
v -5.236752 1.356239 -2.464228
v -5.128966 1.356239 -2.681362
v -5.012187 1.356239 -2.893787
v -4.886610 1.356239 -3.101135
v -4.752460 1.356239 -3.303048
v -4.609975 1.356239 -3.499164
v -4.459404 1.356239 -3.689137
v -4.301008 1.356239 -3.872639
v -4.135061 1.356239 -4.049353
v -3.961865 1.356239 -4.218961
v -3.781722 1.356239 -4.381162
v -3.594939 1.356239 -4.535681
v -3.401849 1.356239 -4.682244
v -3.202794 1.356239 -4.820593
v -2.998117 1.356239 -4.950485
v -2.788185 1.356239 -5.071689
v -2.573360 1.356239 -5.183997
v -2.354017 1.356239 -5.287212
v -2.130549 1.356239 -5.381150
v -1.903338 1.356239 -5.465647
v -1.672790 1.356239 -5.540559
v -1.439313 1.356239 -5.605747
v -1.203307 1.356239 -5.661101
v -0.965189 1.356239 -5.706523
v -0.725373 1.356239 -5.741935
v -0.484288 1.356239 -5.767277
v -0.242361 1.356239 -5.782498
v -0.000000 1.356239 -5.909611
v 0.247471 1.356239 -5.904430
v 0.494501 1.356239 -5.888887
v 0.740669 1.356239 -5.863012
v 0.985541 1.356239 -5.826853
v 1.228680 1.356239 -5.780473
v 1.469662 1.356239 -5.723952
v 1.708063 1.356239 -5.657389
v 1.943473 1.356239 -5.580897
v 2.175475 1.356239 -5.494619
v 2.403655 1.356239 -5.398700
v 2.627622 1.356239 -5.293309
v 2.846978 1.356239 -5.178633
v 3.061337 1.356239 -5.054873
v 3.270329 1.356239 -4.922241
v 3.473582 1.356239 -4.780976
v 3.670743 1.356239 -4.631322
v 3.861465 1.356239 -4.473545
v 4.045407 1.356239 -4.307923
v 4.222255 1.356239 -4.134738
v 4.391700 1.356239 -3.954299
v 4.553436 1.356239 -3.766928
v 4.707182 1.356239 -3.572948
v 4.852672 1.356239 -3.372696
v 4.989651 1.356239 -3.166528
v 5.117875 1.356239 -2.954806
v 5.237118 1.356239 -2.737901
v 5.347176 1.356239 -2.516190
v 5.447854 1.356239 -2.290066
v 5.538973 1.356239 -2.059927
v 5.620373 1.356239 -1.826172
v 5.691916 1.356239 -1.589211
v 5.753473 1.356239 -1.349464
v 5.804938 1.356239 -1.107349
v 5.846217 1.356239 -0.863295
v 5.877238 1.356239 -0.617726
v 5.897950 1.356239 -0.371069
v 5.908314 1.356239 -0.123762
v 5.908314 1.356239 0.123762
v 5.897950 1.356239 0.371069
v 5.877238 1.356239 0.617726
v 5.846217 1.356239 0.863295
v 5.804938 1.356239 1.107349
v 5.753473 1.356239 1.349464
v 5.691916 1.356239 1.589211
v 5.620373 1.356239 1.826172
v 5.538973 1.356239 2.059927
v 5.447854 1.356239 2.290066
v 5.347176 1.356239 2.516190
v 5.237117 1.356239 2.737902
v 5.117875 1.356239 2.954807
v 4.989651 1.356239 3.166527
v 4.852672 1.356239 3.372697
v 4.707182 1.356239 3.572948
v 4.553436 1.356239 3.766928
v 4.391700 1.356239 3.954299
v 4.222255 1.356239 4.134738
v 4.045407 1.356239 4.307923
v 3.861465 1.356239 4.473545
v 3.670743 1.356239 4.631322
v 3.473582 1.356239 4.780976
v 3.270329 1.356239 4.922241
v 3.061337 1.356239 5.054873
v 2.846978 1.356239 5.178633
v 2.627622 1.356239 5.293309
v 2.403655 1.356239 5.398700
v 2.175475 1.356239 5.494619
v 1.943473 1.356239 5.580897
v 1.708063 1.356239 5.657389
v 1.469662 1.356239 5.723952
v 1.228680 1.356239 5.780473
v 0.985541 1.356239 5.826853
v 0.740669 1.356239 5.863012
v 0.494501 1.356239 5.888887
v 0.247471 1.356239 5.904430
v -0.000000 1.356239 5.909611
v -0.247471 1.356239 5.904430
v -0.494501 1.356239 5.888887
v -0.740669 1.356239 5.863012
v -0.985541 1.356239 5.826853
v -1.228680 1.356239 5.780473
v -1.469662 1.356239 5.723952
v -1.708063 1.356239 5.657389
v -1.943473 1.356239 5.580897
v -2.175475 1.356239 5.494619
v -2.403655 1.356239 5.398700
v -2.627622 1.356239 5.293309
v -2.846978 1.356239 5.178633
v -3.061337 1.356239 5.054873
v -3.270329 1.356239 4.922241
v -3.473582 1.356239 4.780976
v -3.670743 1.356239 4.631322
v -3.861465 1.356239 4.473545
v -4.045407 1.356239 4.307923
v -4.222255 1.356239 4.134738
v -4.391700 1.356239 3.954299
v -4.553436 1.356239 3.766928
v -4.707182 1.356239 3.572948
v -4.852672 1.356239 3.372696
v -4.989651 1.356239 3.166528
v -5.117875 1.356239 2.954806
v -5.237118 1.356239 2.737901
v -5.347176 1.356239 2.516190
v -5.447854 1.356239 2.290066
v -5.538973 1.356239 2.059927
v -5.620373 1.356239 1.826172
v -5.691916 1.356239 1.589211
v -5.753473 1.356239 1.349464
v -5.804938 1.356239 1.107349
v -5.846217 1.356239 0.863295
v -5.877238 1.356239 0.617726
v -5.897950 1.356239 0.371069
v -5.908314 1.356239 0.123762
v -5.908314 1.356239 -0.123762
v -5.897950 1.356239 -0.371069
v -5.877238 1.356239 -0.617726
v -5.846217 1.356239 -0.863295
v -5.804938 1.356239 -1.107349
v -5.753473 1.356239 -1.349464
v -5.691916 1.356239 -1.589211
v -5.620373 1.356239 -1.826172
v -5.538973 1.356239 -2.059927
v -5.447854 1.356239 -2.290066
v -5.347176 1.356239 -2.516190
v -5.237117 1.356239 -2.737902
v -5.117875 1.356239 -2.954807
v -4.989651 1.356239 -3.166527
v -4.852672 1.356239 -3.372697
v -4.707182 1.356239 -3.572948
v -4.553436 1.356239 -3.766928
v -4.391700 1.356239 -3.954299
v -4.222255 1.356239 -4.134738
v -4.045407 1.356239 -4.307923
v -3.861465 1.356239 -4.473545
v -3.670743 1.356239 -4.631322
v -3.473582 1.356239 -4.780976
v -3.270329 1.356239 -4.922241
v -3.061337 1.356239 -5.054873
v -2.846978 1.356239 -5.178633
v -2.627622 1.356239 -5.293309
v -2.403655 1.356239 -5.398700
v -2.175475 1.356239 -5.494619
v -1.943473 1.356239 -5.580897
v -1.708063 1.356239 -5.657389
v -1.469662 1.356239 -5.723952
v -1.228680 1.356239 -5.780473
v -0.985541 1.356239 -5.826853
v -0.740669 1.356239 -5.863012
v -0.494501 1.356239 -5.888887
v -0.247471 1.356239 -5.904430
v -0.000000 1.481380 -5.665534
v 0.237251 1.481380 -5.660567
v 0.474075 1.481380 -5.645666
v 0.710077 1.481380 -5.620859
v 0.944837 1.481380 -5.586193
v 1.177935 1.481380 -5.541729
v 1.408963 1.481380 -5.487543
v 1.637516 1.481380 -5.423729
v 1.863204 1.481380 -5.350396
v 2.085624 1.481380 -5.267681
v 2.304380 1.481380 -5.175724
v 2.519097 1.481380 -5.074686
v 2.729393 1.481380 -4.964746
v 2.934898 1.481380 -4.846097
v 3.135258 1.481380 -4.718945
v 3.330116 1.481380 -4.583513
v 3.519135 1.481380 -4.440040
v 3.701980 1.481380 -4.288779
v 3.878324 1.481380 -4.129999
v 4.047868 1.481380 -3.963967
v 4.210316 1.481380 -3.790979
v 4.365372 1.481380 -3.611347
v 4.512767 1.481380 -3.425380
v 4.652248 1.481380 -3.233399
v 4.783569 1.481380 -3.035744
v 4.906498 1.481380 -2.832767
v 5.020815 1.481380 -2.624822
v 5.126328 1.481380 -2.412266
v 5.222847 1.481380 -2.195481
v 5.310204 1.481380 -1.974849
v 5.388241 1.481380 -1.750748
v 5.456830 1.481380 -1.523574
v 5.515844 1.481380 -1.293727
v 5.565185 1.481380 -1.061612
v 5.604758 1.481380 -0.827640
v 5.634497 1.481380 -0.592214
v 5.654354 1.481380 -0.355744
v 5.664290 1.481380 -0.118651
v 5.664290 1.481380 0.118651
v 5.654354 1.481380 0.355744
v 5.634497 1.481380 0.592214
v 5.604758 1.481380 0.827640
v 5.565185 1.481380 1.061612
v 5.515844 1.481380 1.293727
v 5.456830 1.481380 1.523574
v 5.388241 1.481380 1.750748
v 5.310204 1.481380 1.974849
v 5.222847 1.481380 2.195481
v 5.126328 1.481380 2.412266
v 5.020814 1.481380 2.624823
v 4.906498 1.481380 2.832768
v 4.783569 1.481380 3.035743
v 4.652248 1.481380 3.233399
v 4.512767 1.481380 3.425380
v 4.365372 1.481380 3.611347
v 4.210316 1.481380 3.790979
v 4.047868 1.481380 3.963967
v 3.878324 1.481380 4.129999
v 3.701980 1.481380 4.288779
v 3.519135 1.481380 4.440040
v 3.330116 1.481380 4.583513
v 3.135258 1.481380 4.718945
v 2.934898 1.481380 4.846097
v 2.729393 1.481380 4.964746
v 2.519097 1.481380 5.074686
v 2.304380 1.481380 5.175724
v 2.085624 1.481380 5.267681
v 1.863204 1.481380 5.350396
v 1.637516 1.481380 5.423729
v 1.408963 1.481380 5.487543
v 1.177935 1.481380 5.541729
v 0.944837 1.481380 5.586193
v 0.710077 1.481380 5.620859
v 0.474075 1.481380 5.645666
v 0.237251 1.481380 5.660567
v -0.000000 1.481380 5.665534
v -0.237251 1.481380 5.660567
v -0.474075 1.481380 5.645666
v -0.710077 1.481380 5.620859
v -0.944837 1.481380 5.586193
v -1.177935 1.481380 5.541729
v -1.408963 1.481380 5.487543
v -1.637516 1.481380 5.423729
v -1.863204 1.481380 5.350396
v -2.085624 1.481380 5.267681
v -2.304380 1.481380 5.175724
v -2.519097 1.481380 5.074686
v -2.729393 1.481380 4.964746
v -2.934898 1.481380 4.846097
v -3.135258 1.481380 4.718945
v -3.330116 1.481380 4.583513
v -3.519135 1.481380 4.440040
v -3.701980 1.481380 4.288779
v -3.878324 1.481380 4.129999
v -4.047868 1.481380 3.963967
v -4.210316 1.481380 3.790979
v -4.365372 1.481380 3.611347
v -4.512767 1.481380 3.425380
v -4.652248 1.481380 3.233399
v -4.783569 1.481380 3.035744
v -4.906498 1.481380 2.832767
v -5.020815 1.481380 2.624822
v -5.126328 1.481380 2.412266
v -5.222847 1.481380 2.195481
v -5.310204 1.481380 1.974849
v -5.388241 1.481380 1.750748
v -5.456830 1.481380 1.523574
v -5.515844 1.481380 1.293727
v -5.565185 1.481380 1.061612
v -5.604758 1.481380 0.827640
v -5.634497 1.481380 0.592214
v -5.654354 1.481380 0.355744
v -5.664290 1.481380 0.118651
v -5.664290 1.481380 -0.118651
v -5.654354 1.481380 -0.355744
v -5.634497 1.481380 -0.592214
v -5.604758 1.481380 -0.827640
v -5.565185 1.481380 -1.061612
v -5.515844 1.481380 -1.293727
v -5.456830 1.481380 -1.523574
v -5.388241 1.481380 -1.750748
v -5.310204 1.481380 -1.974849
v -5.222847 1.481380 -2.195481
v -5.126328 1.481380 -2.412266
v -5.020814 1.481380 -2.624823
v -4.906498 1.481380 -2.832768
v -4.783569 1.481380 -3.035743
v -4.652248 1.481380 -3.233399
v -4.512767 1.481380 -3.425380
v -4.365372 1.481380 -3.611347
v -4.210316 1.481380 -3.790979
v -4.047868 1.481380 -3.963967
v -3.878324 1.481380 -4.129999
v -3.701980 1.481380 -4.288779
v -3.519135 1.481380 -4.440040
v -3.330116 1.481380 -4.583513
v -3.135258 1.481380 -4.718945
v -2.934898 1.481380 -4.846097
v -2.729393 1.481380 -4.964746
v -2.519097 1.481380 -5.074686
v -2.304380 1.481380 -5.175724
v -2.085624 1.481380 -5.267681
v -1.863204 1.481380 -5.350396
v -1.637516 1.481380 -5.423729
v -1.408963 1.481380 -5.487543
v -1.177935 1.481380 -5.541729
v -0.944837 1.481380 -5.586193
v -0.710077 1.481380 -5.620859
v -0.474075 1.481380 -5.645666
v -0.237251 1.481380 -5.660567
v -0.000000 1.481380 -5.787572
v 0.242361 1.481380 -5.782498
v 0.484288 1.481380 -5.767277
v 0.725373 1.481380 -5.741935
v 0.965189 1.481380 -5.706523
v 1.203307 1.481380 -5.661101
v 1.439313 1.481380 -5.605747
v 1.672790 1.481380 -5.540559
v 1.903338 1.481380 -5.465647
v 2.130549 1.481380 -5.381150
v 2.354017 1.481380 -5.287212
v 2.573360 1.481380 -5.183997
v 2.788185 1.481380 -5.071689
v 2.998117 1.481380 -4.950485
v 3.202794 1.481380 -4.820593
v 3.401849 1.481380 -4.682244
v 3.594939 1.481380 -4.535681
v 3.781722 1.481380 -4.381162
v 3.961865 1.481380 -4.218961
v 4.135061 1.481380 -4.049353
v 4.301008 1.481380 -3.872639
v 4.459404 1.481380 -3.689137
v 4.609975 1.481380 -3.499164
v 4.752460 1.481380 -3.303047
v 4.886610 1.481380 -3.101136
v 5.012187 1.481380 -2.893786
v 5.128966 1.481380 -2.681362
v 5.236752 1.481380 -2.464228
v 5.335351 1.481380 -2.242773
v 5.424589 1.481380 -2.017388
v 5.504307 1.481380 -1.788460
v 5.574373 1.481380 -1.556392
v 5.634658 1.481380 -1.321595
v 5.685061 1.481380 -1.084480
v 5.725488 1.481380 -0.845468
v 5.755867 1.481380 -0.604970
v 5.776152 1.481380 -0.363407
v 5.786302 1.481380 -0.121207
v 5.786302 1.481380 0.121207
v 5.776152 1.481380 0.363407
v 5.755867 1.481380 0.604970
v 5.725488 1.481380 0.845468
v 5.685061 1.481380 1.084480
v 5.634658 1.481380 1.321595
v 5.574373 1.481380 1.556392
v 5.504307 1.481380 1.788460
v 5.424589 1.481380 2.017388
v 5.335351 1.481380 2.242773
v 5.236752 1.481380 2.464228
v 5.128966 1.481380 2.681362
v 5.012187 1.481380 2.893787
v 4.886610 1.481380 3.101135
v 4.752460 1.481380 3.303048
v 4.609975 1.481380 3.499164
v 4.459404 1.481380 3.689137
v 4.301008 1.481380 3.872639
v 4.135061 1.481380 4.049353
v 3.961865 1.481380 4.218961
v 3.781722 1.481380 4.381162
v 3.594939 1.481380 4.535681
v 3.401849 1.481380 4.682244
v 3.202794 1.481380 4.820593
v 2.998117 1.481380 4.950485
v 2.788185 1.481380 5.071689
v 2.573360 1.481380 5.183997
v 2.354017 1.481380 5.287212
v 2.130549 1.481380 5.381150
v 1.903338 1.481380 5.465647
v 1.672790 1.481380 5.540559
v 1.439313 1.481380 5.605747
v 1.203307 1.481380 5.661101
v 0.965189 1.481380 5.706523
v 0.725373 1.481380 5.741935
v 0.484288 1.481380 5.767277
v 0.242361 1.481380 5.782498
v -0.000000 1.481380 5.787572
v -0.242361 1.481380 5.782498
v -0.484288 1.481380 5.767277
v -0.725373 1.481380 5.741935
v -0.965189 1.481380 5.706523
v -1.203307 1.481380 5.661101
v -1.439313 1.481380 5.605747
v -1.672790 1.481380 5.540559
v -1.903338 1.481380 5.465647
v -2.130549 1.481380 5.381150
v -2.354017 1.481380 5.287212
v -2.573360 1.481380 5.183997
v -2.788185 1.481380 5.071689
v -2.998117 1.481380 4.950485
v -3.202794 1.481380 4.820593
v -3.401849 1.481380 4.682244
v -3.594939 1.481380 4.535681
v -3.781722 1.481380 4.381162
v -3.961865 1.481380 4.218961
v -4.135061 1.481380 4.049353
v -4.301008 1.481380 3.872639
v -4.459404 1.481380 3.689137
v -4.609975 1.481380 3.499164
v -4.752460 1.481380 3.303047
v -4.886610 1.481380 3.101136
v -5.012187 1.481380 2.893786
v -5.128966 1.481380 2.681362
v -5.236752 1.481380 2.464228
v -5.335351 1.481380 2.242773
v -5.424589 1.481380 2.017388
v -5.504307 1.481380 1.788460
v -5.574373 1.481380 1.556392
v -5.634658 1.481380 1.321595
v -5.685061 1.481380 1.084480
v -5.725488 1.481380 0.845468
v -5.755867 1.481380 0.604970
v -5.776152 1.481380 0.363407
v -5.786302 1.481380 0.121207
v -5.786302 1.481380 -0.121207
v -5.776152 1.481380 -0.363407
v -5.755867 1.481380 -0.604970
v -5.725488 1.481380 -0.845468
v -5.685061 1.481380 -1.084480
v -5.634658 1.481380 -1.321595
v -5.574373 1.481380 -1.556392
v -5.504307 1.481380 -1.788460
v -5.424589 1.481380 -2.017388
v -5.335351 1.481380 -2.242773
v -5.236752 1.481380 -2.464228
v -5.128966 1.481380 -2.681362
v -5.012187 1.481380 -2.893787
v -4.886610 1.481380 -3.101135
v -4.752460 1.481380 -3.303048
v -4.609975 1.481380 -3.499164
v -4.459404 1.481380 -3.689137
v -4.301008 1.481380 -3.872639
v -4.135061 1.481380 -4.049353
v -3.961865 1.481380 -4.218961
v -3.781722 1.481380 -4.381162
v -3.594939 1.481380 -4.535681
v -3.401849 1.481380 -4.682244
v -3.202794 1.481380 -4.820593
v -2.998117 1.481380 -4.950485
v -2.788185 1.481380 -5.071689
v -2.573360 1.481380 -5.183997
v -2.354017 1.481380 -5.287212
v -2.130549 1.481380 -5.381150
v -1.903338 1.481380 -5.465647
v -1.672790 1.481380 -5.540559
v -1.439313 1.481380 -5.605747
v -1.203307 1.481380 -5.661101
v -0.965189 1.481380 -5.706523
v -0.725373 1.481380 -5.741935
v -0.484288 1.481380 -5.767277
v -0.242361 1.481380 -5.782498
v -0.000000 1.606521 -5.665534
v 0.237251 1.606521 -5.660567
v 0.474075 1.606521 -5.645666
v 0.710077 1.606521 -5.620859
v 0.944837 1.606521 -5.586193
v 1.177935 1.606521 -5.541729
v 1.408963 1.606521 -5.487543
v 1.637516 1.606521 -5.423729
v 1.863204 1.606521 -5.350396
v 2.085624 1.606521 -5.267681
v 2.304380 1.606521 -5.175724
v 2.519097 1.606521 -5.074686
v 2.729393 1.606521 -4.964746
v 2.934898 1.606521 -4.846097
v 3.135258 1.606521 -4.718945
v 3.330116 1.606521 -4.583513
v 3.519135 1.606521 -4.440040
v 3.701980 1.606521 -4.288779
v 3.878324 1.606521 -4.129999
v 4.047868 1.606521 -3.963967
v 4.210316 1.606521 -3.790979
v 4.365372 1.606521 -3.611347
v 4.512767 1.606521 -3.425380
v 4.652248 1.606521 -3.233399
v 4.783569 1.606521 -3.035744
v 4.906498 1.606521 -2.832767
v 5.020815 1.606521 -2.624822
v 5.126328 1.606521 -2.412266
v 5.222847 1.606521 -2.195481
v 5.310204 1.606521 -1.974849
v 5.388241 1.606521 -1.750748
v 5.456830 1.606521 -1.523574
v 5.515844 1.606521 -1.293727
v 5.565185 1.606521 -1.061612
v 5.604758 1.606521 -0.827640
v 5.634497 1.606521 -0.592214
v 5.654354 1.606521 -0.355744
v 5.664290 1.606521 -0.118651
v 5.664290 1.606521 0.118651
v 5.654354 1.606521 0.355744
v 5.634497 1.606521 0.592214
v 5.604758 1.606521 0.827640
v 5.565185 1.606521 1.061612
v 5.515844 1.606521 1.293727
v 5.456830 1.606521 1.523574
v 5.388241 1.606521 1.750748
v 5.310204 1.606521 1.974849
v 5.222847 1.606521 2.195481
v 5.126328 1.606521 2.412266
v 5.020814 1.606521 2.624823
v 4.906498 1.606521 2.832768
v 4.783569 1.606521 3.035743
v 4.652248 1.606521 3.233399
v 4.512767 1.606521 3.425380
v 4.365372 1.606521 3.611347
v 4.210316 1.606521 3.790979
v 4.047868 1.606521 3.963967
v 3.878324 1.606521 4.129999
v 3.701980 1.606521 4.288779
v 3.519135 1.606521 4.440040
v 3.330116 1.606521 4.583513
v 3.135258 1.606521 4.718945
v 2.934898 1.606521 4.846097
v 2.729393 1.606521 4.964746
v 2.519097 1.606521 5.074686
v 2.304380 1.606521 5.175724
v 2.085624 1.606521 5.267681
v 1.863204 1.606521 5.350396
v 1.637516 1.606521 5.423729
v 1.408963 1.606521 5.487543
v 1.177935 1.606521 5.541729
v 0.944837 1.606521 5.586193
v 0.710077 1.606521 5.620859
v 0.474075 1.606521 5.645666
v 0.237251 1.606521 5.660567
v -0.000000 1.606521 5.665534
v -0.237251 1.606521 5.660567
v -0.474075 1.606521 5.645666
v -0.710077 1.606521 5.620859
v -0.944837 1.606521 5.586193
v -1.177935 1.606521 5.541729
v -1.408963 1.606521 5.487543
v -1.637516 1.606521 5.423729
v -1.863204 1.606521 5.350396
v -2.085624 1.606521 5.267681
v -2.304380 1.606521 5.175724
v -2.519097 1.606521 5.074686
v -2.729393 1.606521 4.964746
v -2.934898 1.606521 4.846097
v -3.135258 1.606521 4.718945
v -3.330116 1.606521 4.583513
v -3.519135 1.606521 4.440040
v -3.701980 1.606521 4.288779
v -3.878324 1.606521 4.129999
v -4.047868 1.606521 3.963967
v -4.210316 1.606521 3.790979
v -4.365372 1.606521 3.611347
v -4.512767 1.606521 3.425380
v -4.652248 1.606521 3.233399
v -4.783569 1.606521 3.035744
v -4.906498 1.606521 2.832767
v -5.020815 1.606521 2.624822
v -5.126328 1.606521 2.412266
v -5.222847 1.606521 2.195481
v -5.310204 1.606521 1.974849
v -5.388241 1.606521 1.750748
v -5.456830 1.606521 1.523574
v -5.515844 1.606521 1.293727
v -5.565185 1.606521 1.061612
v -5.604758 1.606521 0.827640
v -5.634497 1.606521 0.592214
v -5.654354 1.606521 0.355744
v -5.664290 1.606521 0.118651
v -5.664290 1.606521 -0.118651
v -5.654354 1.606521 -0.355744
v -5.634497 1.606521 -0.592214
v -5.604758 1.606521 -0.827640
v -5.565185 1.606521 -1.061612
v -5.515844 1.606521 -1.293727
v -5.456830 1.606521 -1.523574
v -5.388241 1.606521 -1.750748
v -5.310204 1.606521 -1.974849
v -5.222847 1.606521 -2.195481
v -5.126328 1.606521 -2.412266
v -5.020814 1.606521 -2.624823
v -4.906498 1.606521 -2.832768
v -4.783569 1.606521 -3.035743
v -4.652248 1.606521 -3.233399
v -4.512767 1.606521 -3.425380
v -4.365372 1.606521 -3.611347
v -4.210316 1.606521 -3.790979
v -4.047868 1.606521 -3.963967
v -3.878324 1.606521 -4.129999
v -3.701980 1.606521 -4.288779
v -3.519135 1.606521 -4.440040
v -3.330116 1.606521 -4.583513
v -3.135258 1.606521 -4.718945
v -2.934898 1.606521 -4.846097
v -2.729393 1.606521 -4.964746
v -2.519097 1.606521 -5.074686
v -2.304380 1.606521 -5.175724
v -2.085624 1.606521 -5.267681
v -1.863204 1.606521 -5.350396
v -1.637516 1.606521 -5.423729
v -1.408963 1.606521 -5.487543
v -1.177935 1.606521 -5.541729
v -0.944837 1.606521 -5.586193
v -0.710077 1.606521 -5.620859
v -0.474075 1.606521 -5.645666
v -0.237251 1.606521 -5.660567
vn -0.0000 -1.0000 -0.0000
vn 0.2890 -0.0000 -0.9573
vn 0.3289 -0.0000 -0.9444
vn -0.9048 -0.0000 0.4258
vn -0.9219 -0.0000 0.3875
vn 0.8443 -0.0000 0.5358
vn 0.8211 -0.0000 0.5707
vn -0.0000 -0.0000 -1.0000
vn 0.0419 -0.0000 -0.9991
vn -0.9373 -0.0000 0.3486
vn 0.7965 -0.0000 0.6046
vn 0.0837 -0.0000 -0.9965
vn -0.9511 -0.0000 0.3090
vn 0.7705 -0.0000 0.6374
vn 0.1253 -0.0000 -0.9921
vn -0.9632 -0.0000 0.2689
vn 0.7431 -0.0000 0.6691
vn 0.1668 -0.0000 -0.9860
vn -0.9736 -0.0000 0.2284
vn 0.7145 -0.0000 0.6997
vn 0.2079 -0.0000 -0.9781
vn -0.9823 -0.0000 0.1874
vn 0.6845 -0.0000 0.7290
vn 0.2487 -0.0000 -0.9686
vn -0.9893 -0.0000 0.1461
vn 0.6534 -0.0000 0.7570
vn -0.9945 -0.0000 0.1045
vn 0.6211 -0.0000 0.7837
vn -0.9980 -0.0000 0.0628
vn 0.5878 -0.0000 0.8090
vn 0.3681 -0.0000 -0.9298
vn -0.9998 -0.0000 0.0209
vn 0.5534 -0.0000 0.8329
vn 0.4067 -0.0000 -0.9135
vn -0.9998 -0.0000 -0.0209
vn 0.5180 -0.0000 0.8554
vn 0.4446 -0.0000 -0.8957
vn -0.9980 -0.0000 -0.0628
vn 0.4818 -0.0000 0.8763
vn 0.4818 -0.0000 -0.8763
vn -0.9945 -0.0000 -0.1045
vn 0.4446 -0.0000 0.8957
vn 0.5180 -0.0000 -0.8554
vn -0.9893 -0.0000 -0.1461
vn 0.4067 -0.0000 0.9135
vn 0.5534 -0.0000 -0.8329
vn -0.9823 -0.0000 -0.1874
vn 0.3681 -0.0000 0.9298
vn 0.5878 -0.0000 -0.8090
vn -0.9736 -0.0000 -0.2284
vn 0.3289 -0.0000 0.9444
vn 0.6211 -0.0000 -0.7837
vn -0.9632 -0.0000 -0.2689
vn 0.2890 -0.0000 0.9573
vn 0.6534 -0.0000 -0.7570
vn -0.9511 -0.0000 -0.3090
vn 0.2487 -0.0000 0.9686
vn 0.6845 -0.0000 -0.7290
vn -0.9373 -0.0000 -0.3486
vn 0.2079 -0.0000 0.9781
vn 0.7145 -0.0000 -0.6997
vn -0.9219 -0.0000 -0.3875
vn 0.1668 -0.0000 0.9860
vn 0.7431 -0.0000 -0.6691
vn -0.9048 -0.0000 -0.4258
vn 0.1253 -0.0000 0.9921
vn 0.7705 -0.0000 -0.6374
vn -0.8862 -0.0000 -0.4633
vn 0.0837 -0.0000 0.9965
vn 0.7965 -0.0000 -0.6046
vn -0.8660 -0.0000 -0.5000
vn 0.0419 -0.0000 0.9991
vn 0.8211 -0.0000 -0.5707
vn -0.8443 -0.0000 -0.5358
vn -0.0000 -0.0000 1.0000
vn 0.8443 -0.0000 -0.5358
vn -0.8211 -0.0000 -0.5707
vn -0.0419 -0.0000 0.9991
vn 0.8660 -0.0000 -0.5000
vn -0.7965 -0.0000 -0.6046
vn -0.0837 -0.0000 0.9965
vn 0.8862 -0.0000 -0.4633
vn -0.7705 -0.0000 -0.6374
vn -0.1253 -0.0000 0.9921
vn 0.9048 -0.0000 -0.4258
vn -0.7431 -0.0000 -0.6691
vn -0.1668 -0.0000 0.9860
vn 0.9219 -0.0000 -0.3875
vn -0.7145 -0.0000 -0.6997
vn -0.2079 -0.0000 0.9781
vn 0.9373 -0.0000 -0.3486
vn -0.6845 -0.0000 -0.7290
vn -0.2487 -0.0000 0.9686
vn 0.9511 -0.0000 -0.3090
vn -0.6534 -0.0000 -0.7570
vn -0.2890 -0.0000 0.9573
vn 0.9632 -0.0000 -0.2689
vn -0.6211 -0.0000 -0.7837
vn -0.3289 -0.0000 0.9444
vn 0.9736 -0.0000 -0.2284
vn -0.5878 -0.0000 -0.8090
vn -0.3681 -0.0000 0.9298
vn 0.9823 -0.0000 -0.1874
vn -0.5534 -0.0000 -0.8329
vn -0.4067 -0.0000 0.9135
vn 0.9893 -0.0000 -0.1461
vn -0.5180 -0.0000 -0.8554
vn -0.4446 -0.0000 0.8957
vn 0.9945 -0.0000 -0.1045
vn -0.4818 -0.0000 -0.8763
vn -0.4818 -0.0000 0.8763
vn 0.9980 -0.0000 -0.0628
vn -0.4446 -0.0000 -0.8957
vn -0.5180 -0.0000 0.8554
vn 0.9998 -0.0000 -0.0209
vn -0.4067 -0.0000 -0.9135
vn -0.5534 -0.0000 0.8329
vn 0.9998 -0.0000 0.0209
vn -0.3681 -0.0000 -0.9298
vn -0.5878 -0.0000 0.8090
vn 0.9980 -0.0000 0.0628
vn -0.3289 -0.0000 -0.9444
vn -0.6211 -0.0000 0.7837
vn 0.9945 -0.0000 0.1045
vn -0.2890 -0.0000 -0.9573
vn -0.6534 -0.0000 0.7570
vn 0.9893 -0.0000 0.1461
vn -0.2487 -0.0000 -0.9686
vn -0.6845 -0.0000 0.7290
vn 0.9823 -0.0000 0.1874
vn -0.2079 -0.0000 -0.9781
vn -0.7145 -0.0000 0.6997
vn 0.9736 -0.0000 0.2284
vn -0.1668 -0.0000 -0.9860
vn -0.7431 -0.0000 0.6691
vn 0.9632 -0.0000 0.2689
vn -0.1253 -0.0000 -0.9921
vn -0.7705 -0.0000 0.6374
vn 0.9511 -0.0000 0.3090
vn -0.0837 -0.0000 -0.9965
vn -0.7965 -0.0000 0.6046
vn 0.9373 -0.0000 0.3486
vn -0.0419 -0.0000 -0.9991
vn -0.8211 -0.0000 0.5707
vn 0.9219 -0.0000 0.3875
vn -0.8443 -0.0000 0.5358
vn 0.9048 -0.0000 0.4258
vn -0.8660 -0.0000 0.5000
vn 0.8862 -0.0000 0.4633
vn -0.8862 -0.0000 0.4633
vn 0.8660 -0.0000 0.5000
vn -0.0000 1.0000 -0.0000
vn 0.9736 -0.0000 0.2283
vn -0.9736 -0.0000 0.2283
vn -0.8212 -0.0000 -0.5707
vn -0.8212 -0.0000 0.5707
vn 0.8212 -0.0000 -0.5707
vn 0.8212 -0.0000 0.5707
vt 0.012686 0.190488
vt 0.015174 0.195500
vt 0.017870 0.200404
vt 0.020769 0.205191
vt 0.023866 0.209852
vt 0.027155 0.214379
vt 0.030631 0.218764
vt 0.034287 0.223000
vt 0.038118 0.227080
vt 0.042116 0.230995
vt 0.046275 0.234739
vt 0.050586 0.238306
vt 0.055044 0.241690
vt 0.059639 0.244883
vt 0.064364 0.247882
vt 0.069210 0.250680
vt 0.074169 0.253272
vt 0.079232 0.255655
vt 0.084391 0.257824
vt 0.089636 0.259774
vt 0.094958 0.261503
vt 0.100348 0.263008
vt 0.105796 0.264286
vt 0.111293 0.265335
vt 0.116829 0.266152
vt 0.122394 0.266737
vt 0.127979 0.267089
vt 0.133573 0.267206
vt 0.139168 0.267089
vt 0.144753 0.266737
vt 0.150318 0.266152
vt 0.155854 0.265335
vt 0.161351 0.264286
vt 0.166799 0.263008
vt 0.172189 0.261504
vt 0.177511 0.259774
vt 0.182756 0.257824
vt 0.187915 0.255655
vt 0.192978 0.253273
vt 0.197937 0.250680
vt 0.202783 0.247882
vt 0.207508 0.244884
vt 0.212103 0.241690
vt 0.216561 0.238307
vt 0.220872 0.234740
vt 0.225031 0.230995
vt 0.229029 0.227080
vt 0.232860 0.223001
vt 0.236516 0.218765
vt 0.239992 0.214379
vt 0.243281 0.209852
vt 0.246378 0.205191
vt 0.249277 0.200404
vt 0.251973 0.195501
vt 0.254461 0.190488
vt 0.256737 0.185376
vt 0.258797 0.180173
vt 0.260637 0.174889
vt 0.262255 0.169531
vt 0.263646 0.164111
vt 0.264810 0.158638
vt 0.265743 0.153120
vt 0.266445 0.147568
vt 0.266913 0.141992
vt 0.267147 0.136401
vt 0.267147 0.130805
vt 0.266913 0.125214
vt 0.266445 0.119638
vt 0.265743 0.114086
vt 0.264810 0.108568
vt 0.263647 0.103095
vt 0.262255 0.097675
vt 0.260637 0.092317
vt 0.258797 0.087033
vt 0.256737 0.081830
vt 0.254461 0.076718
vt 0.251973 0.071705
vt 0.249277 0.066802
vt 0.246378 0.062015
vt 0.243282 0.057354
vt 0.239992 0.052827
vt 0.236516 0.048441
vt 0.232860 0.044205
vt 0.229029 0.040126
vt 0.225031 0.036211
vt 0.220873 0.032466
vt 0.216561 0.028899
vt 0.212103 0.025516
vt 0.207508 0.022322
vt 0.202784 0.019324
vt 0.197937 0.016526
vt 0.192978 0.013933
vt 0.187915 0.011551
vt 0.182756 0.009382
vt 0.177511 0.007432
vt 0.172189 0.005702
vt 0.166799 0.004197
vt 0.161351 0.002920
vt 0.155854 0.001871
vt 0.150319 0.001054
vt 0.144753 0.000469
vt 0.139168 0.000117
vt 0.133574 -0.000000
vt 0.127979 0.000117
vt 0.122394 0.000469
vt 0.116829 0.001053
vt 0.111293 0.001871
vt 0.105796 0.002920
vt 0.100348 0.004197
vt 0.094958 0.005702
vt 0.089636 0.007431
vt 0.084391 0.009382
vt 0.079233 0.011551
vt 0.074169 0.013933
vt 0.069210 0.016526
vt 0.064364 0.019324
vt 0.059639 0.022322
vt 0.055044 0.025516
vt 0.050587 0.028899
vt 0.046275 0.032466
vt 0.042116 0.036210
vt 0.038118 0.040126
vt 0.034287 0.044205
vt 0.030631 0.048441
vt 0.027155 0.052827
vt 0.023866 0.057354
vt 0.020769 0.062015
vt 0.017870 0.066801
vt 0.015174 0.071705
vt 0.012686 0.076717
vt 0.010410 0.081830
vt 0.008350 0.087033
vt 0.006510 0.092317
vt 0.004892 0.097674
vt 0.003501 0.103094
vt 0.002337 0.108568
vt 0.001404 0.114086
vt 0.000703 0.119637
vt 0.000234 0.125214
vt 0.000000 0.130805
vt 0.000000 0.136401
vt 0.000234 0.141992
vt 0.000703 0.147568
vt 0.001404 0.153120
vt 0.002337 0.158637
vt 0.003501 0.164111
vt 0.004892 0.169531
vt 0.006510 0.174888
vt 0.008350 0.180173
vt 0.010410 0.185376
vt 0.246747 0.662294
vt 0.244402 0.662294
vt 0.244402 0.667488
vt 0.246747 0.667488
vt 0.518583 0.561856
vt 0.516239 0.561856
vt 0.516239 0.566968
vt 0.518583 0.566968
vt 0.242057 0.694903
vt 0.239712 0.694903
vt 0.239712 0.699564
vt 0.242057 0.699564
vt 0.511549 0.621539
vt 0.509204 0.621539
vt 0.509204 0.627130
vt 0.511549 0.627130
vt 0.516239 0.572171
vt 0.518583 0.572171
vt 0.239712 0.704091
vt 0.242057 0.704091
vt 0.509204 0.632707
vt 0.511549 0.632707
vt 0.516239 0.577456
vt 0.518583 0.577456
vt 0.239712 0.708476
vt 0.242057 0.708476
vt 0.509204 0.638258
vt 0.511549 0.638258
vt 0.516239 0.582813
vt 0.518583 0.582813
vt 0.239712 0.712713
vt 0.242057 0.712713
vt 0.509204 0.643776
vt 0.511549 0.643776
vt 0.516239 0.588233
vt 0.518583 0.588233
vt 0.239712 0.716792
vt 0.242057 0.716792
vt 0.509204 0.649250
vt 0.511549 0.649250
vt 0.516239 0.593706
vt 0.518583 0.593706
vt 0.513894 0.525264
vt 0.511549 0.525264
vt 0.511549 0.529179
vt 0.513894 0.529179
vt 0.509204 0.654670
vt 0.511549 0.654670
vt 0.516239 0.599224
vt 0.518583 0.599224
vt 0.511549 0.533259
vt 0.513894 0.533259
vt 0.509204 0.660027
vt 0.511549 0.660027
vt 0.516239 0.604776
vt 0.518583 0.604776
vt 0.511549 0.537495
vt 0.513894 0.537495
vt 0.509204 0.665311
vt 0.511549 0.665311
vt 0.516239 0.610352
vt 0.518583 0.610352
vt 0.511549 0.541880
vt 0.513894 0.541880
vt 0.509204 0.670514
vt 0.511549 0.670514
vt 0.516239 0.615943
vt 0.518583 0.615943
vt 0.511549 0.546407
vt 0.513894 0.546407
vt 0.509204 0.675627
vt 0.511549 0.675627
vt 0.516239 0.621539
vt 0.518583 0.621539
vt 0.511549 0.551068
vt 0.513894 0.551068
vt 0.509204 0.680639
vt 0.511549 0.680639
vt 0.516239 0.627130
vt 0.518583 0.627130
vt 0.511549 0.555855
vt 0.513894 0.555855
vt 0.509204 0.685543
vt 0.511549 0.685543
vt 0.516239 0.632706
vt 0.518583 0.632706
vt 0.511549 0.560759
vt 0.513894 0.560759
vt 0.509204 0.690329
vt 0.511549 0.690329
vt 0.516239 0.638258
vt 0.518583 0.638258
vt 0.511549 0.565771
vt 0.513894 0.565771
vt 0.509204 0.694990
vt 0.511549 0.694990
vt 0.516239 0.643776
vt 0.518583 0.643776
vt 0.511549 0.570883
vt 0.513894 0.570883
vt 0.509204 0.699517
vt 0.511549 0.699517
vt 0.516239 0.649249
vt 0.518583 0.649249
vt 0.511549 0.576086
vt 0.513894 0.576086
vt 0.509204 0.703903
vt 0.511549 0.703903
vt 0.516239 0.654670
vt 0.518583 0.654670
vt 0.511549 0.581371
vt 0.513894 0.581371
vt 0.509204 0.708139
vt 0.511549 0.708139
vt 0.516239 0.660027
vt 0.518583 0.660027
vt 0.511549 0.586728
vt 0.513894 0.586728
vt 0.509204 0.712218
vt 0.511549 0.712218
vt 0.516239 0.665311
vt 0.518583 0.665311
vt 0.511549 0.592148
vt 0.513894 0.592148
vt 0.509204 0.716133
vt 0.511549 0.716133
vt 0.516239 0.670514
vt 0.518583 0.670514
vt 0.511549 0.597622
vt 0.513894 0.597622
vt 0.242057 0.529838
vt 0.239712 0.529838
vt 0.239712 0.533917
vt 0.242057 0.533917
vt 0.516238 0.675627
vt 0.518583 0.675627
vt 0.511549 0.603139
vt 0.513894 0.603139
vt 0.239712 0.538153
vt 0.242057 0.538153
vt 0.516238 0.680639
vt 0.518583 0.680639
vt 0.511549 0.608691
vt 0.513894 0.608691
vt 0.239712 0.542539
vt 0.242057 0.542539
vt 0.516238 0.685543
vt 0.518583 0.685543
vt 0.511549 0.614267
vt 0.513894 0.614267
vt 0.239712 0.547066
vt 0.242057 0.547066
vt 0.516238 0.690329
vt 0.518583 0.690329
vt 0.511549 0.619859
vt 0.513894 0.619859
vt 0.239712 0.551727
vt 0.242057 0.551727
vt 0.516238 0.694990
vt 0.518583 0.694990
vt 0.511549 0.625454
vt 0.513894 0.625454
vt 0.239712 0.556513
vt 0.242057 0.556513
vt 0.516238 0.699517
vt 0.518583 0.699517
vt 0.511549 0.631045
vt 0.513894 0.631045
vt 0.239712 0.561417
vt 0.242057 0.561417
vt 0.516238 0.703903
vt 0.518583 0.703903
vt 0.511549 0.636622
vt 0.513894 0.636622
vt 0.239712 0.566429
vt 0.242057 0.566429
vt 0.516238 0.708139
vt 0.518583 0.708139
vt 0.511549 0.642174
vt 0.513894 0.642174
vt 0.239712 0.571542
vt 0.242057 0.571542
vt 0.516238 0.712218
vt 0.518583 0.712218
vt 0.511549 0.647691
vt 0.513894 0.647691
vt 0.239712 0.576745
vt 0.242057 0.576745
vt 0.511549 0.525264
vt 0.509204 0.525264
vt 0.509204 0.529343
vt 0.511549 0.529343
vt 0.511549 0.653165
vt 0.513894 0.653165
vt 0.239712 0.582029
vt 0.242057 0.582029
vt 0.509204 0.533580
vt 0.511549 0.533580
vt 0.511549 0.658585
vt 0.513894 0.658585
vt 0.239712 0.587386
vt 0.242057 0.587386
vt 0.509204 0.537965
vt 0.511549 0.537965
vt 0.511549 0.663942
vt 0.513894 0.663942
vt 0.239712 0.592807
vt 0.242057 0.592807
vt 0.509204 0.542492
vt 0.511549 0.542492
vt 0.511549 0.669227
vt 0.513894 0.669227
vt 0.239712 0.598280
vt 0.242057 0.598280
vt 0.509204 0.547153
vt 0.511549 0.547153
vt 0.511549 0.674430
vt 0.513894 0.674430
vt 0.239712 0.603798
vt 0.242057 0.603798
vt 0.509204 0.551940
vt 0.511549 0.551940
vt 0.511549 0.679542
vt 0.513894 0.679542
vt 0.239712 0.609350
vt 0.242057 0.609350
vt 0.509204 0.556844
vt 0.511549 0.556844
vt 0.511549 0.684554
vt 0.513894 0.684554
vt 0.239712 0.614926
vt 0.242057 0.614926
vt 0.509204 0.561856
vt 0.511549 0.561856
vt 0.511549 0.689458
vt 0.513894 0.689458
vt 0.239712 0.620517
vt 0.242057 0.620517
vt 0.509204 0.566968
vt 0.511549 0.566968
vt 0.511549 0.694244
vt 0.513894 0.694244
vt 0.239712 0.626113
vt 0.242057 0.626113
vt 0.509204 0.572171
vt 0.511549 0.572171
vt 0.511549 0.698905
vt 0.513894 0.698905
vt 0.239712 0.631704
vt 0.242057 0.631704
vt 0.509204 0.577456
vt 0.511549 0.577456
vt 0.511549 0.703433
vt 0.513894 0.703433
vt 0.239712 0.637280
vt 0.242057 0.637280
vt 0.509204 0.582813
vt 0.511549 0.582813
vt 0.511549 0.707818
vt 0.513894 0.707818
vt 0.239712 0.642832
vt 0.242057 0.642832
vt 0.509204 0.588233
vt 0.511549 0.588233
vt 0.511549 0.712054
vt 0.513894 0.712054
vt 0.239712 0.648350
vt 0.242057 0.648350
vt 0.509204 0.593706
vt 0.511549 0.593706
vt 0.513894 0.716133
vt 0.239712 0.653823
vt 0.242057 0.653823
vt 0.509204 0.599224
vt 0.511549 0.599224
vt 0.518583 0.525264
vt 0.516239 0.525264
vt 0.516239 0.529343
vt 0.518583 0.529343
vt 0.239712 0.659243
vt 0.242057 0.659243
vt 0.509204 0.604776
vt 0.511549 0.604776
vt 0.516239 0.533580
vt 0.518583 0.533580
vt 0.239712 0.664600
vt 0.242057 0.664600
vt 0.509204 0.610352
vt 0.511549 0.610352
vt 0.516239 0.537965
vt 0.518583 0.537965
vt 0.239712 0.669885
vt 0.242057 0.669885
vt 0.509204 0.615943
vt 0.511549 0.615943
vt 0.516239 0.542492
vt 0.518583 0.542492
vt 0.239712 0.675088
vt 0.242057 0.675088
vt 0.516239 0.547153
vt 0.518583 0.547153
vt 0.239712 0.680200
vt 0.242057 0.680200
vt 0.516239 0.551940
vt 0.518583 0.551940
vt 0.239712 0.685212
vt 0.242057 0.685212
vt 0.516239 0.556844
vt 0.518583 0.556844
vt 0.239712 0.690116
vt 0.242057 0.690116
vt 0.279665 0.184490
vt 0.277557 0.185376
vt 0.279833 0.190488
vt 0.281902 0.189514
vt 0.277640 0.179376
vt 0.275497 0.180173
vt 0.275832 0.174182
vt 0.273657 0.174888
vt 0.274242 0.168916
vt 0.272039 0.169531
vt 0.272874 0.163589
vt 0.270648 0.164111
vt 0.271731 0.158209
vt 0.269484 0.158637
vt 0.270813 0.152786
vt 0.268551 0.153120
vt 0.270124 0.147329
vt 0.267850 0.147568
vt 0.269664 0.141848
vt 0.267381 0.141992
vt 0.269433 0.136353
vt 0.267147 0.136401
vt 0.269433 0.130853
vt 0.267147 0.130805
vt 0.269664 0.125357
vt 0.267381 0.125214
vt 0.270124 0.119876
vt 0.267850 0.119637
vt 0.270813 0.114420
vt 0.268551 0.114086
vt 0.271731 0.108997
vt 0.269484 0.108568
vt 0.272874 0.103617
vt 0.270648 0.103094
vt 0.274242 0.098289
vt 0.272039 0.097674
vt 0.275832 0.093024
vt 0.273657 0.092317
vt 0.277640 0.087830
vt 0.275497 0.087032
vt 0.279665 0.082716
vt 0.277557 0.081830
vt 0.281902 0.077691
vt 0.279833 0.076717
vt 0.284348 0.072765
vt 0.282321 0.071705
vt 0.286998 0.067945
vt 0.285017 0.066801
vt 0.289847 0.063240
vt 0.287916 0.062015
vt 0.292891 0.058659
vt 0.291013 0.057354
vt 0.296124 0.054209
vt 0.294302 0.052827
vt 0.299540 0.049899
vt 0.297778 0.048441
vt 0.303134 0.045735
vt 0.301434 0.044205
vt 0.306899 0.041726
vt 0.305265 0.040126
vt 0.310829 0.037877
vt 0.309263 0.036210
vt 0.314916 0.034197
vt 0.313422 0.032466
vt 0.319154 0.030691
vt 0.317734 0.028899
vt 0.323535 0.027366
vt 0.322191 0.025516
vt 0.328052 0.024227
vt 0.326786 0.022322
vt 0.332695 0.021280
vt 0.331511 0.019324
vt 0.337459 0.018530
vt 0.336357 0.016526
vt 0.342333 0.015981
vt 0.341316 0.013933
vt 0.347310 0.013640
vt 0.346380 0.011551
vt 0.352380 0.011508
vt 0.351538 0.009382
vt 0.357535 0.009591
vt 0.356783 0.007431
vt 0.362766 0.007891
vt 0.362105 0.005702
vt 0.368064 0.006412
vt 0.367495 0.004197
vt 0.373419 0.005156
vt 0.372943 0.002920
vt 0.378821 0.004126
vt 0.378440 0.001871
vt 0.384263 0.003322
vt 0.383976 0.001053
vt 0.389733 0.002747
vt 0.389541 0.000469
vt 0.395222 0.002402
vt 0.395126 0.000117
vt 0.400721 0.002287
vt 0.400721 -0.000000
vt 0.406220 0.002402
vt 0.406315 0.000117
vt 0.411709 0.002747
vt 0.411900 0.000469
vt 0.417179 0.003322
vt 0.417466 0.001054
vt 0.422620 0.004126
vt 0.423002 0.001871
vt 0.428023 0.005156
vt 0.428498 0.002920
vt 0.433378 0.006412
vt 0.433946 0.004197
vt 0.438675 0.007891
vt 0.439336 0.005702
vt 0.443906 0.009591
vt 0.444658 0.007432
vt 0.449061 0.011508
vt 0.449903 0.009382
vt 0.454132 0.013640
vt 0.455062 0.011551
vt 0.459109 0.015982
vt 0.460125 0.013933
vt 0.463983 0.018530
vt 0.465084 0.016526
vt 0.468746 0.021280
vt 0.469931 0.019324
vt 0.473390 0.024227
vt 0.474655 0.022322
vt 0.477906 0.027366
vt 0.479251 0.025516
vt 0.482287 0.030691
vt 0.483708 0.028899
vt 0.486525 0.034197
vt 0.488020 0.032466
vt 0.490613 0.037878
vt 0.492178 0.036211
vt 0.494542 0.041726
vt 0.496176 0.040126
vt 0.498308 0.045735
vt 0.500007 0.044205
vt 0.501902 0.049899
vt 0.503663 0.048441
vt 0.505318 0.054209
vt 0.507139 0.052827
vt 0.508551 0.058659
vt 0.510429 0.057354
vt 0.511595 0.063240
vt 0.513525 0.062015
vt 0.514444 0.067945
vt 0.516424 0.066802
vt 0.517093 0.072765
vt 0.519120 0.071705
vt 0.519539 0.077691
vt 0.521608 0.076718
vt 0.521776 0.082716
vt 0.523884 0.081830
vt 0.523801 0.087830
vt 0.525944 0.087033
vt 0.525610 0.093024
vt 0.527785 0.092317
vt 0.527199 0.098289
vt 0.529402 0.097675
vt 0.528567 0.103617
vt 0.530794 0.103095
vt 0.529711 0.108997
vt 0.531957 0.108568
vt 0.530628 0.114420
vt 0.532890 0.114086
vt 0.531317 0.119877
vt 0.533592 0.119638
vt 0.531778 0.125358
vt 0.534060 0.125214
vt 0.532008 0.130853
vt 0.534294 0.130805
vt 0.532008 0.136353
vt 0.534294 0.136401
vt 0.531778 0.141848
vt 0.534060 0.141992
vt 0.531317 0.147329
vt 0.533592 0.147568
vt 0.530628 0.152786
vt 0.532890 0.153120
vt 0.529711 0.158209
vt 0.531957 0.158638
vt 0.528567 0.163589
vt 0.530793 0.164111
vt 0.527199 0.168916
vt 0.529402 0.169531
vt 0.525610 0.174182
vt 0.527784 0.174889
vt 0.523801 0.179376
vt 0.525944 0.180173
vt 0.521776 0.184490
vt 0.523884 0.185376
vt 0.519539 0.189515
vt 0.521608 0.190488
vt 0.517093 0.194441
vt 0.519120 0.195501
vt 0.514444 0.199261
vt 0.516424 0.200404
vt 0.511594 0.203966
vt 0.513525 0.205191
vt 0.508551 0.208547
vt 0.510428 0.209852
vt 0.505318 0.212997
vt 0.507139 0.214379
vt 0.501901 0.217307
vt 0.503663 0.218765
vt 0.498307 0.221471
vt 0.500007 0.223001
vt 0.494542 0.225480
vt 0.496176 0.227080
vt 0.490613 0.229328
vt 0.492178 0.230995
vt 0.486525 0.233009
vt 0.488019 0.234740
vt 0.482287 0.236514
vt 0.483708 0.238307
vt 0.477906 0.239840
vt 0.479250 0.241690
vt 0.473390 0.242979
vt 0.474655 0.244884
vt 0.468746 0.245926
vt 0.469930 0.247882
vt 0.463983 0.248676
vt 0.465084 0.250680
vt 0.459108 0.251224
vt 0.460125 0.253273
vt 0.454132 0.253566
vt 0.455062 0.255655
vt 0.449061 0.255697
vt 0.449903 0.257824
vt 0.443906 0.257615
vt 0.444658 0.259774
vt 0.438675 0.259314
vt 0.439336 0.261503
vt 0.433377 0.260793
vt 0.433946 0.263008
vt 0.428023 0.262049
vt 0.428498 0.264286
vt 0.422620 0.263080
vt 0.423001 0.265335
vt 0.417179 0.263883
vt 0.417465 0.266152
vt 0.411709 0.264458
vt 0.411900 0.266737
vt 0.406219 0.264804
vt 0.406315 0.267089
vt 0.400721 0.264919
vt 0.400721 0.267206
vt 0.395222 0.264804
vt 0.395126 0.267089
vt 0.389732 0.264458
vt 0.389541 0.266737
vt 0.384262 0.263883
vt 0.383976 0.266152
vt 0.378821 0.263080
vt 0.378440 0.265335
vt 0.373418 0.262049
vt 0.372943 0.264286
vt 0.368064 0.260793
vt 0.367495 0.263008
vt 0.362766 0.259314
vt 0.362105 0.261503
vt 0.357535 0.257615
vt 0.356783 0.259774
vt 0.352380 0.255697
vt 0.351538 0.257824
vt 0.347309 0.253566
vt 0.346379 0.255655
vt 0.342333 0.251224
vt 0.341316 0.253272
vt 0.337459 0.248676
vt 0.336357 0.250680
vt 0.332695 0.245926
vt 0.331511 0.247882
vt 0.328051 0.242979
vt 0.326786 0.244883
vt 0.323535 0.239840
vt 0.322191 0.241690
vt 0.319154 0.236514
vt 0.317733 0.238306
vt 0.314916 0.233008
vt 0.313422 0.234739
vt 0.310829 0.229328
vt 0.309263 0.230995
vt 0.306899 0.225480
vt 0.305265 0.227080
vt 0.303134 0.221470
vt 0.301434 0.223000
vt 0.299540 0.217307
vt 0.297778 0.218764
vt 0.296123 0.212996
vt 0.294302 0.214379
vt 0.292890 0.208547
vt 0.291013 0.209852
vt 0.289847 0.203965
vt 0.287916 0.205191
vt 0.286997 0.199261
vt 0.285017 0.200404
vt 0.284348 0.194441
vt 0.282321 0.195500
vt 0.516239 0.537076
vt 0.513894 0.537076
vt 0.513894 0.541311
vt 0.516239 0.541311
vt 0.249091 0.607989
vt 0.246747 0.607989
vt 0.246747 0.613469
vt 0.249091 0.613469
vt 0.251436 0.538011
vt 0.249091 0.538011
vt 0.249091 0.542321
vt 0.251436 0.542321
vt 0.244402 0.672602
vt 0.246747 0.672602
vt 0.246747 0.618965
vt 0.249091 0.618965
vt 0.249091 0.546771
vt 0.251436 0.546771
vt 0.244402 0.677627
vt 0.246747 0.677627
vt 0.246747 0.624465
vt 0.249091 0.624465
vt 0.249091 0.551352
vt 0.251436 0.551352
vt 0.244402 0.682553
vt 0.246747 0.682553
vt 0.246747 0.629960
vt 0.249091 0.629960
vt 0.249091 0.556057
vt 0.251436 0.556057
vt 0.244402 0.687373
vt 0.246747 0.687373
vt 0.246747 0.635441
vt 0.249091 0.635441
vt 0.249091 0.560877
vt 0.251436 0.560877
vt 0.244402 0.692078
vt 0.246747 0.692078
vt 0.246747 0.640898
vt 0.249091 0.640898
vt 0.249091 0.565803
vt 0.251436 0.565803
vt 0.244402 0.696659
vt 0.246747 0.696659
vt 0.246747 0.646321
vt 0.249091 0.646321
vt 0.249091 0.570828
vt 0.251436 0.570828
vt 0.244402 0.701108
vt 0.246747 0.701109
vt 0.246747 0.651701
vt 0.249091 0.651701
vt 0.249091 0.575942
vt 0.251436 0.575942
vt 0.244402 0.705419
vt 0.246747 0.705419
vt 0.246747 0.657028
vt 0.249091 0.657028
vt 0.249091 0.581136
vt 0.251436 0.581136
vt 0.244402 0.709583
vt 0.246747 0.709583
vt 0.246747 0.662294
vt 0.249091 0.662294
vt 0.249091 0.586401
vt 0.251436 0.586401
vt 0.244402 0.713592
vt 0.246747 0.713592
vt 0.246747 0.667488
vt 0.249091 0.667488
vt 0.249091 0.591729
vt 0.251436 0.591729
vt 0.509204 0.525264
vt 0.506859 0.525264
vt 0.506859 0.529112
vt 0.509204 0.529112
vt 0.246747 0.672602
vt 0.249091 0.672602
vt 0.249091 0.597109
vt 0.251436 0.597109
vt 0.506859 0.533122
vt 0.509204 0.533122
vt 0.246747 0.677627
vt 0.249091 0.677627
vt 0.249091 0.602532
vt 0.251436 0.602532
vt 0.506859 0.537286
vt 0.509204 0.537286
vt 0.246747 0.682553
vt 0.249091 0.682553
vt 0.249091 0.607989
vt 0.251436 0.607989
vt 0.506859 0.541596
vt 0.509204 0.541596
vt 0.246747 0.687373
vt 0.249091 0.687373
vt 0.249091 0.613469
vt 0.251436 0.613469
vt 0.506859 0.546046
vt 0.509204 0.546046
vt 0.246747 0.692078
vt 0.249091 0.692078
vt 0.249091 0.618965
vt 0.251436 0.618965
vt 0.506859 0.550627
vt 0.509204 0.550627
vt 0.246747 0.696659
vt 0.249091 0.696659
vt 0.249091 0.624465
vt 0.251436 0.624465
vt 0.506859 0.555331
vt 0.509204 0.555331
vt 0.246747 0.701108
vt 0.249091 0.701108
vt 0.249091 0.629960
vt 0.251436 0.629960
vt 0.506859 0.560151
vt 0.509204 0.560151
vt 0.246747 0.705419
vt 0.249091 0.705419
vt 0.249091 0.635441
vt 0.251436 0.635441
vt 0.506859 0.565078
vt 0.509204 0.565078
vt 0.246747 0.709583
vt 0.249091 0.709583
vt 0.249091 0.640898
vt 0.251436 0.640898
vt 0.506859 0.570103
vt 0.509204 0.570103
vt 0.246747 0.713592
vt 0.249091 0.713592
vt 0.249091 0.646321
vt 0.251436 0.646321
vt 0.506859 0.575216
vt 0.509204 0.575216
vt 0.246747 0.529838
vt 0.244402 0.529838
vt 0.244402 0.533847
vt 0.246747 0.533847
vt 0.249091 0.651701
vt 0.251436 0.651701
vt 0.506859 0.580411
vt 0.509204 0.580411
vt 0.244402 0.538011
vt 0.246747 0.538011
vt 0.249091 0.657028
vt 0.251436 0.657028
vt 0.506859 0.585676
vt 0.509204 0.585676
vt 0.244402 0.542321
vt 0.246747 0.542321
vt 0.249091 0.662294
vt 0.251436 0.662294
vt 0.506859 0.591003
vt 0.509204 0.591003
vt 0.244402 0.546771
vt 0.246747 0.546771
vt 0.249091 0.667488
vt 0.251436 0.667488
vt 0.506859 0.596383
vt 0.509204 0.596383
vt 0.244402 0.551352
vt 0.246747 0.551352
vt 0.249091 0.672602
vt 0.251436 0.672602
vt 0.506859 0.601806
vt 0.509204 0.601806
vt 0.244402 0.556057
vt 0.246747 0.556057
vt 0.249091 0.677627
vt 0.251436 0.677627
vt 0.506859 0.607263
vt 0.509204 0.607263
vt 0.244402 0.560877
vt 0.246747 0.560877
vt 0.249091 0.682553
vt 0.251436 0.682553
vt 0.506859 0.612744
vt 0.509204 0.612744
vt 0.244402 0.565803
vt 0.246747 0.565803
vt 0.249091 0.687373
vt 0.251436 0.687373
vt 0.506859 0.618239
vt 0.509204 0.618239
vt 0.244402 0.570828
vt 0.246747 0.570828
vt 0.249091 0.692078
vt 0.251436 0.692078
vt 0.506859 0.623740
vt 0.509204 0.623740
vt 0.244402 0.575942
vt 0.246747 0.575942
vt 0.249091 0.696659
vt 0.251436 0.696659
vt 0.506859 0.629235
vt 0.509204 0.629235
vt 0.244402 0.581136
vt 0.246747 0.581136
vt 0.249091 0.701108
vt 0.251436 0.701108
vt 0.506859 0.634716
vt 0.509204 0.634716
vt 0.244402 0.586401
vt 0.246747 0.586401
vt 0.249091 0.705419
vt 0.251436 0.705419
vt 0.506859 0.640173
vt 0.509204 0.640173
vt 0.244402 0.591729
vt 0.246747 0.591729
vt 0.249091 0.709583
vt 0.251436 0.709583
vt 0.506859 0.645596
vt 0.509204 0.645596
vt 0.244402 0.597109
vt 0.246747 0.597109
vt 0.249091 0.713592
vt 0.251436 0.713592
vt 0.506859 0.650976
vt 0.509204 0.650976
vt 0.244402 0.602532
vt 0.246747 0.602532
vt 0.249091 0.529838
vt 0.246747 0.529838
vt 0.246747 0.533847
vt 0.249091 0.533847
vt 0.506859 0.656303
vt 0.509204 0.656303
vt 0.244402 0.607989
vt 0.246747 0.607989
vt 0.246747 0.538011
vt 0.249091 0.538011
vt 0.506859 0.661568
vt 0.509204 0.661568
vt 0.244402 0.613469
vt 0.246747 0.613469
vt 0.246747 0.542321
vt 0.249091 0.542321
vt 0.506859 0.666763
vt 0.509204 0.666763
vt 0.244402 0.618965
vt 0.246747 0.618965
vt 0.246747 0.546771
vt 0.249091 0.546771
vt 0.506859 0.671877
vt 0.509204 0.671877
vt 0.244402 0.624465
vt 0.246747 0.624465
vt 0.246747 0.551352
vt 0.249091 0.551352
vt 0.506859 0.676901
vt 0.509204 0.676901
vt 0.246747 0.556057
vt 0.249091 0.556057
vt 0.506859 0.681828
vt 0.509204 0.681828
vt 0.246747 0.560877
vt 0.249091 0.560877
vt 0.506859 0.686648
vt 0.509204 0.686648
vt 0.246747 0.565803
vt 0.249091 0.565803
vt 0.506859 0.691352
vt 0.509204 0.691352
vt 0.246747 0.570828
vt 0.249091 0.570828
vt 0.506859 0.695933
vt 0.509204 0.695933
vt 0.244402 0.629960
vt 0.246747 0.629960
vt 0.246747 0.575942
vt 0.249091 0.575942
vt 0.506859 0.700383
vt 0.509204 0.700383
vt 0.244402 0.635441
vt 0.246747 0.635441
vt 0.246747 0.581136
vt 0.249091 0.581136
vt 0.506859 0.704694
vt 0.509204 0.704694
vt 0.244402 0.640898
vt 0.246747 0.640898
vt 0.246747 0.586401
vt 0.249091 0.586401
vt 0.506859 0.708857
vt 0.509204 0.708857
vt 0.244402 0.646321
vt 0.246747 0.646321
vt 0.246747 0.591729
vt 0.249091 0.591729
vt 0.506859 0.712867
vt 0.509204 0.712867
vt 0.244402 0.651701
vt 0.246747 0.651701
vt 0.246747 0.597109
vt 0.249091 0.597109
vt 0.506859 0.716715
vt 0.509204 0.716715
vt 0.244402 0.657028
vt 0.246747 0.657028
vt 0.246747 0.602532
vt 0.249091 0.602532
vt 0.251436 0.529838
vt 0.249091 0.529838
vt 0.249091 0.533847
vt 0.251436 0.533847
vt 0.003642 0.417371
vt 0.001380 0.417705
vt 0.002297 0.423128
vt 0.004543 0.422699
vt 0.002965 0.412009
vt 0.000691 0.412248
vt 0.002513 0.406623
vt 0.000230 0.406767
vt 0.002286 0.401224
vt 0.000000 0.401272
vt 0.002286 0.395819
vt 0.000000 0.395772
vt 0.002513 0.390420
vt 0.000230 0.390276
vt 0.002965 0.385034
vt 0.000691 0.384795
vt 0.003642 0.379673
vt 0.001380 0.379339
vt 0.004543 0.374344
vt 0.002297 0.373915
vt 0.005667 0.369058
vt 0.003441 0.368535
vt 0.007011 0.363823
vt 0.004809 0.363208
vt 0.008573 0.358649
vt 0.006398 0.357943
vt 0.010351 0.353546
vt 0.008207 0.352749
vt 0.012340 0.348521
vt 0.010232 0.347635
vt 0.014538 0.343584
vt 0.012469 0.342610
vt 0.016941 0.338743
vt 0.014915 0.337683
vt 0.019545 0.334007
vt 0.017564 0.332864
vt 0.022344 0.329384
vt 0.020414 0.328159
vt 0.025335 0.324883
vt 0.023457 0.323578
vt 0.028512 0.320511
vt 0.026690 0.319128
vt 0.031869 0.316275
vt 0.030107 0.314818
vt 0.035400 0.312184
vt 0.033701 0.310654
vt 0.039099 0.308245
vt 0.037466 0.306645
vt 0.042961 0.304463
vt 0.041395 0.302796
vt 0.046977 0.300847
vt 0.045483 0.299116
vt 0.051141 0.297402
vt 0.049721 0.295610
vt 0.055446 0.294135
vt 0.054102 0.292285
vt 0.059884 0.291050
vt 0.058618 0.289146
vt 0.064447 0.288155
vt 0.063262 0.286199
vt 0.069127 0.285452
vt 0.068025 0.283449
vt 0.073916 0.282949
vt 0.072900 0.280900
vt 0.078806 0.280648
vt 0.077876 0.278558
vt 0.083789 0.278553
vt 0.082947 0.276427
vt 0.088854 0.276670
vt 0.088102 0.274510
vt 0.093994 0.274999
vt 0.093333 0.272810
vt 0.099199 0.273546
vt 0.098630 0.271331
vt 0.104461 0.272312
vt 0.103985 0.270075
vt 0.109769 0.271299
vt 0.109388 0.269045
vt 0.115116 0.270510
vt 0.114829 0.268241
vt 0.120491 0.269945
vt 0.120299 0.267666
vt 0.125884 0.269606
vt 0.125788 0.267321
vt 0.131287 0.269492
vt 0.131287 0.267206
vt 0.136691 0.269606
vt 0.136786 0.267321
vt 0.142084 0.269945
vt 0.142276 0.267666
vt 0.147459 0.270510
vt 0.147746 0.268241
vt 0.152805 0.271299
vt 0.153187 0.269045
vt 0.158114 0.272312
vt 0.158590 0.270075
vt 0.163376 0.273546
vt 0.163944 0.271331
vt 0.168581 0.275000
vt 0.169242 0.272810
vt 0.173721 0.276670
vt 0.174473 0.274510
vt 0.178786 0.278553
vt 0.179628 0.276427
vt 0.183768 0.280648
vt 0.184698 0.278559
vt 0.188658 0.282949
vt 0.189675 0.280900
vt 0.193448 0.285453
vt 0.194549 0.283449
vt 0.198128 0.288155
vt 0.199313 0.286199
vt 0.202691 0.291051
vt 0.203957 0.289146
vt 0.207129 0.294135
vt 0.208473 0.292285
vt 0.211434 0.297402
vt 0.212854 0.295610
vt 0.215598 0.300847
vt 0.217092 0.299116
vt 0.219614 0.304464
vt 0.221179 0.302797
vt 0.223475 0.308245
vt 0.225109 0.306645
vt 0.227175 0.312184
vt 0.228874 0.310654
vt 0.230706 0.316275
vt 0.232468 0.314818
vt 0.234063 0.320511
vt 0.235885 0.319128
vt 0.237240 0.324883
vt 0.239117 0.323578
vt 0.240230 0.329385
vt 0.242161 0.328159
vt 0.243030 0.334007
vt 0.245010 0.332864
vt 0.245634 0.338743
vt 0.247660 0.337684
vt 0.248037 0.343584
vt 0.250106 0.342610
vt 0.250235 0.348521
vt 0.252343 0.347635
vt 0.252224 0.353546
vt 0.254368 0.352749
vt 0.254001 0.358650
vt 0.256176 0.357943
vt 0.255563 0.363823
vt 0.257766 0.363208
vt 0.256907 0.369058
vt 0.259134 0.368536
vt 0.258031 0.374344
vt 0.260277 0.373916
vt 0.258932 0.379673
vt 0.261195 0.379339
vt 0.259610 0.385035
vt 0.261884 0.384796
vt 0.260062 0.390420
vt 0.262344 0.390276
vt 0.260288 0.395820
vt 0.262575 0.395772
vt 0.260288 0.401224
vt 0.262575 0.401272
vt 0.260062 0.406624
vt 0.262344 0.406767
vt 0.259610 0.412009
vt 0.261884 0.412248
vt 0.258932 0.417371
vt 0.261195 0.417705
vt 0.258031 0.422700
vt 0.260277 0.423128
vt 0.256907 0.427986
vt 0.259134 0.428508
vt 0.255563 0.433220
vt 0.257766 0.433835
vt 0.254001 0.438394
vt 0.256176 0.439101
vt 0.252224 0.443498
vt 0.254367 0.444295
vt 0.250235 0.448523
vt 0.252343 0.449409
vt 0.248036 0.453460
vt 0.250106 0.454434
vt 0.245633 0.458301
vt 0.247660 0.459360
vt 0.243030 0.463037
vt 0.245010 0.464180
vt 0.240230 0.467659
vt 0.242161 0.468885
vt 0.237239 0.472161
vt 0.239117 0.473466
vt 0.234063 0.476533
vt 0.235884 0.477915
vt 0.230706 0.480768
vt 0.232468 0.482226
vt 0.227175 0.484859
vt 0.228874 0.486389
vt 0.223475 0.488799
vt 0.225109 0.490399
vt 0.219614 0.492580
vt 0.221179 0.494247
vt 0.215598 0.496196
vt 0.217092 0.497927
vt 0.211433 0.499641
vt 0.212854 0.501433
vt 0.207129 0.502909
vt 0.208473 0.504759
vt 0.202691 0.505993
vt 0.203956 0.507898
vt 0.198128 0.508889
vt 0.199312 0.510845
vt 0.193448 0.511591
vt 0.194549 0.513595
vt 0.188658 0.514095
vt 0.189675 0.516143
vt 0.183768 0.516396
vt 0.184698 0.518485
vt 0.178786 0.518490
vt 0.179628 0.520616
vt 0.173721 0.520374
vt 0.174473 0.522534
vt 0.168581 0.522044
vt 0.169242 0.524233
vt 0.163375 0.523497
vt 0.163944 0.525712
vt 0.158114 0.524731
vt 0.158589 0.526968
vt 0.152805 0.525744
vt 0.153187 0.527999
vt 0.147459 0.526534
vt 0.147745 0.528802
vt 0.142084 0.527099
vt 0.142275 0.529377
vt 0.136690 0.527438
vt 0.136786 0.529723
vt 0.131287 0.527551
vt 0.131287 0.529838
vt 0.125884 0.527438
vt 0.125788 0.529723
vt 0.120490 0.527098
vt 0.120299 0.529377
vt 0.115115 0.526534
vt 0.114829 0.528802
vt 0.109769 0.525744
vt 0.109388 0.527999
vt 0.104460 0.524731
vt 0.103985 0.526968
vt 0.099199 0.523497
vt 0.098630 0.525712
vt 0.093994 0.522044
vt 0.093333 0.524233
vt 0.088854 0.520374
vt 0.088102 0.522533
vt 0.083788 0.518490
vt 0.082946 0.520616
vt 0.078806 0.516396
vt 0.077876 0.518485
vt 0.073916 0.514095
vt 0.072899 0.516143
vt 0.069127 0.511591
vt 0.068025 0.513595
vt 0.064447 0.508889
vt 0.063262 0.510845
vt 0.059883 0.505993
vt 0.058618 0.507898
vt 0.055446 0.502909
vt 0.054102 0.504759
vt 0.051141 0.499641
vt 0.049721 0.501433
vt 0.046977 0.496196
vt 0.045483 0.497927
vt 0.042961 0.492580
vt 0.041395 0.494247
vt 0.039099 0.488799
vt 0.037465 0.490399
vt 0.035400 0.484859
vt 0.033700 0.486389
vt 0.031868 0.480768
vt 0.030106 0.482226
vt 0.028512 0.476533
vt 0.026690 0.477915
vt 0.025335 0.472160
vt 0.023457 0.473466
vt 0.022344 0.467659
vt 0.020413 0.468884
vt 0.019545 0.463036
vt 0.017564 0.464180
vt 0.016941 0.458300
vt 0.014914 0.459360
vt 0.014538 0.453460
vt 0.012469 0.454433
vt 0.012340 0.448523
vt 0.010232 0.449409
vt 0.010350 0.443498
vt 0.008207 0.444295
vt 0.008573 0.438394
vt 0.006398 0.439101
vt 0.007011 0.433220
vt 0.004809 0.433835
vt 0.005667 0.427986
vt 0.003441 0.428508
vt 0.778696 0.414602
vt 0.776351 0.414602
vt 0.776351 0.419254
vt 0.778696 0.419254
vt 0.256126 0.679894
vt 0.253781 0.679894
vt 0.253781 0.684630
vt 0.256126 0.684630
vt 0.258471 0.606628
vt 0.256126 0.606628
vt 0.256126 0.612013
vt 0.258471 0.612013
vt 0.513894 0.545684
vt 0.516239 0.545684
vt 0.253781 0.689252
vt 0.256126 0.689252
vt 0.256126 0.617413
vt 0.258471 0.617413
vt 0.513894 0.550185
vt 0.516239 0.550185
vt 0.253781 0.693754
vt 0.256126 0.693754
vt 0.256126 0.622817
vt 0.258471 0.622817
vt 0.513894 0.554808
vt 0.516239 0.554808
vt 0.253781 0.698126
vt 0.256126 0.698126
vt 0.256126 0.628217
vt 0.258471 0.628217
vt 0.513894 0.559544
vt 0.516239 0.559544
vt 0.253781 0.702361
vt 0.256126 0.702361
vt 0.256126 0.633602
vt 0.258471 0.633602
vt 0.513894 0.564384
vt 0.516239 0.564384
vt 0.253781 0.706452
vt 0.256126 0.706452
vt 0.256126 0.638964
vt 0.258471 0.638964
vt 0.513894 0.569322
vt 0.516239 0.569322
vt 0.253781 0.710392
vt 0.256126 0.710392
vt 0.256126 0.644293
vt 0.258471 0.644293
vt 0.513894 0.574346
vt 0.516239 0.574346
vt 0.260816 0.529838
vt 0.258471 0.529838
vt 0.258471 0.533778
vt 0.260816 0.533778
vt 0.256126 0.649579
vt 0.258471 0.649579
vt 0.513894 0.579450
vt 0.516239 0.579450
vt 0.258471 0.537869
vt 0.260816 0.537869
vt 0.256126 0.654813
vt 0.258471 0.654813
vt 0.513894 0.584624
vt 0.516239 0.584624
vt 0.258471 0.542104
vt 0.260816 0.542104
vt 0.256126 0.659987
vt 0.258471 0.659987
vt 0.513894 0.589859
vt 0.516239 0.589859
vt 0.258471 0.546476
vt 0.260816 0.546476
vt 0.256126 0.665091
vt 0.258471 0.665091
vt 0.513894 0.595145
vt 0.516239 0.595145
vt 0.258471 0.550978
vt 0.260816 0.550978
vt 0.256126 0.670116
vt 0.258471 0.670116
vt 0.513894 0.600473
vt 0.516239 0.600473
vt 0.258471 0.555600
vt 0.260816 0.555600
vt 0.256126 0.675053
vt 0.258471 0.675053
vt 0.513894 0.605835
vt 0.516239 0.605835
vt 0.258471 0.560336
vt 0.260816 0.560336
vt 0.256126 0.679894
vt 0.258471 0.679894
vt 0.513894 0.611221
vt 0.516239 0.611221
vt 0.258471 0.565177
vt 0.260816 0.565177
vt 0.256126 0.684630
vt 0.258471 0.684630
vt 0.513894 0.616620
vt 0.516239 0.616620
vt 0.258471 0.570114
vt 0.260816 0.570114
vt 0.256126 0.689252
vt 0.258471 0.689252
vt 0.513894 0.622025
vt 0.516239 0.622025
vt 0.258471 0.575139
vt 0.260816 0.575139
vt 0.256126 0.693754
vt 0.258471 0.693754
vt 0.513894 0.627424
vt 0.516239 0.627424
vt 0.258471 0.580243
vt 0.260816 0.580243
vt 0.256126 0.698126
vt 0.258471 0.698126
vt 0.513894 0.632810
vt 0.516239 0.632810
vt 0.258471 0.585416
vt 0.260816 0.585416
vt 0.256126 0.702361
vt 0.258471 0.702361
vt 0.513894 0.638171
vt 0.516239 0.638171
vt 0.258471 0.590651
vt 0.260816 0.590651
vt 0.256126 0.706452
vt 0.258471 0.706452
vt 0.513894 0.643500
vt 0.516239 0.643500
vt 0.258471 0.595937
vt 0.260816 0.595937
vt 0.256126 0.710392
vt 0.258471 0.710392
vt 0.513894 0.648786
vt 0.516239 0.648786
vt 0.258471 0.601266
vt 0.260816 0.601266
vt 0.256126 0.529838
vt 0.253781 0.529838
vt 0.253781 0.533777
vt 0.256126 0.533777
vt 0.513894 0.654021
vt 0.516239 0.654021
vt 0.258471 0.606628
vt 0.260816 0.606628
vt 0.253781 0.537869
vt 0.256126 0.537869
vt 0.513894 0.659195
vt 0.516239 0.659195
vt 0.258471 0.612013
vt 0.260816 0.612013
vt 0.253781 0.542104
vt 0.256126 0.542104
vt 0.513894 0.664298
vt 0.516239 0.664298
vt 0.258471 0.617413
vt 0.260816 0.617413
vt 0.253781 0.546476
vt 0.256126 0.546476
vt 0.513894 0.669323
vt 0.516239 0.669323
vt 0.258471 0.622817
vt 0.260816 0.622817
vt 0.253781 0.550978
vt 0.256126 0.550978
vt 0.513894 0.674260
vt 0.516239 0.674260
vt 0.253781 0.555600
vt 0.256126 0.555600
vt 0.513894 0.679101
vt 0.516239 0.679101
vt 0.253781 0.560336
vt 0.256126 0.560336
vt 0.513894 0.683837
vt 0.516239 0.683837
vt 0.253781 0.565177
vt 0.256126 0.565177
vt 0.513894 0.688460
vt 0.516238 0.688460
vt 0.253781 0.570114
vt 0.256126 0.570114
vt 0.513894 0.692961
vt 0.516238 0.692961
vt 0.258471 0.628217
vt 0.260816 0.628217
vt 0.253781 0.575139
vt 0.256126 0.575139
vt 0.513894 0.697333
vt 0.516238 0.697333
vt 0.258471 0.633602
vt 0.260816 0.633602
vt 0.253781 0.580243
vt 0.256126 0.580243
vt 0.513894 0.701569
vt 0.516238 0.701569
vt 0.258471 0.638964
vt 0.260816 0.638964
vt 0.253781 0.585416
vt 0.256126 0.585416
vt 0.513894 0.705660
vt 0.516238 0.705660
vt 0.258471 0.644293
vt 0.260816 0.644293
vt 0.253781 0.590651
vt 0.256126 0.590651
vt 0.513894 0.709600
vt 0.516238 0.709600
vt 0.258471 0.649579
vt 0.260816 0.649579
vt 0.253781 0.595937
vt 0.256126 0.595937
vt 0.513894 0.713381
vt 0.516238 0.713381
vt 0.258471 0.654814
vt 0.260816 0.654814
vt 0.253781 0.601266
vt 0.256126 0.601266
vt 0.258471 0.533777
vt 0.258471 0.659987
vt 0.260816 0.659987
vt 0.253781 0.606628
vt 0.258471 0.665091
vt 0.260816 0.665091
vt 0.253781 0.612013
vt 0.258471 0.670116
vt 0.260816 0.670116
vt 0.253781 0.617413
vt 0.258471 0.675053
vt 0.260816 0.675053
vt 0.253781 0.622817
vt 0.258471 0.679894
vt 0.260816 0.679894
vt 0.253781 0.628217
vt 0.258471 0.684630
vt 0.260816 0.684630
vt 0.253781 0.633602
vt 0.258471 0.689252
vt 0.260816 0.689252
vt 0.253781 0.638964
vt 0.258471 0.693754
vt 0.260816 0.693754
vt 0.253781 0.644293
vt 0.258471 0.698126
vt 0.260816 0.698126
vt 0.253781 0.649579
vt 0.258471 0.702361
vt 0.260816 0.702361
vt 0.253781 0.654813
vt 0.258471 0.706452
vt 0.260816 0.706452
vt 0.253781 0.659987
vt 0.256126 0.585416
vt 0.258471 0.585416
vt 0.258471 0.710392
vt 0.260816 0.710392
vt 0.253781 0.665091
vt 0.258471 0.590651
vt 0.513894 0.529045
vt 0.516239 0.529045
vt 0.253781 0.670116
vt 0.258471 0.595937
vt 0.513894 0.532985
vt 0.516239 0.532985
vt 0.253781 0.675053
vt 0.258471 0.601266
vt 0.264861 0.393580
vt 0.262575 0.393533
vt 0.262575 0.398937
vt 0.264861 0.398889
vt 0.265083 0.388276
vt 0.262801 0.388133
vt 0.265527 0.382987
vt 0.263253 0.382747
vt 0.266193 0.377720
vt 0.263930 0.377386
vt 0.267078 0.372486
vt 0.264832 0.372057
vt 0.268182 0.367293
vt 0.265955 0.366771
vt 0.269502 0.362151
vt 0.267299 0.361536
vt 0.271036 0.357069
vt 0.268861 0.356362
vt 0.272782 0.352056
vt 0.270639 0.351259
vt 0.274736 0.347120
vt 0.272628 0.346234
vt 0.276896 0.342270
vt 0.274826 0.341297
vt 0.279256 0.337515
vt 0.277229 0.336456
vt 0.281813 0.332863
vt 0.279833 0.331720
vt 0.284563 0.328323
vt 0.282633 0.327097
vt 0.287501 0.323901
vt 0.285623 0.322596
vt 0.290621 0.319606
vt 0.288800 0.318224
vt 0.293919 0.315446
vt 0.292157 0.313988
vt 0.297388 0.311427
vt 0.295688 0.309897
vt 0.301022 0.307558
vt 0.299388 0.305958
vt 0.304814 0.303843
vt 0.303249 0.302176
vt 0.308760 0.300291
vt 0.307265 0.298560
vt 0.312850 0.296908
vt 0.311429 0.295115
vt 0.317078 0.293698
vt 0.315734 0.291848
vt 0.321438 0.290668
vt 0.320172 0.288764
vt 0.325920 0.287824
vt 0.324735 0.285868
vt 0.330517 0.285170
vt 0.329415 0.283166
vt 0.335222 0.282710
vt 0.334205 0.280662
vt 0.340025 0.280450
vt 0.339095 0.278361
vt 0.344919 0.278393
vt 0.344077 0.276266
vt 0.349894 0.276542
vt 0.349142 0.274383
vt 0.354943 0.274902
vt 0.354282 0.272713
vt 0.360056 0.273474
vt 0.359487 0.271259
vt 0.365225 0.272262
vt 0.364749 0.270025
vt 0.370439 0.271267
vt 0.370058 0.269013
vt 0.375691 0.270492
vt 0.375404 0.268223
vt 0.380970 0.269937
vt 0.380779 0.267658
vt 0.386268 0.269604
vt 0.386173 0.267319
vt 0.391576 0.269492
vt 0.391576 0.267206
vt 0.396883 0.269604
vt 0.396979 0.267319
vt 0.402181 0.269937
vt 0.402373 0.267658
vt 0.407461 0.270492
vt 0.407747 0.268223
vt 0.412712 0.271267
vt 0.413094 0.269013
vt 0.417927 0.272262
vt 0.418402 0.270025
vt 0.423095 0.273474
vt 0.423664 0.271259
vt 0.428208 0.274902
vt 0.428869 0.272713
vt 0.433257 0.276542
vt 0.434009 0.274383
vt 0.438233 0.278393
vt 0.439075 0.276267
vt 0.443127 0.280450
vt 0.444057 0.278361
vt 0.447930 0.282710
vt 0.448947 0.280662
vt 0.452634 0.285170
vt 0.453736 0.283166
vt 0.457232 0.287824
vt 0.458416 0.285868
vt 0.461714 0.290669
vt 0.462979 0.288764
vt 0.466073 0.293698
vt 0.467417 0.291848
vt 0.470302 0.296908
vt 0.471722 0.295116
vt 0.474392 0.300292
vt 0.475886 0.298561
vt 0.478337 0.303844
vt 0.479902 0.302177
vt 0.482130 0.307558
vt 0.483764 0.305958
vt 0.485764 0.311428
vt 0.487463 0.309898
vt 0.489232 0.315446
vt 0.490994 0.313989
vt 0.492530 0.319607
vt 0.494351 0.318224
vt 0.495650 0.323901
vt 0.497528 0.322596
vt 0.498588 0.328323
vt 0.500519 0.327098
vt 0.501338 0.332864
vt 0.503318 0.331721
vt 0.503895 0.337516
vt 0.505922 0.336456
vt 0.506256 0.342271
vt 0.508325 0.341297
vt 0.508415 0.347120
vt 0.510523 0.346234
vt 0.510369 0.352056
vt 0.512512 0.351259
vt 0.512115 0.357070
vt 0.514290 0.356363
vt 0.513649 0.362152
vt 0.515852 0.361537
vt 0.514969 0.367293
vt 0.517196 0.366771
vt 0.516073 0.372486
vt 0.518319 0.372057
vt 0.516958 0.377720
vt 0.519221 0.377386
vt 0.517624 0.382987
vt 0.519898 0.382748
vt 0.518068 0.388277
vt 0.520350 0.388133
vt 0.518290 0.393581
vt 0.520577 0.393533
vt 0.518290 0.398889
vt 0.520577 0.398937
vt 0.518068 0.404193
vt 0.520350 0.404337
vt 0.517624 0.409483
vt 0.519898 0.409722
vt 0.516958 0.414750
vt 0.519221 0.415084
vt 0.516073 0.419984
vt 0.518319 0.420413
vt 0.514969 0.425177
vt 0.517196 0.425699
vt 0.513649 0.430319
vt 0.515852 0.430934
vt 0.512115 0.435401
vt 0.514290 0.436107
vt 0.510369 0.440414
vt 0.512512 0.441211
vt 0.508415 0.445350
vt 0.510523 0.446236
vt 0.506256 0.450199
vt 0.508325 0.451173
vt 0.503895 0.454954
vt 0.505922 0.456014
vt 0.501338 0.459606
vt 0.503318 0.460750
vt 0.498588 0.464147
vt 0.500518 0.465373
vt 0.495650 0.468569
vt 0.497528 0.469874
vt 0.492530 0.472864
vt 0.494351 0.474246
vt 0.489232 0.477024
vt 0.490994 0.478482
vt 0.485763 0.481042
vt 0.487463 0.482573
vt 0.482129 0.484912
vt 0.483763 0.486512
vt 0.478337 0.488626
vt 0.479902 0.490293
vt 0.474392 0.492179
vt 0.475886 0.493910
vt 0.470301 0.495562
vt 0.471722 0.497354
vt 0.466073 0.498772
vt 0.467417 0.500622
vt 0.461714 0.501802
vt 0.462979 0.503706
vt 0.457231 0.504646
vt 0.458416 0.506602
vt 0.452634 0.507300
vt 0.453736 0.509304
vt 0.447930 0.509760
vt 0.448946 0.511808
vt 0.443126 0.512020
vt 0.444056 0.514109
vt 0.438232 0.514077
vt 0.439074 0.516203
vt 0.433257 0.515928
vt 0.434009 0.518087
vt 0.428208 0.517568
vt 0.428869 0.519757
vt 0.423095 0.518996
vt 0.423664 0.521211
vt 0.417927 0.520208
vt 0.418402 0.522445
vt 0.412712 0.521203
vt 0.413093 0.523457
vt 0.407460 0.521978
vt 0.407747 0.524247
vt 0.402181 0.522533
vt 0.402372 0.524812
vt 0.396883 0.522866
vt 0.396978 0.525151
vt 0.391575 0.522977
vt 0.391575 0.525264
vt 0.386268 0.522866
vt 0.386172 0.525151
vt 0.380970 0.522533
vt 0.380778 0.524812
vt 0.375690 0.521978
vt 0.375404 0.524247
vt 0.370439 0.521203
vt 0.370057 0.523457
vt 0.365224 0.520208
vt 0.364749 0.522445
vt 0.360056 0.518996
vt 0.359487 0.521210
vt 0.354943 0.517568
vt 0.354282 0.519757
vt 0.349894 0.515927
vt 0.349142 0.518087
vt 0.344918 0.514077
vt 0.344076 0.516203
vt 0.340025 0.512020
vt 0.339094 0.514109
vt 0.335221 0.509760
vt 0.334204 0.511808
vt 0.330517 0.507300
vt 0.329415 0.509304
vt 0.325919 0.504646
vt 0.324735 0.506602
vt 0.321437 0.501801
vt 0.320172 0.503706
vt 0.317078 0.498772
vt 0.315734 0.500622
vt 0.312850 0.495562
vt 0.311429 0.497354
vt 0.308759 0.492178
vt 0.307265 0.493909
vt 0.304814 0.488626
vt 0.303249 0.490293
vt 0.301021 0.484912
vt 0.299387 0.486512
vt 0.297387 0.481042
vt 0.295688 0.482572
vt 0.293919 0.477023
vt 0.292157 0.478481
vt 0.290621 0.472863
vt 0.288800 0.474246
vt 0.287501 0.468568
vt 0.285623 0.469874
vt 0.284563 0.464147
vt 0.282632 0.465372
vt 0.281813 0.459606
vt 0.279833 0.460749
vt 0.279256 0.454954
vt 0.277229 0.456014
vt 0.276895 0.450199
vt 0.274826 0.451173
vt 0.274736 0.445349
vt 0.272628 0.446236
vt 0.272782 0.440414
vt 0.270639 0.441211
vt 0.271036 0.435400
vt 0.268861 0.436107
vt 0.269502 0.430318
vt 0.267299 0.430933
vt 0.268182 0.425177
vt 0.265955 0.425699
vt 0.267078 0.419984
vt 0.264832 0.420412
vt 0.266193 0.414750
vt 0.263930 0.415084
vt 0.265527 0.409483
vt 0.263253 0.409722
vt 0.265083 0.404193
vt 0.262801 0.404337
vt 0.790420 0.346468
vt 0.788075 0.346468
vt 0.788075 0.351676
vt 0.790420 0.351676
vt 0.781041 0.363841
vt 0.778696 0.363841
vt 0.778696 0.369131
vt 0.781041 0.369131
vt 0.783386 0.292511
vt 0.781041 0.292511
vt 0.781041 0.297163
vt 0.783386 0.297163
vt 0.776351 0.423795
vt 0.778696 0.423795
vt 0.778696 0.374398
vt 0.781041 0.374398
vt 0.781041 0.301918
vt 0.783386 0.301918
vt 0.776351 0.428216
vt 0.778696 0.428216
vt 0.778696 0.379632
vt 0.781041 0.379632
vt 0.781041 0.306768
vt 0.783386 0.306768
vt 0.776351 0.432511
vt 0.778696 0.432511
vt 0.778696 0.384825
vt 0.781041 0.384825
vt 0.781041 0.311704
vt 0.783386 0.311704
vt 0.776351 0.436671
vt 0.778696 0.436671
vt 0.778696 0.389966
vt 0.781041 0.389966
vt 0.781041 0.316717
vt 0.783386 0.316717
vt 0.776351 0.440690
vt 0.778696 0.440690
vt 0.778696 0.395048
vt 0.781041 0.395048
vt 0.781041 0.321799
vt 0.783386 0.321799
vt 0.776351 0.444560
vt 0.778696 0.444560
vt 0.778696 0.400062
vt 0.781041 0.400062
vt 0.781041 0.326941
vt 0.783386 0.326941
vt 0.244402 0.529838
vt 0.242057 0.529838
vt 0.242057 0.533552
vt 0.244402 0.533552
vt 0.778696 0.404997
vt 0.781041 0.404997
vt 0.781041 0.332134
vt 0.783386 0.332134
vt 0.242057 0.537422
vt 0.244402 0.537422
vt 0.778696 0.409847
vt 0.781041 0.409847
vt 0.781041 0.337368
vt 0.783386 0.337368
vt 0.242057 0.541440
vt 0.244402 0.541440
vt 0.781041 0.414602
vt 0.781041 0.342635
vt 0.783386 0.342635
vt 0.242057 0.545601
vt 0.244402 0.545601
vt 0.778696 0.419254
vt 0.781041 0.419254
vt 0.781041 0.347925
vt 0.783386 0.347925
vt 0.242057 0.549896
vt 0.244402 0.549896
vt 0.778696 0.423795
vt 0.781041 0.423795
vt 0.781041 0.353228
vt 0.783386 0.353228
vt 0.242057 0.554317
vt 0.244402 0.554317
vt 0.781041 0.428216
vt 0.781041 0.358537
vt 0.783386 0.358537
vt 0.242057 0.558858
vt 0.244402 0.558858
vt 0.781041 0.432511
vt 0.781041 0.363841
vt 0.783386 0.363841
vt 0.242057 0.563510
vt 0.244402 0.563510
vt 0.778696 0.436671
vt 0.781041 0.436671
vt 0.781041 0.369131
vt 0.783386 0.369131
vt 0.242057 0.568265
vt 0.244402 0.568265
vt 0.778696 0.440690
vt 0.781041 0.440690
vt 0.783386 0.374398
vt 0.242057 0.573115
vt 0.244402 0.573115
vt 0.781041 0.444560
vt 0.783386 0.379632
vt 0.242057 0.578050
vt 0.244402 0.578050
vt 0.778696 0.267206
vt 0.776351 0.267206
vt 0.776351 0.271075
vt 0.778696 0.271075
vt 0.783386 0.384825
vt 0.242057 0.583064
vt 0.244402 0.583064
vt 0.776351 0.275094
vt 0.778696 0.275094
vt 0.783386 0.389966
vt 0.242057 0.588146
vt 0.244402 0.588146
vt 0.776351 0.279254
vt 0.778696 0.279254
vt 0.781041 0.395048
vt 0.783386 0.395048
vt 0.242057 0.593287
vt 0.244402 0.593287
vt 0.776351 0.283549
vt 0.778696 0.283549
vt 0.783386 0.400062
vt 0.242057 0.598480
vt 0.244402 0.598480
vt 0.776351 0.287971
vt 0.778696 0.287971
vt 0.781041 0.404997
vt 0.783386 0.404997
vt 0.242057 0.603714
vt 0.244402 0.603714
vt 0.776351 0.292511
vt 0.778696 0.292511
vt 0.783386 0.409847
vt 0.242057 0.608981
vt 0.244402 0.608981
vt 0.776351 0.297163
vt 0.778696 0.297163
vt 0.783386 0.414602
vt 0.242057 0.614271
vt 0.244402 0.614271
vt 0.776351 0.301918
vt 0.778696 0.301918
vt 0.783386 0.419254
vt 0.242057 0.619575
vt 0.244402 0.619575
vt 0.776351 0.306768
vt 0.778696 0.306768
vt 0.783386 0.423795
vt 0.242057 0.624883
vt 0.244402 0.624883
vt 0.776351 0.311704
vt 0.778696 0.311704
vt 0.783386 0.428216
vt 0.242057 0.630187
vt 0.244402 0.630187
vt 0.776351 0.316717
vt 0.778696 0.316717
vt 0.781041 0.432511
vt 0.783386 0.432511
vt 0.242057 0.635477
vt 0.244402 0.635477
vt 0.776351 0.321799
vt 0.778696 0.321799
vt 0.783386 0.436671
vt 0.242057 0.640744
vt 0.244402 0.640744
vt 0.776351 0.326941
vt 0.778696 0.326941
vt 0.783386 0.440690
vt 0.242057 0.645978
vt 0.244402 0.645978
vt 0.776351 0.332134
vt 0.778696 0.332134
vt 0.781041 0.444560
vt 0.783386 0.444560
vt 0.242057 0.651171
vt 0.244402 0.651171
vt 0.776351 0.337368
vt 0.778696 0.337368
vt 0.781041 0.267206
vt 0.778696 0.267206
vt 0.781041 0.271075
vt 0.242057 0.656313
vt 0.244402 0.656313
vt 0.776351 0.342635
vt 0.778696 0.342635
vt 0.781041 0.275094
vt 0.242057 0.661395
vt 0.244402 0.661395
vt 0.776351 0.347925
vt 0.778696 0.347925
vt 0.778696 0.279254
vt 0.781041 0.279254
vt 0.242057 0.666408
vt 0.244402 0.666408
vt 0.776351 0.353228
vt 0.778696 0.353228
vt 0.781041 0.283549
vt 0.242057 0.671344
vt 0.244402 0.671344
vt 0.776351 0.358537
vt 0.778696 0.358537
vt 0.781041 0.287971
vt 0.242057 0.676194
vt 0.244402 0.676194
vt 0.781041 0.292511
vt 0.242057 0.680948
vt 0.244402 0.680948
vt 0.242057 0.685600
vt 0.244402 0.685600
vt 0.781041 0.301918
vt 0.242057 0.690141
vt 0.244402 0.690141
vt 0.781041 0.306768
vt 0.242057 0.694563
vt 0.244402 0.694563
vt 0.776351 0.363841
vt 0.242057 0.698858
vt 0.244402 0.698858
vt 0.776351 0.369131
vt 0.778696 0.316717
vt 0.242057 0.703018
vt 0.244402 0.703018
vt 0.776351 0.374398
vt 0.778696 0.374398
vt 0.781041 0.321799
vt 0.242057 0.707036
vt 0.244402 0.707036
vt 0.776351 0.379632
vt 0.242057 0.710906
vt 0.244402 0.710906
vt 0.776351 0.384825
vt 0.778696 0.384825
vt 0.242057 0.714621
vt 0.244402 0.714621
vt 0.776351 0.389966
vt 0.778696 0.389966
vt 0.781041 0.337368
vt 0.783386 0.267206
vt 0.781041 0.271075
vt 0.783386 0.271075
vt 0.776351 0.395048
vt 0.778696 0.342635
vt 0.781041 0.275094
vt 0.783386 0.275094
vt 0.776351 0.400062
vt 0.778696 0.347925
vt 0.783386 0.279254
vt 0.776351 0.404997
vt 0.778696 0.404997
vt 0.783386 0.283549
vt 0.776351 0.409847
vt 0.778696 0.409847
vt 0.781041 0.287971
vt 0.783386 0.287971
vt 0.523517 0.406957
vt 0.521243 0.407196
vt 0.521908 0.412463
vt 0.524171 0.412129
vt 0.523081 0.401763
vt 0.520799 0.401906
vt 0.522863 0.396555
vt 0.520577 0.396603
vt 0.522863 0.391342
vt 0.520577 0.391294
vt 0.523081 0.386134
vt 0.520799 0.385990
vt 0.523517 0.380939
vt 0.521243 0.380700
vt 0.524171 0.375767
vt 0.521908 0.375433
vt 0.525040 0.370628
vt 0.522794 0.370199
vt 0.526124 0.365529
vt 0.523897 0.365007
vt 0.527420 0.360480
vt 0.525218 0.359865
vt 0.528927 0.355489
vt 0.526752 0.354783
vt 0.530641 0.350566
vt 0.528498 0.349769
vt 0.532560 0.345720
vt 0.530452 0.344834
vt 0.534680 0.340958
vt 0.532611 0.339984
vt 0.536998 0.336288
vt 0.534972 0.335229
vt 0.539509 0.331720
vt 0.537529 0.330577
vt 0.542210 0.327262
vt 0.540279 0.326036
vt 0.545095 0.322920
vt 0.543217 0.321615
vt 0.548159 0.318702
vt 0.546337 0.317320
vt 0.551396 0.314617
vt 0.549635 0.313160
vt 0.554803 0.310671
vt 0.553103 0.309141
vt 0.558371 0.306871
vt 0.556737 0.305271
vt 0.562095 0.303224
vt 0.560530 0.301557
vt 0.565969 0.299736
vt 0.564475 0.298005
vt 0.569986 0.296413
vt 0.568565 0.294621
vt 0.574138 0.293261
vt 0.572794 0.291411
vt 0.578418 0.290286
vt 0.577153 0.288382
vt 0.582820 0.287493
vt 0.581635 0.285537
vt 0.587334 0.284887
vt 0.586233 0.282883
vt 0.591954 0.282472
vt 0.590937 0.280423
vt 0.596671 0.280252
vt 0.595740 0.278163
vt 0.601476 0.278232
vt 0.600634 0.276106
vt 0.606362 0.276415
vt 0.605610 0.274256
vt 0.611320 0.274804
vt 0.610659 0.272615
vt 0.616340 0.273402
vt 0.615772 0.271188
vt 0.621415 0.272212
vt 0.620940 0.269975
vt 0.626536 0.271235
vt 0.626155 0.268981
vt 0.631693 0.270474
vt 0.631406 0.268205
vt 0.636877 0.269929
vt 0.636686 0.267650
vt 0.642080 0.269602
vt 0.641984 0.267317
vt 0.647291 0.269492
vt 0.647291 0.267206
vt 0.652503 0.269602
vt 0.652599 0.267317
vt 0.657705 0.269929
vt 0.657897 0.267650
vt 0.662890 0.270474
vt 0.663176 0.268205
vt 0.668047 0.271235
vt 0.668428 0.268981
vt 0.673167 0.272212
vt 0.673643 0.269975
vt 0.678242 0.273402
vt 0.678811 0.271188
vt 0.683263 0.274804
vt 0.683924 0.272615
vt 0.688221 0.276415
vt 0.688973 0.274256
vt 0.693106 0.278232
vt 0.693948 0.276106
vt 0.697912 0.280252
vt 0.698842 0.278163
vt 0.702629 0.282472
vt 0.703645 0.280423
vt 0.707248 0.284887
vt 0.708350 0.282883
vt 0.711763 0.287493
vt 0.712947 0.285537
vt 0.716164 0.290286
vt 0.717430 0.288382
vt 0.720445 0.293261
vt 0.721789 0.291411
vt 0.724597 0.296413
vt 0.726017 0.294621
vt 0.728613 0.299736
vt 0.730107 0.298005
vt 0.732487 0.303224
vt 0.734052 0.301557
vt 0.736211 0.306871
vt 0.737845 0.305271
vt 0.739780 0.310671
vt 0.741479 0.309141
vt 0.743186 0.314617
vt 0.744948 0.313159
vt 0.746424 0.318702
vt 0.748245 0.317320
vt 0.749488 0.322920
vt 0.751366 0.321614
vt 0.752373 0.327261
vt 0.754304 0.326036
vt 0.755073 0.331720
vt 0.757053 0.330577
vt 0.757584 0.336288
vt 0.759611 0.335229
vt 0.759902 0.340957
vt 0.761971 0.339984
vt 0.762022 0.345720
vt 0.764131 0.344833
vt 0.763941 0.350566
vt 0.766085 0.349769
vt 0.765656 0.355489
vt 0.767831 0.354783
vt 0.767162 0.360480
vt 0.769365 0.359865
vt 0.768459 0.365529
vt 0.770685 0.365006
vt 0.769543 0.370627
vt 0.771789 0.370199
vt 0.770412 0.375767
vt 0.772674 0.375433
vt 0.771065 0.380939
vt 0.773340 0.380700
vt 0.771501 0.386133
vt 0.773784 0.385990
vt 0.771720 0.391342
vt 0.774006 0.391294
vt 0.771720 0.396555
vt 0.774006 0.396602
vt 0.771501 0.401763
vt 0.773784 0.401906
vt 0.771065 0.406957
vt 0.773340 0.407196
vt 0.770412 0.412129
vt 0.772674 0.412463
vt 0.769543 0.417269
vt 0.771789 0.417697
vt 0.768459 0.422368
vt 0.770685 0.422890
vt 0.767162 0.427417
vt 0.769365 0.428032
vt 0.765656 0.432407
vt 0.767831 0.433114
vt 0.763941 0.437330
vt 0.766085 0.438127
vt 0.762022 0.442177
vt 0.764131 0.443063
vt 0.759902 0.446939
vt 0.761971 0.447912
vt 0.757584 0.451608
vt 0.759611 0.452667
vt 0.755073 0.456176
vt 0.757054 0.457319
vt 0.752373 0.460635
vt 0.754304 0.461860
vt 0.749488 0.464977
vt 0.751366 0.466282
vt 0.746424 0.469194
vt 0.748246 0.470577
vt 0.743186 0.473279
vt 0.744948 0.474737
vt 0.739780 0.477225
vt 0.741479 0.478755
vt 0.736212 0.481025
vt 0.737845 0.482625
vt 0.732487 0.484672
vt 0.734053 0.486339
vt 0.728613 0.488161
vt 0.730108 0.489892
vt 0.724597 0.491483
vt 0.726017 0.493275
vt 0.720445 0.494635
vt 0.721789 0.496485
vt 0.716164 0.497610
vt 0.717430 0.499515
vt 0.711763 0.500403
vt 0.712947 0.502359
vt 0.707248 0.503010
vt 0.708350 0.505013
vt 0.702629 0.505425
vt 0.703646 0.507473
vt 0.697912 0.507644
vt 0.698842 0.509733
vt 0.693107 0.509664
vt 0.693948 0.511790
vt 0.688221 0.511481
vt 0.688973 0.513641
vt 0.683263 0.513092
vt 0.683924 0.515281
vt 0.678242 0.514494
vt 0.678811 0.516709
vt 0.673167 0.515684
vt 0.673643 0.517921
vt 0.668047 0.516661
vt 0.668428 0.518916
vt 0.662890 0.517423
vt 0.663176 0.519691
vt 0.657706 0.517967
vt 0.657897 0.520246
vt 0.652503 0.518295
vt 0.652599 0.520580
vt 0.647291 0.518404
vt 0.647291 0.520691
vt 0.642080 0.518295
vt 0.641984 0.520580
vt 0.636877 0.517967
vt 0.636686 0.520246
vt 0.631693 0.517423
vt 0.631406 0.519691
vt 0.626536 0.516661
vt 0.626155 0.518916
vt 0.621416 0.515684
vt 0.620940 0.517921
vt 0.616341 0.514494
vt 0.615772 0.516709
vt 0.611320 0.513092
vt 0.610659 0.515281
vt 0.606362 0.511481
vt 0.605610 0.513641
vt 0.601476 0.509664
vt 0.600634 0.511790
vt 0.596671 0.507644
vt 0.595741 0.509733
vt 0.591954 0.505425
vt 0.590937 0.507473
vt 0.587334 0.503010
vt 0.586233 0.505014
vt 0.582820 0.500403
vt 0.581635 0.502359
vt 0.578419 0.497610
vt 0.577153 0.499515
vt 0.574138 0.494635
vt 0.572794 0.496485
vt 0.569986 0.491483
vt 0.568566 0.493276
vt 0.565969 0.488161
vt 0.564475 0.489892
vt 0.562096 0.484673
vt 0.560530 0.486340
vt 0.558371 0.481025
vt 0.556737 0.482625
vt 0.554803 0.477225
vt 0.553103 0.478756
vt 0.551397 0.473279
vt 0.549635 0.474737
vt 0.548159 0.469194
vt 0.546337 0.470577
vt 0.545095 0.464977
vt 0.543217 0.466282
vt 0.542210 0.460635
vt 0.540279 0.461860
vt 0.539510 0.456176
vt 0.537529 0.457319
vt 0.536998 0.451608
vt 0.534972 0.452668
vt 0.534680 0.446939
vt 0.532611 0.447913
vt 0.532560 0.442177
vt 0.530452 0.443063
vt 0.530641 0.437330
vt 0.528498 0.438127
vt 0.528927 0.432407
vt 0.526752 0.433114
vt 0.527420 0.427417
vt 0.525218 0.428032
vt 0.526124 0.422368
vt 0.523897 0.422890
vt 0.525040 0.417269
vt 0.522794 0.417697
vt 0.797455 0.413767
vt 0.795110 0.413767
vt 0.795110 0.418144
vt 0.797455 0.418144
vt 0.253781 0.549534
vt 0.251436 0.549534
vt 0.251436 0.553875
vt 0.253781 0.553875
vt 0.788075 0.420970
vt 0.785731 0.420970
vt 0.785730 0.425311
vt 0.788075 0.425311
vt 0.788075 0.356889
vt 0.790420 0.356889
vt 0.251436 0.558334
vt 0.253781 0.558334
vt 0.785730 0.429529
vt 0.788075 0.429529
vt 0.788075 0.362097
vt 0.790420 0.362097
vt 0.251436 0.562902
vt 0.253781 0.562902
vt 0.785730 0.433614
vt 0.788075 0.433614
vt 0.788075 0.367292
vt 0.790420 0.367292
vt 0.251436 0.567571
vt 0.253781 0.567571
vt 0.785730 0.437560
vt 0.788075 0.437560
vt 0.788075 0.372464
vt 0.790420 0.372464
vt 0.251436 0.572334
vt 0.253781 0.572334
vt 0.785730 0.441360
vt 0.788075 0.441360
vt 0.788075 0.377604
vt 0.790420 0.377604
vt 0.251436 0.577180
vt 0.253781 0.577180
vt 0.792765 0.267206
vt 0.790420 0.267206
vt 0.790420 0.271006
vt 0.792765 0.271006
vt 0.788075 0.382702
vt 0.790420 0.382702
vt 0.251436 0.582103
vt 0.253781 0.582103
vt 0.790420 0.274952
vt 0.792765 0.274952
vt 0.788075 0.387751
vt 0.790420 0.387751
vt 0.251436 0.587094
vt 0.253781 0.587094
vt 0.790420 0.279037
vt 0.792765 0.279037
vt 0.788075 0.392742
vt 0.790420 0.392742
vt 0.251436 0.592143
vt 0.253781 0.592143
vt 0.790420 0.283254
vt 0.792765 0.283254
vt 0.788075 0.397665
vt 0.790420 0.397665
vt 0.251436 0.597241
vt 0.253781 0.597241
vt 0.790420 0.287596
vt 0.792765 0.287596
vt 0.788075 0.402511
vt 0.790420 0.402511
vt 0.251436 0.602381
vt 0.253781 0.602381
vt 0.790420 0.292055
vt 0.792765 0.292055
vt 0.788075 0.407273
vt 0.790420 0.407273
vt 0.251436 0.607553
vt 0.253781 0.607553
vt 0.790420 0.296623
vt 0.792765 0.296623
vt 0.788075 0.411943
vt 0.790420 0.411943
vt 0.251436 0.612747
vt 0.253781 0.612747
vt 0.790420 0.301292
vt 0.792765 0.301292
vt 0.788075 0.416511
vt 0.790420 0.416511
vt 0.251436 0.617956
vt 0.253781 0.617956
vt 0.790420 0.306054
vt 0.792765 0.306054
vt 0.790420 0.420970
vt 0.251436 0.623169
vt 0.253781 0.623169
vt 0.790420 0.310901
vt 0.792765 0.310901
vt 0.790420 0.425311
vt 0.251436 0.628377
vt 0.253781 0.628377
vt 0.790420 0.315824
vt 0.792765 0.315824
vt 0.788075 0.429529
vt 0.790420 0.429529
vt 0.251436 0.633571
vt 0.253781 0.633571
vt 0.790420 0.320814
vt 0.792765 0.320814
vt 0.790420 0.433614
vt 0.251436 0.638743
vt 0.253781 0.638743
vt 0.790420 0.325863
vt 0.792765 0.325863
vt 0.790420 0.437560
vt 0.251436 0.643883
vt 0.253781 0.643883
vt 0.790420 0.330962
vt 0.792765 0.330962
vt 0.790420 0.441360
vt 0.251436 0.648982
vt 0.253781 0.648982
vt 0.790420 0.336102
vt 0.792765 0.336102
vt 0.788075 0.267206
vt 0.785731 0.267206
vt 0.785731 0.271006
vt 0.788075 0.271006
vt 0.251436 0.654031
vt 0.253781 0.654031
vt 0.790420 0.341274
vt 0.792765 0.341274
vt 0.785731 0.274952
vt 0.788075 0.274952
vt 0.251436 0.659021
vt 0.253781 0.659021
vt 0.790420 0.346468
vt 0.792765 0.346468
vt 0.785731 0.279037
vt 0.788075 0.279037
vt 0.251436 0.663944
vt 0.253781 0.663944
vt 0.792765 0.351676
vt 0.785731 0.283254
vt 0.788075 0.283254
vt 0.251436 0.668791
vt 0.253781 0.668791
vt 0.792765 0.356889
vt 0.785731 0.287596
vt 0.788075 0.287596
vt 0.251436 0.673553
vt 0.253781 0.673553
vt 0.785731 0.292055
vt 0.788075 0.292055
vt 0.251436 0.678222
vt 0.253781 0.678222
vt 0.785731 0.296623
vt 0.788075 0.296623
vt 0.251436 0.682790
vt 0.253781 0.682790
vt 0.785731 0.301292
vt 0.788075 0.301292
vt 0.251436 0.687249
vt 0.253781 0.687249
vt 0.785731 0.306054
vt 0.788075 0.306054
vt 0.251436 0.691591
vt 0.253781 0.691591
vt 0.790420 0.362097
vt 0.792765 0.362097
vt 0.785731 0.310901
vt 0.788075 0.310901
vt 0.251436 0.695808
vt 0.253781 0.695808
vt 0.790420 0.367292
vt 0.792765 0.367292
vt 0.785731 0.315824
vt 0.788075 0.315824
vt 0.251436 0.699893
vt 0.253781 0.699893
vt 0.792765 0.372464
vt 0.785731 0.320814
vt 0.788075 0.320814
vt 0.251436 0.703839
vt 0.253781 0.703839
vt 0.792765 0.377604
vt 0.785731 0.325863
vt 0.788075 0.325863
vt 0.251436 0.707639
vt 0.253781 0.707639
vt 0.790420 0.382702
vt 0.792765 0.382702
vt 0.785731 0.330962
vt 0.788075 0.330962
vt 0.251436 0.711286
vt 0.253781 0.711286
vt 0.790420 0.387751
vt 0.792765 0.387751
vt 0.785731 0.336102
vt 0.788075 0.336102
vt 0.790420 0.267206
vt 0.788075 0.267206
vt 0.788075 0.271006
vt 0.790420 0.271006
vt 0.792765 0.392742
vt 0.785731 0.341274
vt 0.788075 0.341274
vt 0.792765 0.397665
vt 0.785731 0.346468
vt 0.790420 0.279037
vt 0.792765 0.402511
vt 0.785731 0.351676
vt 0.788075 0.283254
vt 0.790420 0.283254
vt 0.790420 0.407274
vt 0.792765 0.407274
vt 0.785731 0.356889
vt 0.788075 0.287596
vt 0.792765 0.411943
vt 0.785731 0.362097
vt 0.788075 0.292055
vt 0.790420 0.292055
vt 0.790420 0.416511
vt 0.792765 0.416511
vt 0.785731 0.367292
vt 0.788075 0.367292
vt 0.788075 0.296623
vt 0.790420 0.296623
vt 0.792765 0.420970
vt 0.785731 0.372464
vt 0.792765 0.425311
vt 0.785731 0.377603
vt 0.788075 0.377603
vt 0.790420 0.429529
vt 0.792765 0.429529
vt 0.785731 0.382702
vt 0.792765 0.433614
vt 0.785731 0.387751
vt 0.788075 0.387751
vt 0.788075 0.315824
vt 0.790420 0.315824
vt 0.790420 0.437560
vt 0.792765 0.437560
vt 0.785731 0.392742
vt 0.788075 0.320814
vt 0.790420 0.320814
vt 0.790420 0.441360
vt 0.792765 0.441360
vt 0.785731 0.397665
vt 0.788075 0.325863
vt 0.790420 0.325863
vt 0.253781 0.529838
vt 0.251436 0.529838
vt 0.251436 0.533485
vt 0.253781 0.533485
vt 0.785731 0.402511
vt 0.788075 0.402511
vt 0.251436 0.537285
vt 0.253781 0.537285
vt 0.785731 0.407273
vt 0.251436 0.541231
vt 0.253781 0.541231
vt 0.785731 0.411943
vt 0.790420 0.341274
vt 0.251436 0.545316
vt 0.253781 0.545316
vt 0.785731 0.416511
vt 0.573196 0.743983
vt 0.571852 0.745833
vt 0.576132 0.748808
vt 0.577398 0.746903
vt 0.569120 0.740889
vt 0.567699 0.742682
vt 0.565177 0.737628
vt 0.563683 0.739359
vt 0.561374 0.734204
vt 0.559809 0.735871
vt 0.557718 0.730623
vt 0.556085 0.732223
vt 0.554216 0.726893
vt 0.552516 0.728423
vt 0.550872 0.723020
vt 0.549110 0.724477
vt 0.547694 0.719010
vt 0.545872 0.720392
vt 0.544686 0.714870
vt 0.542808 0.716175
vt 0.541854 0.710608
vt 0.539923 0.711833
vt 0.539203 0.706231
vt 0.537223 0.707374
vt 0.536738 0.701747
vt 0.534712 0.702806
vt 0.534463 0.697163
vt 0.532394 0.698137
vt 0.532382 0.692489
vt 0.530274 0.693375
vt 0.530498 0.687731
vt 0.528355 0.688528
vt 0.528815 0.682899
vt 0.526641 0.683605
vt 0.527336 0.678000
vt 0.525134 0.678615
vt 0.526064 0.673044
vt 0.523838 0.673566
vt 0.525000 0.668038
vt 0.522754 0.668467
vt 0.524147 0.662993
vt 0.521884 0.663327
vt 0.523505 0.657916
vt 0.521231 0.658155
vt 0.523077 0.652817
vt 0.520795 0.652961
vt 0.522863 0.647705
vt 0.520577 0.647753
vt 0.522863 0.642588
vt 0.520577 0.642540
vt 0.523077 0.637475
vt 0.520795 0.637332
vt 0.523505 0.632376
vt 0.521231 0.632137
vt 0.524147 0.627299
vt 0.521884 0.626965
vt 0.525000 0.622254
vt 0.522754 0.621826
vt 0.526064 0.617249
vt 0.523838 0.616727
vt 0.527337 0.612293
vt 0.525134 0.611678
vt 0.528816 0.607394
vt 0.526641 0.606687
vt 0.530498 0.602562
vt 0.528355 0.601764
vt 0.532382 0.597804
vt 0.530274 0.596918
vt 0.534463 0.593129
vt 0.532394 0.592156
vt 0.536739 0.588546
vt 0.534712 0.587486
vt 0.539204 0.584062
vt 0.537223 0.582918
vt 0.541855 0.579685
vt 0.539924 0.578460
vt 0.544686 0.575423
vt 0.542808 0.574118
vt 0.547694 0.571283
vt 0.545873 0.569900
vt 0.550872 0.567273
vt 0.549110 0.565815
vt 0.554216 0.563399
vt 0.552517 0.561869
vt 0.557719 0.559669
vt 0.556085 0.558069
vt 0.561375 0.556089
vt 0.559809 0.554422
vt 0.565178 0.552665
vt 0.563683 0.550934
vt 0.569120 0.549403
vt 0.567700 0.547611
vt 0.573196 0.546310
vt 0.571852 0.544460
vt 0.577398 0.543389
vt 0.576132 0.541485
vt 0.581718 0.540647
vt 0.580534 0.538691
vt 0.586150 0.538089
vt 0.585048 0.536085
vt 0.590685 0.535718
vt 0.589668 0.533670
vt 0.595315 0.533539
vt 0.594385 0.531450
vt 0.600032 0.531557
vt 0.599190 0.529430
vt 0.604828 0.529773
vt 0.604076 0.527613
vt 0.609695 0.528192
vt 0.609034 0.526003
vt 0.614623 0.526816
vt 0.614054 0.524601
vt 0.619605 0.525647
vt 0.619129 0.523410
vt 0.624631 0.524688
vt 0.624250 0.522434
vt 0.629693 0.523941
vt 0.629407 0.521672
vt 0.634782 0.523406
vt 0.634591 0.521127
vt 0.639889 0.523085
vt 0.639794 0.520800
vt 0.645005 0.522978
vt 0.645005 0.520691
vt 0.650121 0.523085
vt 0.650217 0.520800
vt 0.655228 0.523406
vt 0.655419 0.521127
vt 0.660317 0.523941
vt 0.660604 0.521672
vt 0.665379 0.524688
vt 0.665761 0.522434
vt 0.670406 0.525647
vt 0.670881 0.523410
vt 0.675388 0.526816
vt 0.675956 0.524601
vt 0.680316 0.528192
vt 0.680977 0.526003
vt 0.685183 0.529773
vt 0.685935 0.527614
vt 0.689979 0.531557
vt 0.690821 0.529431
vt 0.694696 0.533540
vt 0.695626 0.531451
vt 0.699326 0.535718
vt 0.700343 0.533670
vt 0.703861 0.538089
vt 0.704962 0.536085
vt 0.708292 0.540648
vt 0.709477 0.538692
vt 0.712613 0.543390
vt 0.713878 0.541485
vt 0.716814 0.546310
vt 0.718158 0.544460
vt 0.720890 0.549404
vt 0.722311 0.547612
vt 0.724833 0.552665
vt 0.726327 0.550934
vt 0.728636 0.556089
vt 0.730201 0.554422
vt 0.732292 0.559670
vt 0.733925 0.558070
vt 0.735794 0.563400
vt 0.737494 0.561870
vt 0.739138 0.567273
vt 0.740900 0.565816
vt 0.742316 0.571283
vt 0.744138 0.569901
vt 0.745324 0.575423
vt 0.747202 0.574118
vt 0.748156 0.579685
vt 0.750087 0.578460
vt 0.750807 0.584062
vt 0.752787 0.582919
vt 0.753272 0.588546
vt 0.755298 0.587487
vt 0.755547 0.593130
vt 0.757616 0.592156
vt 0.757628 0.597804
vt 0.759736 0.596918
vt 0.759512 0.602562
vt 0.761655 0.601765
vt 0.761195 0.607395
vt 0.763370 0.606688
vt 0.762674 0.612293
vt 0.764876 0.611678
vt 0.763946 0.617249
vt 0.766173 0.616727
vt 0.765010 0.622255
vt 0.767256 0.621826
vt 0.765863 0.627300
vt 0.768126 0.626966
vt 0.766505 0.632377
vt 0.768779 0.632138
vt 0.766933 0.637476
vt 0.769215 0.637332
vt 0.767147 0.642588
vt 0.769433 0.642540
vt 0.767147 0.647705
vt 0.769433 0.647753
vt 0.766933 0.652818
vt 0.769215 0.652961
vt 0.766505 0.657917
vt 0.768779 0.658156
vt 0.765863 0.662994
vt 0.768126 0.663328
vt 0.765010 0.668039
vt 0.767256 0.668467
vt 0.763946 0.673044
vt 0.766172 0.673566
vt 0.762673 0.678000
vt 0.764876 0.678615
vt 0.761195 0.682899
vt 0.763369 0.683606
vt 0.759512 0.687731
vt 0.761655 0.688529
vt 0.757628 0.692489
vt 0.759736 0.693375
vt 0.755547 0.697164
vt 0.757616 0.698137
vt 0.753271 0.701747
vt 0.755298 0.702807
vt 0.750806 0.706231
vt 0.752787 0.707375
vt 0.748156 0.710608
vt 0.750086 0.711833
vt 0.745324 0.714870
vt 0.747202 0.716175
vt 0.742316 0.719010
vt 0.744138 0.720393
vt 0.739138 0.723020
vt 0.740900 0.724478
vt 0.735794 0.726894
vt 0.737493 0.728424
vt 0.732291 0.730624
vt 0.733925 0.732224
vt 0.728635 0.734204
vt 0.730201 0.735871
vt 0.724833 0.737628
vt 0.726327 0.739359
vt 0.720890 0.740890
vt 0.722310 0.742682
vt 0.716814 0.743983
vt 0.718158 0.745833
vt 0.712612 0.746904
vt 0.713878 0.748809
vt 0.708292 0.749646
vt 0.709476 0.751602
vt 0.703860 0.752204
vt 0.704962 0.754208
vt 0.699325 0.754575
vt 0.700342 0.756623
vt 0.694695 0.756754
vt 0.695625 0.758843
vt 0.689978 0.758736
vt 0.690820 0.760863
vt 0.685182 0.760520
vt 0.685934 0.762680
vt 0.680315 0.762101
vt 0.680976 0.764291
vt 0.675387 0.763477
vt 0.675956 0.765692
vt 0.670405 0.764646
vt 0.670881 0.766883
vt 0.665379 0.765605
vt 0.665760 0.767859
vt 0.660317 0.766352
vt 0.660603 0.768621
vt 0.655228 0.766887
vt 0.655419 0.769166
vt 0.650121 0.767208
vt 0.650216 0.769493
vt 0.645005 0.767315
vt 0.645005 0.769602
vt 0.639889 0.767208
vt 0.639793 0.769493
vt 0.634782 0.766887
vt 0.634591 0.769166
vt 0.629693 0.766352
vt 0.629406 0.768621
vt 0.624631 0.765605
vt 0.624249 0.767859
vt 0.619604 0.764646
vt 0.619129 0.766883
vt 0.614623 0.763477
vt 0.614054 0.765692
vt 0.609694 0.762101
vt 0.609033 0.764290
vt 0.604827 0.760520
vt 0.604075 0.762679
vt 0.600031 0.758736
vt 0.599190 0.760862
vt 0.595314 0.756753
vt 0.594384 0.758842
vt 0.590684 0.754575
vt 0.589667 0.756623
vt 0.586149 0.752204
vt 0.585048 0.754208
vt 0.581718 0.749645
vt 0.580533 0.751601
vt 0.811525 0.343555
vt 0.809180 0.343555
vt 0.809180 0.348572
vt 0.811525 0.348572
vt 0.802145 0.365453
vt 0.799800 0.365453
vt 0.799800 0.370530
vt 0.802145 0.370530
vt 0.799800 0.296082
vt 0.797455 0.296082
vt 0.797455 0.300666
vt 0.799800 0.300666
vt 0.795110 0.422406
vt 0.797455 0.422406
vt 0.799800 0.375575
vt 0.802145 0.375575
vt 0.797455 0.305340
vt 0.799800 0.305340
vt 0.795110 0.426546
vt 0.797455 0.426546
vt 0.799800 0.380580
vt 0.802145 0.380580
vt 0.797455 0.310098
vt 0.799800 0.310098
vt 0.795110 0.430556
vt 0.797455 0.430556
vt 0.799800 0.385536
vt 0.802145 0.385536
vt 0.797455 0.314931
vt 0.799800 0.314931
vt 0.795110 0.434430
vt 0.797455 0.434430
vt 0.799800 0.390435
vt 0.802145 0.390435
vt 0.797455 0.319829
vt 0.799800 0.319829
vt 0.795110 0.438160
vt 0.797455 0.438160
vt 0.799800 0.395267
vt 0.802145 0.395267
vt 0.797455 0.324785
vt 0.799800 0.324785
vt 0.774006 0.267206
vt 0.774006 0.270786
vt 0.776351 0.270786
vt 0.799800 0.400025
vt 0.802145 0.400025
vt 0.797455 0.329791
vt 0.799800 0.329791
vt 0.774006 0.274516
vt 0.776351 0.274516
vt 0.799800 0.404700
vt 0.802145 0.404700
vt 0.797455 0.334836
vt 0.799800 0.334836
vt 0.774006 0.278390
vt 0.776351 0.278390
vt 0.799800 0.409283
vt 0.802145 0.409283
vt 0.797455 0.339913
vt 0.799800 0.339913
vt 0.774006 0.282400
vt 0.776351 0.282400
vt 0.799800 0.413767
vt 0.802145 0.413767
vt 0.797455 0.345012
vt 0.799800 0.345012
vt 0.774006 0.286540
vt 0.776351 0.286540
vt 0.799800 0.418144
vt 0.802145 0.418144
vt 0.797455 0.350124
vt 0.799800 0.350124
vt 0.774006 0.290802
vt 0.776351 0.290802
vt 0.799800 0.422406
vt 0.802145 0.422406
vt 0.797455 0.355241
vt 0.799800 0.355241
vt 0.774006 0.295179
vt 0.776351 0.295179
vt 0.799800 0.426546
vt 0.802145 0.426546
vt 0.797455 0.360354
vt 0.799800 0.360354
vt 0.774006 0.299663
vt 0.776351 0.299663
vt 0.799800 0.430556
vt 0.802145 0.430556
vt 0.797455 0.365453
vt 0.774006 0.304246
vt 0.776351 0.304246
vt 0.799800 0.434430
vt 0.802145 0.434430
vt 0.797455 0.370530
vt 0.799800 0.370530
vt 0.774006 0.308921
vt 0.776351 0.308921
vt 0.799800 0.438160
vt 0.802145 0.438160
vt 0.797455 0.375575
vt 0.799800 0.375575
vt 0.774006 0.313678
vt 0.776351 0.313678
vt 0.797455 0.267206
vt 0.795110 0.267206
vt 0.795110 0.270936
vt 0.797455 0.270936
vt 0.797455 0.380580
vt 0.799800 0.380580
vt 0.774006 0.318511
vt 0.776351 0.318511
vt 0.795110 0.274809
vt 0.797455 0.274809
vt 0.797455 0.385536
vt 0.799800 0.385536
vt 0.774006 0.323409
vt 0.776351 0.323409
vt 0.795110 0.278820
vt 0.797455 0.278820
vt 0.797455 0.390435
vt 0.799800 0.390435
vt 0.774006 0.328366
vt 0.776351 0.328366
vt 0.795110 0.282959
vt 0.797455 0.282959
vt 0.797455 0.395268
vt 0.799800 0.395268
vt 0.774006 0.333371
vt 0.776351 0.333371
vt 0.795110 0.287221
vt 0.797455 0.287221
vt 0.797455 0.400025
vt 0.799800 0.400025
vt 0.774006 0.338416
vt 0.776351 0.338416
vt 0.795110 0.291598
vt 0.797455 0.291598
vt 0.797455 0.404700
vt 0.799800 0.404700
vt 0.774006 0.343493
vt 0.776351 0.343493
vt 0.795110 0.296082
vt 0.797455 0.296082
vt 0.797455 0.409283
vt 0.799800 0.409283
vt 0.774006 0.348592
vt 0.776351 0.348592
vt 0.795110 0.300666
vt 0.797455 0.300666
vt 0.799800 0.413767
vt 0.774006 0.353705
vt 0.776351 0.353705
vt 0.795110 0.305340
vt 0.799800 0.418144
vt 0.774006 0.358822
vt 0.776351 0.358822
vt 0.795110 0.310098
vt 0.797455 0.422406
vt 0.799800 0.422406
vt 0.774006 0.363934
vt 0.776351 0.363934
vt 0.795110 0.314931
vt 0.797455 0.314931
vt 0.774006 0.369033
vt 0.776351 0.369033
vt 0.795110 0.319829
vt 0.797455 0.319829
vt 0.799800 0.430556
vt 0.774006 0.374110
vt 0.776351 0.374110
vt 0.795110 0.324785
vt 0.797455 0.324785
vt 0.797455 0.434430
vt 0.799800 0.434430
vt 0.774006 0.379155
vt 0.776351 0.379155
vt 0.795110 0.329791
vt 0.797455 0.329791
vt 0.797455 0.438160
vt 0.799800 0.438160
vt 0.774006 0.384160
vt 0.776351 0.384160
vt 0.795110 0.334836
vt 0.802145 0.267206
vt 0.799800 0.267206
vt 0.799800 0.270936
vt 0.802145 0.270936
vt 0.774006 0.389117
vt 0.776351 0.389117
vt 0.795110 0.339913
vt 0.797455 0.339913
vt 0.799800 0.274809
vt 0.802145 0.274809
vt 0.774006 0.394015
vt 0.776351 0.394015
vt 0.795110 0.345012
vt 0.797455 0.345012
vt 0.799800 0.278820
vt 0.802145 0.278820
vt 0.774006 0.398848
vt 0.776351 0.398848
vt 0.795110 0.350124
vt 0.799800 0.282959
vt 0.802145 0.282959
vt 0.774006 0.403605
vt 0.776351 0.403605
vt 0.795110 0.355241
vt 0.799800 0.287221
vt 0.802145 0.287221
vt 0.774006 0.408280
vt 0.776351 0.408280
vt 0.799800 0.291598
vt 0.802145 0.291598
vt 0.774006 0.412863
vt 0.776351 0.412863
vt 0.802145 0.296082
vt 0.774006 0.417347
vt 0.776351 0.417347
vt 0.802145 0.300666
vt 0.774006 0.421724
vt 0.776351 0.421724
vt 0.799800 0.305340
vt 0.802145 0.305340
vt 0.774006 0.425986
vt 0.776351 0.425986
vt 0.795110 0.360354
vt 0.797455 0.360354
vt 0.799800 0.310098
vt 0.802145 0.310098
vt 0.774006 0.430126
vt 0.776351 0.430126
vt 0.795110 0.365453
vt 0.797455 0.365453
vt 0.799800 0.314930
vt 0.802145 0.314930
vt 0.774006 0.434136
vt 0.776351 0.434136
vt 0.795110 0.370530
vt 0.799800 0.319829
vt 0.802145 0.319829
vt 0.774006 0.438010
vt 0.776351 0.438010
vt 0.795110 0.375575
vt 0.797455 0.375575
vt 0.802145 0.324785
vt 0.774006 0.441740
vt 0.776351 0.441740
vt 0.795110 0.380580
vt 0.797455 0.380580
vt 0.802145 0.329791
vt 0.774006 0.445320
vt 0.776351 0.445320
vt 0.795110 0.385536
vt 0.797455 0.385536
vt 0.799800 0.334836
vt 0.802145 0.334836
vt 0.799800 0.267206
vt 0.797455 0.267206
vt 0.797455 0.270936
vt 0.799800 0.270936
vt 0.795110 0.390435
vt 0.797455 0.390435
vt 0.799800 0.339913
vt 0.802145 0.339913
vt 0.799800 0.274809
vt 0.795110 0.395268
vt 0.799800 0.345012
vt 0.802145 0.345012
vt 0.799800 0.278820
vt 0.795110 0.400025
vt 0.799800 0.350124
vt 0.802145 0.350124
vt 0.797455 0.282959
vt 0.799800 0.282959
vt 0.795110 0.404700
vt 0.797455 0.404700
vt 0.799800 0.355241
vt 0.802145 0.355241
vt 0.799800 0.287221
vt 0.795110 0.409283
vt 0.797455 0.409283
vt 0.802145 0.360354
vt 0.799800 0.291598
vt 0.295627 0.727650
vt 0.293928 0.729180
vt 0.297431 0.732911
vt 0.299064 0.731311
vt 0.292346 0.723849
vt 0.290584 0.725307
vt 0.289227 0.719914
vt 0.287406 0.721297
vt 0.286276 0.715852
vt 0.284398 0.717157
vt 0.283497 0.711670
vt 0.281566 0.712895
vt 0.280896 0.707375
vt 0.278915 0.708518
vt 0.278477 0.702974
vt 0.276450 0.704034
vt 0.276244 0.698477
vt 0.274175 0.699450
vt 0.274202 0.693890
vt 0.272094 0.694776
vt 0.272353 0.689221
vt 0.270210 0.690018
vt 0.270702 0.684479
vt 0.268527 0.685186
vt 0.269251 0.679672
vt 0.267048 0.680287
vt 0.268002 0.674809
vt 0.265776 0.675331
vt 0.266958 0.669897
vt 0.264712 0.670326
vt 0.266121 0.664946
vt 0.263858 0.665280
vt 0.265491 0.659965
vt 0.263217 0.660204
vt 0.265071 0.654961
vt 0.262789 0.655105
vt 0.264861 0.649944
vt 0.262575 0.649992
vt 0.264861 0.644923
vt 0.262575 0.644875
vt 0.265071 0.639906
vt 0.262789 0.639762
vt 0.265491 0.634902
vt 0.263217 0.634663
vt 0.266121 0.629921
vt 0.263858 0.629587
vt 0.266958 0.624970
vt 0.264712 0.624541
vt 0.268002 0.620058
vt 0.265776 0.619536
vt 0.269251 0.615195
vt 0.267048 0.614580
vt 0.270702 0.610388
vt 0.268527 0.609681
vt 0.272353 0.605646
vt 0.270210 0.604849
vt 0.274202 0.600977
vt 0.272094 0.600091
vt 0.276244 0.596390
vt 0.274175 0.595416
vt 0.278477 0.591893
vt 0.276450 0.590833
vt 0.280896 0.587492
vt 0.278915 0.586349
vt 0.283497 0.583197
vt 0.281566 0.581972
vt 0.286275 0.579015
vt 0.284398 0.577710
vt 0.289227 0.574953
vt 0.287405 0.573570
vt 0.292346 0.571018
vt 0.290584 0.569560
vt 0.295627 0.567217
vt 0.293927 0.565686
vt 0.299064 0.563556
vt 0.297430 0.561956
vt 0.302652 0.560043
vt 0.301086 0.558376
vt 0.306383 0.556683
vt 0.304889 0.554952
vt 0.310252 0.553483
vt 0.308832 0.551690
vt 0.314251 0.550447
vt 0.312907 0.548597
vt 0.318375 0.547581
vt 0.317109 0.545676
vt 0.322614 0.544890
vt 0.321430 0.542934
vt 0.326963 0.542380
vt 0.325861 0.540376
vt 0.331413 0.540053
vt 0.330396 0.538005
vt 0.335956 0.537916
vt 0.335026 0.535826
vt 0.340585 0.535970
vt 0.339743 0.533844
vt 0.345291 0.534219
vt 0.344539 0.532060
vt 0.350067 0.532668
vt 0.349406 0.530479
vt 0.354903 0.531317
vt 0.354334 0.529103
vt 0.359792 0.530171
vt 0.359316 0.527934
vt 0.364724 0.529230
vt 0.364342 0.526975
vt 0.369691 0.528496
vt 0.369405 0.526228
vt 0.374685 0.527972
vt 0.374494 0.525693
vt 0.379696 0.527656
vt 0.379600 0.525371
vt 0.384716 0.527551
vt 0.384716 0.525264
vt 0.389737 0.527656
vt 0.389832 0.525371
vt 0.394748 0.527971
vt 0.394939 0.525693
vt 0.399742 0.528496
vt 0.400028 0.526228
vt 0.404709 0.529230
vt 0.405090 0.526975
vt 0.409641 0.530171
vt 0.410117 0.527934
vt 0.414530 0.531317
vt 0.415099 0.529102
vt 0.419366 0.532668
vt 0.420027 0.530478
vt 0.424142 0.534219
vt 0.424894 0.532060
vt 0.428848 0.535969
vt 0.429690 0.533843
vt 0.433477 0.537915
vt 0.434407 0.535826
vt 0.438020 0.540053
vt 0.439037 0.538005
vt 0.442470 0.542379
vt 0.443572 0.540376
vt 0.446819 0.544890
vt 0.448003 0.542934
vt 0.451058 0.547581
vt 0.452324 0.545676
vt 0.455181 0.550446
vt 0.456526 0.548596
vt 0.459181 0.553482
vt 0.460601 0.551690
vt 0.463050 0.556683
vt 0.464544 0.554952
vt 0.466781 0.560043
vt 0.468347 0.558376
vt 0.470369 0.563556
vt 0.472003 0.561956
vt 0.473806 0.567216
vt 0.475506 0.565686
vt 0.477087 0.571017
vt 0.478849 0.569560
vt 0.480206 0.574952
vt 0.482028 0.573570
vt 0.483158 0.579015
vt 0.485035 0.577709
vt 0.485936 0.583197
vt 0.487867 0.581972
vt 0.488538 0.587492
vt 0.490518 0.586348
vt 0.490957 0.591892
vt 0.492983 0.590832
vt 0.493189 0.596390
vt 0.495258 0.595416
vt 0.495232 0.600977
vt 0.497340 0.600091
vt 0.497080 0.605645
vt 0.499223 0.604848
vt 0.498731 0.610387
vt 0.500906 0.609681
vt 0.500183 0.615194
vt 0.502385 0.614579
vt 0.501431 0.620058
vt 0.503658 0.619536
vt 0.502475 0.624969
vt 0.504722 0.624541
vt 0.503313 0.629920
vt 0.505575 0.629586
vt 0.503942 0.634902
vt 0.506216 0.634663
vt 0.504362 0.639905
vt 0.506645 0.639762
vt 0.504573 0.644922
vt 0.506859 0.644874
vt 0.504573 0.649943
vt 0.506859 0.649991
vt 0.504362 0.654960
vt 0.506645 0.655104
vt 0.503942 0.659964
vt 0.506217 0.660203
vt 0.503313 0.664946
vt 0.505575 0.665280
vt 0.502476 0.669897
vt 0.504722 0.670325
vt 0.501432 0.674808
vt 0.503658 0.675330
vt 0.500183 0.679672
vt 0.502385 0.680287
vt 0.498732 0.684479
vt 0.500906 0.685185
vt 0.497080 0.689220
vt 0.499224 0.690018
vt 0.495232 0.693889
vt 0.497340 0.694775
vt 0.493190 0.698476
vt 0.495259 0.699450
vt 0.490957 0.702974
vt 0.492983 0.704033
vt 0.488538 0.707374
vt 0.490518 0.708517
vt 0.485937 0.711669
vt 0.487868 0.712894
vt 0.483158 0.715851
vt 0.485036 0.717156
vt 0.480207 0.719914
vt 0.482028 0.721296
vt 0.477088 0.723849
vt 0.478850 0.725306
vt 0.473807 0.727650
vt 0.475506 0.729180
vt 0.470370 0.731310
vt 0.472003 0.732910
vt 0.466782 0.734823
vt 0.468347 0.736490
vt 0.463050 0.738183
vt 0.464545 0.739914
vt 0.459182 0.741384
vt 0.460602 0.743176
vt 0.455182 0.744420
vt 0.456526 0.746270
vt 0.451059 0.747285
vt 0.452324 0.749190
vt 0.446819 0.749976
vt 0.448004 0.751932
vt 0.442471 0.752487
vt 0.443572 0.754490
vt 0.438021 0.754813
vt 0.439038 0.756861
vt 0.433478 0.756951
vt 0.434408 0.759040
vt 0.428849 0.758897
vt 0.429690 0.761023
vt 0.424142 0.760647
vt 0.424894 0.762807
vt 0.419367 0.762199
vt 0.420028 0.764388
vt 0.414531 0.763549
vt 0.415099 0.765764
vt 0.409642 0.764696
vt 0.410117 0.766932
vt 0.404710 0.765637
vt 0.405091 0.767891
vt 0.399742 0.766370
vt 0.400029 0.768639
vt 0.394749 0.766895
vt 0.394940 0.769174
vt 0.389737 0.767210
vt 0.389833 0.769495
vt 0.384717 0.767315
vt 0.384717 0.769602
vt 0.379697 0.767210
vt 0.379601 0.769495
vt 0.374686 0.766895
vt 0.374494 0.769174
vt 0.369692 0.766370
vt 0.369405 0.768639
vt 0.364724 0.765637
vt 0.364343 0.767891
vt 0.359792 0.764696
vt 0.359317 0.766933
vt 0.354904 0.763549
vt 0.354335 0.765764
vt 0.350067 0.762199
vt 0.349406 0.764388
vt 0.345292 0.760647
vt 0.344540 0.762807
vt 0.340585 0.758897
vt 0.339744 0.761023
vt 0.335957 0.756951
vt 0.335026 0.759040
vt 0.331413 0.754813
vt 0.330396 0.756862
vt 0.326963 0.752487
vt 0.325862 0.754491
vt 0.322615 0.749976
vt 0.321430 0.751932
vt 0.318375 0.747286
vt 0.317110 0.749191
vt 0.314252 0.744420
vt 0.312908 0.746270
vt 0.310252 0.741384
vt 0.308832 0.743176
vt 0.306383 0.738184
vt 0.304889 0.739915
vt 0.302652 0.734824
vt 0.301087 0.736491
vt 0.816214 0.337191
vt 0.813869 0.337191
vt 0.813869 0.342099
vt 0.816214 0.342099
vt 0.806835 0.278602
vt 0.804490 0.278602
vt 0.804490 0.282664
vt 0.806835 0.282664
vt 0.809180 0.397539
vt 0.806835 0.397539
vt 0.806835 0.402126
vt 0.809180 0.402126
vt 0.809180 0.353593
vt 0.811525 0.353593
vt 0.804490 0.286847
vt 0.806835 0.286847
vt 0.806835 0.406624
vt 0.809180 0.406624
vt 0.809180 0.358610
vt 0.811525 0.358610
vt 0.804490 0.291142
vt 0.806835 0.291142
vt 0.806835 0.411024
vt 0.809180 0.411024
vt 0.809180 0.363614
vt 0.811525 0.363614
vt 0.804490 0.295542
vt 0.806835 0.295542
vt 0.806835 0.415319
vt 0.809180 0.415319
vt 0.809180 0.368596
vt 0.811525 0.368596
vt 0.804490 0.300039
vt 0.806835 0.300039
vt 0.806835 0.419501
vt 0.809180 0.419501
vt 0.809180 0.373547
vt 0.811525 0.373547
vt 0.804490 0.304627
vt 0.806835 0.304627
vt 0.806835 0.423564
vt 0.809180 0.423564
vt 0.809180 0.378458
vt 0.811525 0.378458
vt 0.804490 0.309295
vt 0.806835 0.309295
vt 0.806835 0.427499
vt 0.809180 0.427499
vt 0.809180 0.383322
vt 0.811525 0.383322
vt 0.804490 0.314037
vt 0.806835 0.314037
vt 0.806835 0.431300
vt 0.809180 0.431300
vt 0.809180 0.388128
vt 0.811525 0.388128
vt 0.804490 0.318844
vt 0.806835 0.318844
vt 0.806835 0.434960
vt 0.809180 0.434960
vt 0.809180 0.392870
vt 0.811525 0.392870
vt 0.804490 0.323708
vt 0.806835 0.323708
vt 0.785731 0.267206
vt 0.783386 0.267206
vt 0.783386 0.270719
vt 0.785731 0.270719
vt 0.809180 0.397539
vt 0.811525 0.397539
vt 0.804490 0.328619
vt 0.806835 0.328619
vt 0.783386 0.274379
vt 0.785731 0.274379
vt 0.809180 0.402126
vt 0.811525 0.402126
vt 0.804490 0.333570
vt 0.806835 0.333570
vt 0.783386 0.278180
vt 0.785731 0.278180
vt 0.811525 0.406624
vt 0.804490 0.338552
vt 0.806835 0.338552
vt 0.783386 0.282115
vt 0.785731 0.282115
vt 0.811525 0.411024
vt 0.804490 0.343555
vt 0.806835 0.343555
vt 0.783386 0.286178
vt 0.785731 0.286178
vt 0.811525 0.415319
vt 0.804490 0.348572
vt 0.806835 0.348572
vt 0.783386 0.290360
vt 0.785731 0.290360
vt 0.811525 0.419501
vt 0.804490 0.353593
vt 0.806835 0.353593
vt 0.783386 0.294655
vt 0.785731 0.294655
vt 0.809180 0.423564
vt 0.811525 0.423564
vt 0.804490 0.358610
vt 0.806835 0.358610
vt 0.783386 0.299055
vt 0.785731 0.299055
vt 0.811525 0.427499
vt 0.804490 0.363614
vt 0.806835 0.363614
vt 0.783386 0.303553
vt 0.785731 0.303553
vt 0.809180 0.431300
vt 0.811525 0.431300
vt 0.804490 0.368596
vt 0.806835 0.368596
vt 0.783386 0.308140
vt 0.785731 0.308140
vt 0.811525 0.434960
vt 0.804490 0.373547
vt 0.806835 0.373547
vt 0.783386 0.312808
vt 0.785731 0.312808
vt 0.809180 0.267206
vt 0.806835 0.267206
vt 0.806835 0.270866
vt 0.809180 0.270866
vt 0.804490 0.378458
vt 0.806835 0.378458
vt 0.783386 0.317550
vt 0.785731 0.317550
vt 0.806835 0.274667
vt 0.809180 0.274667
vt 0.804490 0.383322
vt 0.806835 0.383322
vt 0.783386 0.322357
vt 0.785731 0.322357
vt 0.809180 0.278602
vt 0.804490 0.388128
vt 0.806835 0.388128
vt 0.783386 0.327221
vt 0.785731 0.327221
vt 0.806835 0.282664
vt 0.809180 0.282664
vt 0.804490 0.392870
vt 0.806835 0.392870
vt 0.783386 0.332132
vt 0.785731 0.332132
vt 0.809180 0.286847
vt 0.804490 0.397539
vt 0.806835 0.397539
vt 0.783386 0.337083
vt 0.785731 0.337083
vt 0.806835 0.291142
vt 0.809180 0.291142
vt 0.804490 0.402126
vt 0.783386 0.342065
vt 0.785731 0.342065
vt 0.806835 0.295542
vt 0.809180 0.295542
vt 0.804490 0.406624
vt 0.806835 0.406624
vt 0.783386 0.347069
vt 0.785731 0.347069
vt 0.809180 0.300039
vt 0.804490 0.411024
vt 0.806835 0.411024
vt 0.783386 0.352085
vt 0.785731 0.352085
vt 0.806835 0.304627
vt 0.809180 0.304627
vt 0.804490 0.415319
vt 0.783386 0.357107
vt 0.785731 0.357107
vt 0.806835 0.309295
vt 0.809180 0.309295
vt 0.804490 0.419501
vt 0.806835 0.419501
vt 0.783386 0.362124
vt 0.785731 0.362124
vt 0.809180 0.314037
vt 0.804490 0.423564
vt 0.783386 0.367127
vt 0.785731 0.367127
vt 0.806835 0.318844
vt 0.809180 0.318844
vt 0.804490 0.427499
vt 0.806835 0.427499
vt 0.783386 0.372109
vt 0.785731 0.372109
vt 0.806835 0.323708
vt 0.809180 0.323708
vt 0.804490 0.431300
vt 0.806835 0.431300
vt 0.783386 0.377060
vt 0.785731 0.377060
vt 0.809180 0.328619
vt 0.804490 0.434960
vt 0.783386 0.381971
vt 0.785731 0.381971
vt 0.809180 0.333570
vt 0.811525 0.267206
vt 0.811525 0.270866
vt 0.783386 0.386835
vt 0.785731 0.386835
vt 0.809180 0.338552
vt 0.809180 0.274667
vt 0.811525 0.274667
vt 0.783386 0.391642
vt 0.785731 0.391642
vt 0.806835 0.343555
vt 0.809180 0.343555
vt 0.811525 0.278602
vt 0.783386 0.396384
vt 0.785731 0.396384
vt 0.811525 0.282664
vt 0.783386 0.401052
vt 0.785731 0.401052
vt 0.809180 0.286847
vt 0.811525 0.286847
vt 0.783386 0.405639
vt 0.785731 0.405639
vt 0.811525 0.291142
vt 0.783386 0.410137
vt 0.785731 0.410137
vt 0.811525 0.295542
vt 0.783386 0.414537
vt 0.785731 0.414537
vt 0.811525 0.300039
vt 0.783386 0.418832
vt 0.785731 0.418832
vt 0.811525 0.304627
vt 0.783386 0.423014
vt 0.785730 0.423014
vt 0.806835 0.358610
vt 0.811525 0.309295
vt 0.783386 0.427077
vt 0.785730 0.427077
vt 0.809180 0.363614
vt 0.809180 0.314037
vt 0.811525 0.314037
vt 0.783386 0.431012
vt 0.785730 0.431012
vt 0.811525 0.318844
vt 0.783386 0.434813
vt 0.785730 0.434813
vt 0.809180 0.373547
vt 0.811525 0.323708
vt 0.783386 0.438473
vt 0.785730 0.438473
vt 0.806835 0.378458
vt 0.809180 0.378458
vt 0.809180 0.328619
vt 0.811525 0.328619
vt 0.783386 0.441986
vt 0.785730 0.441986
vt 0.806835 0.383322
vt 0.811525 0.333570
vt 0.806835 0.267206
vt 0.804490 0.267206
vt 0.804490 0.270866
vt 0.806835 0.270866
vt 0.806835 0.388128
vt 0.809180 0.338552
vt 0.811525 0.338552
vt 0.804490 0.274667
vt 0.032466 0.728407
vt 0.030766 0.729937
vt 0.034204 0.733598
vt 0.035838 0.731998
vt 0.029247 0.724679
vt 0.027485 0.726136
vt 0.026188 0.720819
vt 0.024366 0.722201
vt 0.023293 0.716834
vt 0.021415 0.718139
vt 0.020567 0.712731
vt 0.018636 0.713957
vt 0.018016 0.708518
vt 0.016035 0.709662
vt 0.015643 0.704202
vt 0.013616 0.705261
vt 0.013453 0.699790
vt 0.011383 0.700764
vt 0.011449 0.695291
vt 0.009341 0.696177
vt 0.009636 0.690711
vt 0.007493 0.691508
vt 0.008016 0.686059
vt 0.005841 0.686766
vt 0.006593 0.681344
vt 0.004390 0.681959
vt 0.005368 0.676574
vt 0.003141 0.677096
vt 0.004344 0.671756
vt 0.002097 0.672184
vt 0.003522 0.666899
vt 0.001260 0.667233
vt 0.002905 0.662013
vt 0.000631 0.662252
vt 0.002493 0.657104
vt 0.000210 0.657248
vt 0.002286 0.652183
vt 0.000000 0.652231
vt 0.002286 0.647258
vt 0.000000 0.647210
vt 0.002493 0.642337
vt 0.000210 0.642193
vt 0.002905 0.637428
vt 0.000630 0.637189
vt 0.003522 0.632542
vt 0.001260 0.632208
vt 0.004343 0.627685
vt 0.002097 0.627257
vt 0.005367 0.622867
vt 0.003141 0.622345
vt 0.006592 0.618097
vt 0.004390 0.617482
vt 0.008016 0.613382
vt 0.005841 0.612675
vt 0.009636 0.608730
vt 0.007492 0.607933
vt 0.011449 0.604150
vt 0.009341 0.603264
vt 0.013452 0.599651
vt 0.011383 0.598677
vt 0.015642 0.595239
vt 0.013616 0.594180
vt 0.018015 0.590923
vt 0.016035 0.589779
vt 0.020567 0.586710
vt 0.018636 0.585484
vt 0.023292 0.582607
vt 0.021414 0.581302
vt 0.026187 0.578622
vt 0.024366 0.577240
vt 0.029247 0.574762
vt 0.027485 0.573305
vt 0.032465 0.571034
vt 0.030766 0.569504
vt 0.035837 0.567443
vt 0.034203 0.565843
vt 0.039356 0.563997
vt 0.037791 0.562330
vt 0.043016 0.560701
vt 0.041522 0.558970
vt 0.046811 0.557562
vt 0.045391 0.555769
vt 0.050735 0.554584
vt 0.049390 0.552734
vt 0.054779 0.551773
vt 0.053514 0.549868
vt 0.058938 0.549133
vt 0.057753 0.547177
vt 0.063203 0.546671
vt 0.062102 0.544667
vt 0.067568 0.544389
vt 0.066552 0.542340
vt 0.072025 0.542291
vt 0.071095 0.540202
vt 0.076566 0.540383
vt 0.075724 0.538257
vt 0.081182 0.538666
vt 0.080430 0.536506
vt 0.085867 0.537144
vt 0.085206 0.534955
vt 0.090611 0.535819
vt 0.090042 0.533604
vt 0.095406 0.534694
vt 0.094930 0.532458
vt 0.100244 0.533772
vt 0.099863 0.531517
vt 0.105117 0.533052
vt 0.104830 0.530783
vt 0.110015 0.532537
vt 0.109824 0.530258
vt 0.114931 0.532228
vt 0.114835 0.529943
vt 0.119855 0.532125
vt 0.119855 0.529838
vt 0.124780 0.532228
vt 0.124876 0.529943
vt 0.129695 0.532537
vt 0.129887 0.530258
vt 0.134594 0.533052
vt 0.134881 0.530783
vt 0.139467 0.533771
vt 0.139848 0.531517
vt 0.144305 0.534694
vt 0.144780 0.532457
vt 0.149100 0.535819
vt 0.149669 0.533604
vt 0.153844 0.537143
vt 0.154505 0.534954
vt 0.158529 0.538665
vt 0.159281 0.536506
vt 0.163145 0.540382
vt 0.163987 0.538256
vt 0.167686 0.542291
vt 0.168616 0.540202
vt 0.172142 0.544388
vt 0.173159 0.542340
vt 0.176508 0.546670
vt 0.177609 0.544666
vt 0.180773 0.549133
vt 0.181958 0.547177
vt 0.184932 0.551772
vt 0.186197 0.549867
vt 0.188976 0.554583
vt 0.190320 0.552733
vt 0.192900 0.557561
vt 0.194320 0.555769
vt 0.196695 0.560701
vt 0.198189 0.558969
vt 0.200355 0.563996
vt 0.201921 0.562329
vt 0.203874 0.567442
vt 0.205508 0.565842
vt 0.207246 0.571033
vt 0.208945 0.569503
vt 0.210464 0.574761
vt 0.212226 0.573304
vt 0.213524 0.578622
vt 0.215345 0.577239
vt 0.216419 0.582606
vt 0.218297 0.581301
vt 0.219145 0.586709
vt 0.221076 0.585483
vt 0.221696 0.590922
vt 0.223677 0.589778
vt 0.224069 0.595238
vt 0.226096 0.594179
vt 0.226259 0.599650
vt 0.228328 0.598676
vt 0.228263 0.604149
vt 0.230371 0.603263
vt 0.230076 0.608729
vt 0.232219 0.607932
vt 0.231696 0.613381
vt 0.233870 0.612674
vt 0.233119 0.618096
vt 0.235322 0.617481
vt 0.234344 0.622866
vt 0.236571 0.622344
vt 0.235368 0.627684
vt 0.237615 0.627256
vt 0.236190 0.632541
vt 0.238452 0.632207
vt 0.236807 0.637427
vt 0.239081 0.637188
vt 0.237219 0.642336
vt 0.239501 0.642192
vt 0.237425 0.647257
vt 0.239712 0.647209
vt 0.237425 0.652182
vt 0.239712 0.652230
vt 0.237219 0.657103
vt 0.239502 0.657247
vt 0.236807 0.662012
vt 0.239081 0.662251
vt 0.236190 0.666898
vt 0.238452 0.667232
vt 0.235368 0.671755
vt 0.237615 0.672183
vt 0.234344 0.676573
vt 0.236571 0.677095
vt 0.233120 0.681343
vt 0.235322 0.681958
vt 0.231696 0.686058
vt 0.233871 0.686765
vt 0.230076 0.690710
vt 0.232219 0.691507
vt 0.228263 0.695290
vt 0.230371 0.696176
vt 0.226260 0.699789
vt 0.228329 0.700763
vt 0.224070 0.704201
vt 0.226096 0.705260
vt 0.221697 0.708517
vt 0.223677 0.709661
vt 0.219145 0.712730
vt 0.221076 0.713956
vt 0.216420 0.716833
vt 0.218297 0.718138
vt 0.213524 0.720818
vt 0.215346 0.722200
vt 0.210465 0.724678
vt 0.212227 0.726135
vt 0.207247 0.728406
vt 0.208946 0.729936
vt 0.203875 0.731997
vt 0.205509 0.733597
vt 0.200356 0.735443
vt 0.201921 0.737110
vt 0.196696 0.738739
vt 0.198190 0.740470
vt 0.192900 0.741878
vt 0.194321 0.743671
vt 0.188977 0.744856
vt 0.190321 0.746706
vt 0.184933 0.747667
vt 0.186198 0.749572
vt 0.180774 0.750307
vt 0.181959 0.752263
vt 0.176508 0.752769
vt 0.177610 0.754773
vt 0.172143 0.755051
vt 0.173160 0.757100
vt 0.167687 0.757149
vt 0.168617 0.759238
vt 0.163146 0.759057
vt 0.163988 0.761183
vt 0.158530 0.760774
vt 0.159282 0.762934
vt 0.153845 0.762296
vt 0.154506 0.764485
vt 0.149101 0.763621
vt 0.149670 0.765836
vt 0.144306 0.764746
vt 0.144781 0.766982
vt 0.139468 0.765669
vt 0.139849 0.767923
vt 0.134595 0.766388
vt 0.134882 0.768657
vt 0.129697 0.766903
vt 0.129888 0.769182
vt 0.124781 0.767212
vt 0.124877 0.769497
vt 0.119856 0.767315
vt 0.119856 0.769602
vt 0.114932 0.767212
vt 0.114836 0.769497
vt 0.110016 0.766903
vt 0.109825 0.769182
vt 0.105118 0.766388
vt 0.104831 0.768657
vt 0.100245 0.765669
vt 0.099864 0.767923
vt 0.095407 0.764746
vt 0.094932 0.766983
vt 0.090612 0.763621
vt 0.090043 0.765836
vt 0.085868 0.762297
vt 0.085207 0.764486
vt 0.081183 0.760774
vt 0.080431 0.762934
vt 0.076567 0.759058
vt 0.075725 0.761184
vt 0.072026 0.757149
vt 0.071096 0.759238
vt 0.067569 0.755052
vt 0.066553 0.757100
vt 0.063204 0.752770
vt 0.062103 0.754774
vt 0.058939 0.750307
vt 0.057754 0.752263
vt 0.054780 0.747668
vt 0.053515 0.749573
vt 0.050735 0.744857
vt 0.049391 0.746707
vt 0.046812 0.741879
vt 0.045392 0.743671
vt 0.043017 0.738739
vt 0.041523 0.740471
vt 0.039357 0.735444
vt 0.037791 0.737111
vt 0.804490 0.428419
vt 0.802145 0.428419
vt 0.802145 0.431939
vt 0.804490 0.431939
vt 0.795110 0.281831
vt 0.792765 0.281831
vt 0.792765 0.285816
vt 0.795110 0.285816
vt 0.820904 0.408281
vt 0.818559 0.408281
vt 0.818559 0.412494
vt 0.820904 0.412494
vt 0.813869 0.347020
vt 0.816214 0.347020
vt 0.792765 0.289918
vt 0.795110 0.289918
vt 0.818559 0.416596
vt 0.820904 0.416596
vt 0.813869 0.351946
vt 0.816214 0.351946
vt 0.792765 0.294131
vt 0.795110 0.294131
vt 0.818559 0.420581
vt 0.820904 0.420581
vt 0.813869 0.356867
vt 0.816214 0.356867
vt 0.792765 0.298448
vt 0.795110 0.298448
vt 0.818559 0.424441
vt 0.820904 0.424441
vt 0.813869 0.361775
vt 0.816214 0.361775
vt 0.792765 0.302859
vt 0.795110 0.302859
vt 0.818559 0.428169
vt 0.820904 0.428169
vt 0.813869 0.366662
vt 0.816214 0.366662
vt 0.792765 0.307359
vt 0.795110 0.307359
vt 0.818559 0.431760
vt 0.820904 0.431760
vt 0.813869 0.371518
vt 0.816214 0.371518
vt 0.792765 0.311939
vt 0.795110 0.311939
vt 0.818559 0.267206
vt 0.816214 0.267206
vt 0.816214 0.270796
vt 0.818559 0.270796
vt 0.813869 0.376336
vt 0.816214 0.376336
vt 0.792765 0.316590
vt 0.795110 0.316590
vt 0.816214 0.274525
vt 0.818559 0.274525
vt 0.813869 0.381107
vt 0.816214 0.381107
vt 0.792765 0.321305
vt 0.795110 0.321305
vt 0.816214 0.278385
vt 0.818559 0.278385
vt 0.813869 0.385822
vt 0.816214 0.385822
vt 0.792765 0.326076
vt 0.795110 0.326076
vt 0.816214 0.282370
vt 0.818559 0.282370
vt 0.813869 0.390473
vt 0.816214 0.390473
vt 0.792765 0.330894
vt 0.795110 0.330894
vt 0.816214 0.286472
vt 0.818559 0.286472
vt 0.813869 0.395053
vt 0.816214 0.395053
vt 0.792765 0.335750
vt 0.795110 0.335750
vt 0.816214 0.290685
vt 0.818559 0.290685
vt 0.813869 0.399553
vt 0.816214 0.399553
vt 0.792765 0.340637
vt 0.795110 0.340637
vt 0.816214 0.295001
vt 0.818559 0.295001
vt 0.813869 0.403964
vt 0.816214 0.403964
vt 0.792765 0.345545
vt 0.795110 0.345545
vt 0.816214 0.299413
vt 0.818559 0.299413
vt 0.813869 0.408281
vt 0.816214 0.408281
vt 0.792765 0.350466
vt 0.795110 0.350466
vt 0.816214 0.303913
vt 0.818559 0.303913
vt 0.813869 0.412494
vt 0.816214 0.412494
vt 0.792765 0.355392
vt 0.795110 0.355392
vt 0.816214 0.308492
vt 0.818559 0.308492
vt 0.813869 0.416596
vt 0.816214 0.416596
vt 0.792765 0.360313
vt 0.795110 0.360313
vt 0.816214 0.313144
vt 0.818559 0.313144
vt 0.813869 0.420581
vt 0.816214 0.420581
vt 0.792765 0.365221
vt 0.795110 0.365221
vt 0.816214 0.317859
vt 0.818559 0.317859
vt 0.813869 0.424441
vt 0.816214 0.424441
vt 0.792765 0.370108
vt 0.795110 0.370108
vt 0.816214 0.322630
vt 0.818559 0.322630
vt 0.813869 0.428170
vt 0.816214 0.428170
vt 0.792765 0.374964
vt 0.795110 0.374964
vt 0.816214 0.327448
vt 0.818559 0.327448
vt 0.813869 0.431760
vt 0.816214 0.431760
vt 0.792765 0.379782
vt 0.795110 0.379782
vt 0.816214 0.332304
vt 0.818559 0.332304
vt 0.820904 0.267206
vt 0.818559 0.267206
vt 0.818559 0.270796
vt 0.820904 0.270796
vt 0.792765 0.384553
vt 0.795110 0.384553
vt 0.816214 0.337191
vt 0.818559 0.337191
vt 0.820904 0.274525
vt 0.792765 0.389268
vt 0.795110 0.389268
vt 0.816214 0.342099
vt 0.818559 0.342099
vt 0.818559 0.278385
vt 0.820904 0.278385
vt 0.792765 0.393920
vt 0.795110 0.393920
vt 0.818559 0.347020
vt 0.818559 0.282370
vt 0.820904 0.282370
vt 0.792765 0.398499
vt 0.795110 0.398499
vt 0.818559 0.351946
vt 0.818559 0.286472
vt 0.820904 0.286472
vt 0.792765 0.402999
vt 0.795110 0.402999
vt 0.818559 0.290685
vt 0.820904 0.290685
vt 0.792765 0.407411
vt 0.795110 0.407411
vt 0.818559 0.295001
vt 0.820904 0.295001
vt 0.792765 0.411727
vt 0.795110 0.411727
vt 0.818559 0.299413
vt 0.820904 0.299413
vt 0.792765 0.415940
vt 0.795110 0.415940
vt 0.818559 0.303913
vt 0.820904 0.303913
vt 0.792765 0.420042
vt 0.795110 0.420042
vt 0.816214 0.356867
vt 0.818559 0.356867
vt 0.818559 0.308492
vt 0.820904 0.308492
vt 0.792765 0.424027
vt 0.795110 0.424027
vt 0.818559 0.361775
vt 0.818559 0.313144
vt 0.820904 0.313144
vt 0.792765 0.427887
vt 0.795110 0.427887
vt 0.816214 0.366662
vt 0.818559 0.366662
vt 0.818559 0.317859
vt 0.820904 0.317859
vt 0.792765 0.431616
vt 0.795110 0.431616
vt 0.818559 0.371518
vt 0.820904 0.322630
vt 0.792765 0.435206
vt 0.795110 0.435206
vt 0.816214 0.376336
vt 0.818559 0.376336
vt 0.820904 0.327448
vt 0.792765 0.438652
vt 0.795110 0.438652
vt 0.816214 0.381107
vt 0.818559 0.381107
vt 0.818559 0.332304
vt 0.820904 0.332304
vt 0.816214 0.267206
vt 0.813869 0.267206
vt 0.813869 0.270796
vt 0.816214 0.270796
vt 0.816214 0.385822
vt 0.818559 0.385822
vt 0.818559 0.337191
vt 0.820904 0.337191
vt 0.813869 0.274525
vt 0.818559 0.390473
vt 0.818559 0.342099
vt 0.820904 0.342099
vt 0.813869 0.278385
vt 0.816214 0.395053
vt 0.818559 0.395053
vt 0.818559 0.347020
vt 0.820904 0.347020
vt 0.813869 0.282370
vt 0.816214 0.282370
vt 0.816214 0.399553
vt 0.818559 0.399553
vt 0.818559 0.351946
vt 0.820904 0.351946
vt 0.813869 0.286472
vt 0.818559 0.403964
vt 0.818559 0.356867
vt 0.820904 0.356867
vt 0.813869 0.290685
vt 0.816214 0.290685
vt 0.816214 0.408281
vt 0.818559 0.408281
vt 0.820904 0.361775
vt 0.813869 0.295001
vt 0.816214 0.295001
vt 0.816214 0.412494
vt 0.818559 0.412494
vt 0.818559 0.366662
vt 0.820904 0.366662
vt 0.813869 0.299413
vt 0.816214 0.416596
vt 0.818559 0.416596
vt 0.818559 0.371518
vt 0.820904 0.371518
vt 0.813869 0.303913
vt 0.816214 0.303913
vt 0.816214 0.420581
vt 0.818559 0.420581
vt 0.818559 0.376336
vt 0.820904 0.376336
vt 0.813869 0.308492
vt 0.816214 0.308492
vt 0.816214 0.424441
vt 0.818559 0.424441
vt 0.818559 0.381107
vt 0.820904 0.381107
vt 0.813869 0.313144
vt 0.816214 0.428170
vt 0.818559 0.428170
vt 0.818559 0.385822
vt 0.820904 0.385822
vt 0.813869 0.317859
vt 0.816214 0.317859
vt 0.816214 0.431760
vt 0.818559 0.431760
vt 0.818559 0.390473
vt 0.820904 0.390473
vt 0.813869 0.322630
vt 0.816214 0.322630
vt 0.795110 0.267206
vt 0.792765 0.267206
vt 0.792765 0.270652
vt 0.795110 0.270652
vt 0.818559 0.395053
vt 0.820904 0.395053
vt 0.813869 0.327448
vt 0.792765 0.274242
vt 0.795110 0.274242
vt 0.818559 0.399553
vt 0.820904 0.399553
vt 0.813869 0.332304
vt 0.792765 0.277971
vt 0.795110 0.277971
vt 0.818559 0.403964
vt 0.820904 0.403964
vt 0.566173 0.194752
vt 0.564474 0.196283
vt 0.567846 0.199873
vt 0.569479 0.198273
vt 0.563017 0.191096
vt 0.561255 0.192554
vt 0.560017 0.187311
vt 0.558196 0.188694
vt 0.557179 0.183404
vt 0.555301 0.184709
vt 0.554506 0.179381
vt 0.552575 0.180607
vt 0.552004 0.175250
vt 0.550023 0.176394
vt 0.549677 0.171018
vt 0.547651 0.172078
vt 0.547530 0.166692
vt 0.545461 0.167666
vt 0.545565 0.162280
vt 0.543457 0.163166
vt 0.543787 0.157789
vt 0.541644 0.158587
vt 0.542199 0.153228
vt 0.540024 0.153935
vt 0.540803 0.148605
vt 0.538600 0.149220
vt 0.539602 0.143927
vt 0.537376 0.144449
vt 0.538598 0.139203
vt 0.536351 0.139631
vt 0.537792 0.134441
vt 0.535530 0.134775
vt 0.537187 0.129649
vt 0.534913 0.129888
vt 0.536783 0.124836
vt 0.534500 0.124980
vt 0.536580 0.120011
vt 0.534294 0.120059
vt 0.536580 0.115181
vt 0.534294 0.115133
vt 0.536783 0.110356
vt 0.534500 0.110212
vt 0.537187 0.105543
vt 0.534912 0.105304
vt 0.537792 0.100751
vt 0.535530 0.100417
vt 0.538597 0.095989
vt 0.536351 0.095561
vt 0.539602 0.091265
vt 0.537375 0.090743
vt 0.540803 0.086587
vt 0.538600 0.085972
vt 0.542199 0.081964
vt 0.540024 0.081257
vt 0.543787 0.077403
vt 0.541644 0.076606
vt 0.545565 0.072912
vt 0.543457 0.072026
vt 0.547529 0.068500
vt 0.545460 0.067526
vt 0.549677 0.064174
vt 0.547650 0.063115
vt 0.552003 0.059942
vt 0.550023 0.058798
vt 0.554505 0.055810
vt 0.552574 0.054585
vt 0.557178 0.051788
vt 0.555300 0.050483
vt 0.560017 0.047880
vt 0.558195 0.046498
vt 0.563016 0.044095
vt 0.561255 0.042638
vt 0.566172 0.040439
vt 0.564473 0.038909
vt 0.569478 0.036919
vt 0.567845 0.035319
vt 0.572929 0.033539
vt 0.571364 0.031872
vt 0.576518 0.030308
vt 0.575024 0.028577
vt 0.580240 0.027229
vt 0.578819 0.025437
vt 0.584086 0.024309
vt 0.582742 0.022459
vt 0.588052 0.021553
vt 0.586787 0.019648
vt 0.592130 0.018965
vt 0.590946 0.017009
vt 0.596313 0.016550
vt 0.595211 0.014546
vt 0.600593 0.014312
vt 0.599576 0.012264
vt 0.604963 0.012256
vt 0.604033 0.010167
vt 0.609415 0.010384
vt 0.608573 0.008258
vt 0.613942 0.008701
vt 0.613190 0.006541
vt 0.618535 0.007208
vt 0.617874 0.005019
vt 0.623187 0.005910
vt 0.622618 0.003695
vt 0.627889 0.004807
vt 0.627414 0.002570
vt 0.632633 0.003902
vt 0.632252 0.001647
vt 0.637411 0.003196
vt 0.637124 0.000927
vt 0.642214 0.002691
vt 0.642023 0.000412
vt 0.647034 0.002388
vt 0.646939 0.000103
vt 0.651863 0.002287
vt 0.651863 -0.000000
vt 0.656692 0.002388
vt 0.656787 0.000103
vt 0.661512 0.002691
vt 0.661703 0.000412
vt 0.666315 0.003196
vt 0.666602 0.000927
vt 0.671093 0.003901
vt 0.671474 0.001647
vt 0.675837 0.004806
vt 0.676313 0.002570
vt 0.680539 0.005909
vt 0.681108 0.003694
vt 0.685191 0.007208
vt 0.685852 0.005019
vt 0.689784 0.008700
vt 0.690536 0.006541
vt 0.694311 0.010384
vt 0.695153 0.008258
vt 0.698763 0.012255
vt 0.699694 0.010166
vt 0.703133 0.014312
vt 0.704150 0.012263
vt 0.707414 0.016549
vt 0.708515 0.014545
vt 0.711596 0.018964
vt 0.712781 0.017008
vt 0.715674 0.021552
vt 0.716939 0.019647
vt 0.719640 0.024308
vt 0.720984 0.022458
vt 0.723487 0.027228
vt 0.724907 0.025436
vt 0.727208 0.030307
vt 0.728703 0.028576
vt 0.730797 0.033538
vt 0.732363 0.031871
vt 0.734248 0.036918
vt 0.735882 0.035318
vt 0.737554 0.040438
vt 0.739254 0.038908
vt 0.740710 0.044094
vt 0.742472 0.042637
vt 0.743710 0.047879
vt 0.745532 0.046497
vt 0.746549 0.051787
vt 0.748427 0.050482
vt 0.749222 0.055809
vt 0.751153 0.054584
vt 0.751724 0.059940
vt 0.753704 0.058797
vt 0.754050 0.064173
vt 0.756077 0.063113
vt 0.756198 0.068499
vt 0.758267 0.067525
vt 0.758162 0.072911
vt 0.760270 0.072025
vt 0.759940 0.077401
vt 0.762084 0.076604
vt 0.761529 0.081962
vt 0.763703 0.081256
vt 0.762925 0.086586
vt 0.765127 0.085971
vt 0.764126 0.091264
vt 0.766352 0.090742
vt 0.765130 0.095988
vt 0.767376 0.095560
vt 0.765935 0.100750
vt 0.768198 0.100416
vt 0.766541 0.105542
vt 0.768815 0.105303
vt 0.766945 0.110354
vt 0.769227 0.110211
vt 0.767147 0.115180
vt 0.769433 0.115132
vt 0.767147 0.120009
vt 0.769433 0.120057
vt 0.766945 0.124835
vt 0.769227 0.124979
vt 0.766541 0.129648
vt 0.768815 0.129887
vt 0.765936 0.134439
vt 0.768198 0.134773
vt 0.765130 0.139201
vt 0.767376 0.139630
vt 0.764126 0.143926
vt 0.766352 0.144448
vt 0.762925 0.148603
vt 0.765127 0.149218
vt 0.761529 0.153227
vt 0.763704 0.153934
vt 0.759941 0.157788
vt 0.762084 0.158585
vt 0.758163 0.162279
vt 0.760271 0.163165
vt 0.756198 0.166691
vt 0.758268 0.167664
vt 0.754051 0.171017
vt 0.756078 0.172076
vt 0.751724 0.175249
vt 0.753705 0.176392
vt 0.749222 0.179380
vt 0.751153 0.180606
vt 0.746550 0.183403
vt 0.748428 0.184708
vt 0.743711 0.187310
vt 0.745532 0.188693
vt 0.740711 0.191095
vt 0.742473 0.192553
vt 0.737555 0.194751
vt 0.739255 0.196281
vt 0.734249 0.198272
vt 0.735883 0.199872
vt 0.730798 0.201651
vt 0.732364 0.203318
vt 0.727209 0.204883
vt 0.728704 0.206614
vt 0.723488 0.207962
vt 0.724908 0.209754
vt 0.719641 0.210882
vt 0.720985 0.212732
vt 0.715675 0.213638
vt 0.716941 0.215543
vt 0.711597 0.216226
vt 0.712782 0.218182
vt 0.707415 0.218641
vt 0.708516 0.220645
vt 0.703135 0.220878
vt 0.704151 0.222927
vt 0.698765 0.222935
vt 0.699695 0.225024
vt 0.694312 0.224806
vt 0.695154 0.226933
vt 0.689786 0.226490
vt 0.690538 0.228649
vt 0.685192 0.227982
vt 0.685853 0.230172
vt 0.680541 0.229281
vt 0.681109 0.231496
vt 0.675838 0.230384
vt 0.676314 0.232621
vt 0.671094 0.231289
vt 0.671476 0.233544
vt 0.666316 0.231995
vt 0.666603 0.234263
vt 0.661513 0.232500
vt 0.661705 0.234778
vt 0.656693 0.232803
vt 0.656789 0.235088
vt 0.651864 0.232904
vt 0.651864 0.235191
vt 0.647036 0.232803
vt 0.646940 0.235088
vt 0.642216 0.232500
vt 0.642024 0.234778
vt 0.637412 0.231995
vt 0.637126 0.234264
vt 0.632635 0.231289
vt 0.632253 0.233544
vt 0.627890 0.230384
vt 0.627415 0.232621
vt 0.623188 0.229282
vt 0.622620 0.231496
vt 0.618537 0.227983
vt 0.617876 0.230172
vt 0.613943 0.226490
vt 0.613191 0.228650
vt 0.609416 0.224807
vt 0.608575 0.226933
vt 0.604964 0.222935
vt 0.604034 0.225024
vt 0.600594 0.220879
vt 0.599577 0.222927
vt 0.596314 0.218641
vt 0.595212 0.220645
vt 0.592131 0.216227
vt 0.590947 0.218183
vt 0.588054 0.213639
vt 0.586788 0.215543
vt 0.584088 0.210882
vt 0.582744 0.212732
vt 0.580241 0.207962
vt 0.578820 0.209755
vt 0.576519 0.204884
vt 0.575025 0.206615
vt 0.572930 0.201652
vt 0.571365 0.203319
vt 0.813869 0.375404
vt 0.811525 0.375404
vt 0.811525 0.379989
vt 0.813869 0.379989
vt 0.827939 0.369490
vt 0.825594 0.369490
vt 0.825594 0.374214
vt 0.827939 0.374214
vt 0.825594 0.321552
vt 0.823249 0.321552
vt 0.823249 0.326276
vt 0.825594 0.326276
vt 0.802145 0.435318
vt 0.804490 0.435318
vt 0.825594 0.378892
vt 0.827939 0.378892
vt 0.823249 0.331038
vt 0.825594 0.331038
vt 0.830284 0.267206
vt 0.827939 0.267206
vt 0.827939 0.270726
vt 0.830284 0.270726
vt 0.825594 0.383515
vt 0.827939 0.383515
vt 0.823249 0.335830
vt 0.825594 0.335830
vt 0.827939 0.274382
vt 0.830284 0.274382
vt 0.825594 0.388076
vt 0.827939 0.388076
vt 0.823249 0.340643
vt 0.825594 0.340643
vt 0.827939 0.278167
vt 0.830284 0.278167
vt 0.825594 0.392567
vt 0.827939 0.392567
vt 0.823249 0.345468
vt 0.825594 0.345468
vt 0.827939 0.282075
vt 0.830284 0.282075
vt 0.825594 0.396979
vt 0.827939 0.396979
vt 0.823249 0.350298
vt 0.825594 0.350298
vt 0.827939 0.286097
vt 0.830284 0.286097
vt 0.825594 0.401305
vt 0.827939 0.401305
vt 0.823249 0.355123
vt 0.825594 0.355123
vt 0.827939 0.290229
vt 0.830284 0.290229
vt 0.825594 0.405537
vt 0.827939 0.405537
vt 0.823249 0.359936
vt 0.825594 0.359936
vt 0.827939 0.294461
vt 0.830284 0.294461
vt 0.825594 0.409668
vt 0.827939 0.409668
vt 0.823249 0.364728
vt 0.825594 0.364728
vt 0.827939 0.298787
vt 0.830284 0.298787
vt 0.825594 0.413691
vt 0.827939 0.413691
vt 0.823249 0.369490
vt 0.825594 0.369490
vt 0.827939 0.303199
vt 0.830284 0.303199
vt 0.825594 0.417598
vt 0.827939 0.417598
vt 0.823249 0.374214
vt 0.825594 0.374214
vt 0.827939 0.307690
vt 0.830284 0.307690
vt 0.825594 0.421383
vt 0.827939 0.421383
vt 0.823249 0.378892
vt 0.825594 0.378892
vt 0.827939 0.312251
vt 0.830284 0.312251
vt 0.825594 0.425039
vt 0.827939 0.425039
vt 0.823249 0.383515
vt 0.827939 0.316874
vt 0.830284 0.316874
vt 0.825594 0.428560
vt 0.827939 0.428560
vt 0.823249 0.388076
vt 0.825594 0.388076
vt 0.827939 0.321552
vt 0.830284 0.321552
vt 0.804490 0.267206
vt 0.802145 0.270585
vt 0.804490 0.270585
vt 0.823249 0.392567
vt 0.825594 0.392567
vt 0.827939 0.326276
vt 0.830284 0.326276
vt 0.802145 0.274106
vt 0.804490 0.274106
vt 0.823249 0.396979
vt 0.827939 0.331038
vt 0.830284 0.331038
vt 0.802145 0.277762
vt 0.804490 0.277762
vt 0.823249 0.401305
vt 0.827939 0.335830
vt 0.830284 0.335830
vt 0.802145 0.281547
vt 0.804490 0.281547
vt 0.823249 0.405537
vt 0.827939 0.340643
vt 0.830284 0.340643
vt 0.802145 0.285454
vt 0.804490 0.285454
vt 0.823249 0.409668
vt 0.827939 0.345468
vt 0.830284 0.345468
vt 0.802145 0.289477
vt 0.804490 0.289477
vt 0.823249 0.413691
vt 0.827939 0.350298
vt 0.830284 0.350298
vt 0.802145 0.293608
vt 0.804490 0.293608
vt 0.823249 0.417598
vt 0.825594 0.417598
vt 0.827939 0.355123
vt 0.830284 0.355123
vt 0.802145 0.297840
vt 0.804490 0.297840
vt 0.823249 0.421383
vt 0.827939 0.359936
vt 0.830284 0.359936
vt 0.802145 0.302166
vt 0.804490 0.302166
vt 0.823249 0.425039
vt 0.825594 0.425039
vt 0.827939 0.364728
vt 0.830284 0.364728
vt 0.802145 0.306578
vt 0.804490 0.306578
vt 0.823249 0.428560
vt 0.830284 0.369490
vt 0.802145 0.311069
vt 0.804490 0.311069
vt 0.827939 0.267206
vt 0.825594 0.267206
vt 0.825594 0.270726
vt 0.827939 0.270726
vt 0.827939 0.374214
vt 0.830284 0.374214
vt 0.802145 0.315630
vt 0.804490 0.315630
vt 0.825594 0.274382
vt 0.827939 0.274382
vt 0.827939 0.378892
vt 0.830284 0.378892
vt 0.802145 0.320253
vt 0.804490 0.320253
vt 0.825594 0.278167
vt 0.827939 0.383515
vt 0.830284 0.383515
vt 0.802145 0.324931
vt 0.804490 0.324931
vt 0.825594 0.282075
vt 0.827939 0.282075
vt 0.827939 0.388076
vt 0.830284 0.388076
vt 0.802145 0.329655
vt 0.804490 0.329655
vt 0.825594 0.286097
vt 0.827939 0.286097
vt 0.827939 0.392567
vt 0.830284 0.392567
vt 0.802145 0.334417
vt 0.804490 0.334417
vt 0.825594 0.290229
vt 0.827939 0.290229
vt 0.830284 0.396979
vt 0.802145 0.339209
vt 0.804490 0.339209
vt 0.825594 0.294461
vt 0.827939 0.294461
vt 0.830284 0.401305
vt 0.802145 0.344022
vt 0.804490 0.344022
vt 0.825594 0.298787
vt 0.827939 0.298787
vt 0.827939 0.405537
vt 0.830284 0.405537
vt 0.802145 0.348847
vt 0.804490 0.348847
vt 0.825594 0.303199
vt 0.827939 0.303199
vt 0.827939 0.409668
vt 0.830284 0.409668
vt 0.802145 0.353677
vt 0.804490 0.353677
vt 0.825594 0.307690
vt 0.827939 0.307690
vt 0.827939 0.413691
vt 0.830284 0.413691
vt 0.802145 0.358502
vt 0.804490 0.358502
vt 0.825594 0.312251
vt 0.830284 0.417598
vt 0.802145 0.363315
vt 0.804490 0.363315
vt 0.825594 0.316874
vt 0.827939 0.316874
vt 0.827939 0.421383
vt 0.830284 0.421383
vt 0.802145 0.368107
vt 0.804490 0.368107
vt 0.827939 0.321552
vt 0.827939 0.425039
vt 0.830284 0.425039
vt 0.802145 0.372869
vt 0.804490 0.372869
vt 0.825594 0.326276
vt 0.827939 0.428560
vt 0.830284 0.428560
vt 0.802145 0.377593
vt 0.804490 0.377593
vt 0.827939 0.331038
vt 0.825594 0.267206
vt 0.823249 0.267206
vt 0.823249 0.270726
vt 0.825594 0.270726
vt 0.802145 0.382271
vt 0.804490 0.382271
vt 0.825594 0.335830
vt 0.823249 0.274382
vt 0.825594 0.274382
vt 0.802145 0.386894
vt 0.804490 0.386894
vt 0.825594 0.340643
vt 0.827939 0.340643
vt 0.823249 0.278167
vt 0.825594 0.278167
vt 0.802145 0.391455
vt 0.804490 0.391455
vt 0.823249 0.282075
vt 0.825594 0.282075
vt 0.802145 0.395946
vt 0.804490 0.395946
vt 0.823249 0.286097
vt 0.825594 0.286097
vt 0.802145 0.400358
vt 0.804490 0.400358
vt 0.823249 0.290229
vt 0.825594 0.290229
vt 0.802145 0.404684
vt 0.804490 0.404684
vt 0.823249 0.294461
vt 0.825594 0.294461
vt 0.802145 0.408916
vt 0.804490 0.408916
vt 0.823249 0.298787
vt 0.825594 0.298787
vt 0.802145 0.413047
vt 0.804490 0.413047
vt 0.823249 0.303199
vt 0.802145 0.417070
vt 0.804490 0.417070
vt 0.825594 0.355123
vt 0.827939 0.355123
vt 0.823249 0.307690
vt 0.802145 0.420978
vt 0.804490 0.420978
vt 0.825594 0.359936
vt 0.827939 0.359936
vt 0.823249 0.312251
vt 0.825594 0.312251
vt 0.802145 0.424763
vt 0.804490 0.424763
vt 0.825594 0.364727
vt 0.827939 0.364727
vt 0.823249 0.316874
vt 0.825594 0.316874
vt 0.879984 0.228231
vt 0.879888 0.230516
vt 0.884717 0.230617
vt 0.884717 0.228330
vt 0.875259 0.227934
vt 0.875068 0.230213
vt 0.870551 0.227439
vt 0.870265 0.229708
vt 0.865868 0.226748
vt 0.865487 0.229002
vt 0.861218 0.225861
vt 0.860743 0.228097
vt 0.856609 0.224780
vt 0.856041 0.226995
vt 0.852050 0.223507
vt 0.851389 0.225696
vt 0.847548 0.222044
vt 0.846796 0.224203
vt 0.843111 0.220394
vt 0.842269 0.222520
vt 0.838747 0.218559
vt 0.837816 0.220648
vt 0.834463 0.216544
vt 0.833446 0.218592
vt 0.830268 0.214350
vt 0.829166 0.216354
vt 0.826168 0.211983
vt 0.824984 0.213940
vt 0.822171 0.209447
vt 0.820906 0.211352
vt 0.818284 0.206745
vt 0.816940 0.208595
vt 0.814513 0.203883
vt 0.813093 0.205675
vt 0.810866 0.200866
vt 0.809372 0.202597
vt 0.807348 0.197698
vt 0.805783 0.199365
vt 0.803966 0.194386
vt 0.802332 0.195986
vt 0.800725 0.190935
vt 0.799026 0.192465
vt 0.797632 0.187351
vt 0.795870 0.188809
vt 0.794691 0.183642
vt 0.792870 0.185024
vt 0.791909 0.179812
vt 0.790031 0.181117
vt 0.789289 0.175869
vt 0.787358 0.177094
vt 0.786837 0.171820
vt 0.784856 0.172963
vt 0.784556 0.167671
vt 0.782530 0.168731
vt 0.782452 0.163431
vt 0.780382 0.164405
vt 0.780526 0.159106
vt 0.778418 0.159992
vt 0.778783 0.154705
vt 0.776640 0.155502
vt 0.777227 0.150234
vt 0.775052 0.150941
vt 0.775858 0.145702
vt 0.773656 0.146317
vt 0.774681 0.141117
vt 0.772455 0.141639
vt 0.773697 0.136487
vt 0.771451 0.136915
vt 0.772907 0.131819
vt 0.770645 0.132153
vt 0.772314 0.127123
vt 0.770040 0.127362
vt 0.771918 0.122405
vt 0.769636 0.122549
vt 0.771720 0.117676
vt 0.769433 0.117723
vt 0.771720 0.112942
vt 0.769433 0.112894
vt 0.771918 0.108212
vt 0.769636 0.108068
vt 0.772314 0.103495
vt 0.770040 0.103256
vt 0.772907 0.098798
vt 0.770645 0.098464
vt 0.773697 0.094130
vt 0.771451 0.093702
vt 0.774681 0.089500
vt 0.772455 0.088978
vt 0.775858 0.084915
vt 0.773656 0.084300
vt 0.777227 0.080383
vt 0.775052 0.079676
vt 0.778783 0.075912
vt 0.776640 0.075115
vt 0.780526 0.071511
vt 0.778418 0.070625
vt 0.782452 0.067186
vt 0.780382 0.066213
vt 0.784556 0.062946
vt 0.782530 0.061887
vt 0.786837 0.058798
vt 0.784856 0.057654
vt 0.789289 0.054748
vt 0.787358 0.053523
vt 0.791909 0.050805
vt 0.790031 0.049500
vt 0.794691 0.046976
vt 0.792870 0.045593
vt 0.797632 0.043266
vt 0.795870 0.041808
vt 0.800725 0.039682
vt 0.799026 0.038152
vt 0.803966 0.036231
vt 0.802332 0.034631
vt 0.807348 0.032919
vt 0.805783 0.031252
vt 0.810866 0.029752
vt 0.809372 0.028021
vt 0.814513 0.026734
vt 0.813093 0.024942
vt 0.818284 0.023872
vt 0.816940 0.022022
vt 0.822171 0.021170
vt 0.820906 0.019266
vt 0.826168 0.018634
vt 0.824984 0.016678
vt 0.830268 0.016267
vt 0.829166 0.014263
vt 0.834463 0.014074
vt 0.833446 0.012025
vt 0.838747 0.012058
vt 0.837816 0.009969
vt 0.843111 0.010224
vt 0.842269 0.008097
vt 0.847548 0.008573
vt 0.846796 0.006414
vt 0.852050 0.007111
vt 0.851389 0.004921
vt 0.856609 0.005838
vt 0.856041 0.003623
vt 0.861218 0.004757
vt 0.860743 0.002520
vt 0.865868 0.003870
vt 0.865487 0.001615
vt 0.870551 0.003178
vt 0.870265 0.000909
vt 0.875259 0.002683
vt 0.875068 0.000404
vt 0.879984 0.002386
vt 0.879888 0.000101
vt 0.884717 0.002287
vt 0.884717 0.000000
vt 0.889450 0.002386
vt 0.889545 0.000101
vt 0.894174 0.002683
vt 0.894365 0.000404
vt 0.898882 0.003178
vt 0.899169 0.000909
vt 0.903565 0.003870
vt 0.903947 0.001615
vt 0.908215 0.004757
vt 0.908691 0.002520
vt 0.912824 0.005838
vt 0.913393 0.003623
vt 0.917384 0.007111
vt 0.918045 0.004921
vt 0.921886 0.008573
vt 0.922638 0.006414
vt 0.926323 0.010224
vt 0.927165 0.008097
vt 0.930687 0.012058
vt 0.931617 0.009969
vt 0.934970 0.014074
vt 0.935987 0.012025
vt 0.939165 0.016267
vt 0.940267 0.014263
vt 0.943265 0.018634
vt 0.944450 0.016678
vt 0.947262 0.021170
vt 0.948528 0.019266
vt 0.951149 0.023872
vt 0.952493 0.022022
vt 0.954920 0.026734
vt 0.956340 0.024942
vt 0.958568 0.029752
vt 0.960062 0.028021
vt 0.962085 0.032919
vt 0.963651 0.031252
vt 0.965468 0.036231
vt 0.967102 0.034631
vt 0.968708 0.039682
vt 0.970408 0.038152
vt 0.971802 0.043266
vt 0.973564 0.041808
vt 0.974742 0.046976
vt 0.976564 0.045593
vt 0.977525 0.050806
vt 0.979402 0.049500
vt 0.980144 0.054748
vt 0.982075 0.053523
vt 0.982597 0.058798
vt 0.984577 0.057654
vt 0.984877 0.062946
vt 0.986904 0.061887
vt 0.986982 0.067186
vt 0.989051 0.066213
vt 0.988907 0.071511
vt 0.991015 0.070625
vt 0.990650 0.075912
vt 0.992793 0.075115
vt 0.992207 0.080383
vt 0.994382 0.079676
vt 0.993575 0.084915
vt 0.995778 0.084300
vt 0.994752 0.089500
vt 0.996979 0.088978
vt 0.995737 0.094130
vt 0.997983 0.093702
vt 0.996526 0.098798
vt 0.998788 0.098464
vt 0.997119 0.103495
vt 0.999394 0.103256
vt 0.997516 0.108212
vt 0.999798 0.108068
vt 0.997714 0.112942
vt 1.000000 0.112894
vt 0.997714 0.117676
vt 1.000000 0.117723
vt 0.997516 0.122405
vt 0.999798 0.122549
vt 0.997119 0.127123
vt 0.999394 0.127362
vt 0.996526 0.131819
vt 0.998788 0.132153
vt 0.995737 0.136487
vt 0.997983 0.136915
vt 0.994752 0.141117
vt 0.996979 0.141639
vt 0.993575 0.145702
vt 0.995778 0.146317
vt 0.992207 0.150234
vt 0.994382 0.150941
vt 0.990650 0.154705
vt 0.992793 0.155502
vt 0.988907 0.159106
vt 0.991015 0.159992
vt 0.986982 0.163431
vt 0.989051 0.164405
vt 0.984877 0.167671
vt 0.986904 0.168731
vt 0.982597 0.171820
vt 0.984577 0.172963
vt 0.980144 0.175869
vt 0.982075 0.177094
vt 0.977525 0.179812
vt 0.979402 0.181117
vt 0.974742 0.183642
vt 0.976564 0.185024
vt 0.971802 0.187351
vt 0.973564 0.188809
vt 0.968708 0.190935
vt 0.970408 0.192465
vt 0.965468 0.194386
vt 0.967102 0.195986
vt 0.962085 0.197698
vt 0.963651 0.199365
vt 0.958568 0.200866
vt 0.960062 0.202597
vt 0.954920 0.203883
vt 0.956340 0.205675
vt 0.951149 0.206745
vt 0.952493 0.208595
vt 0.947262 0.209447
vt 0.948528 0.211352
vt 0.943265 0.211983
vt 0.944450 0.213940
vt 0.939165 0.214350
vt 0.940267 0.216354
vt 0.934970 0.216544
vt 0.935987 0.218592
vt 0.930687 0.218559
vt 0.931617 0.220648
vt 0.926323 0.220394
vt 0.927165 0.222520
vt 0.921886 0.222044
vt 0.922638 0.224203
vt 0.917384 0.223507
vt 0.918045 0.225696
vt 0.912824 0.224780
vt 0.913393 0.226995
vt 0.908215 0.225861
vt 0.908691 0.228097
vt 0.903565 0.226748
vt 0.903947 0.229002
vt 0.898882 0.227439
vt 0.899169 0.229708
vt 0.894174 0.227934
vt 0.894365 0.230213
vt 0.889450 0.228231
vt 0.889545 0.230516
vt 0.823249 0.336353
vt 0.820904 0.336353
vt 0.820904 0.340975
vt 0.823249 0.340975
vt 0.834974 0.329772
vt 0.832629 0.329772
vt 0.832629 0.334469
vt 0.834974 0.334469
vt 0.832629 0.270657
vt 0.830284 0.270657
vt 0.830284 0.274240
vt 0.832629 0.274240
vt 0.811525 0.384521
vt 0.813869 0.384521
vt 0.832629 0.339186
vt 0.834974 0.339186
vt 0.830284 0.277950
vt 0.832629 0.277950
vt 0.811525 0.388991
vt 0.813869 0.388991
vt 0.832629 0.343916
vt 0.834974 0.343916
vt 0.830284 0.281780
vt 0.832629 0.281780
vt 0.811525 0.393393
vt 0.813869 0.393393
vt 0.832629 0.348650
vt 0.834974 0.348650
vt 0.830284 0.285723
vt 0.832629 0.285723
vt 0.811525 0.397717
vt 0.813869 0.397717
vt 0.830284 0.289772
vt 0.832629 0.289772
vt 0.811525 0.401958
vt 0.813869 0.401958
vt 0.830284 0.293920
vt 0.832629 0.293920
vt 0.811525 0.406106
vt 0.813869 0.406106
vt 0.830284 0.298161
vt 0.832629 0.298161
vt 0.811525 0.410155
vt 0.813869 0.410155
vt 0.830284 0.302485
vt 0.832629 0.302485
vt 0.811525 0.414098
vt 0.813869 0.414098
vt 0.832629 0.353380
vt 0.834974 0.353380
vt 0.830284 0.306887
vt 0.832629 0.306887
vt 0.811525 0.417928
vt 0.813869 0.417928
vt 0.832629 0.358097
vt 0.834974 0.358097
vt 0.830284 0.311357
vt 0.832629 0.311357
vt 0.811525 0.421638
vt 0.813869 0.421638
vt 0.832629 0.362793
vt 0.834974 0.362793
vt 0.830284 0.315889
vt 0.832629 0.315889
vt 0.811525 0.425221
vt 0.813869 0.425221
vt 0.832629 0.367461
vt 0.834974 0.367461
vt 0.830284 0.320474
vt 0.832629 0.320474
vt 0.811525 0.428672
vt 0.813869 0.428672
vt 0.832629 0.372092
vt 0.834974 0.372092
vt 0.830284 0.325105
vt 0.832629 0.325105
vt 0.811525 0.431984
vt 0.813869 0.431984
vt 0.832629 0.376677
vt 0.834974 0.376677
vt 0.830284 0.329772
vt 0.837319 0.267206
vt 0.834974 0.267206
vt 0.834974 0.270656
vt 0.837319 0.270656
vt 0.832629 0.381209
vt 0.834974 0.381209
vt 0.830284 0.334469
vt 0.832629 0.334469
vt 0.834974 0.274240
vt 0.837319 0.274240
vt 0.832629 0.385679
vt 0.834974 0.385679
vt 0.830284 0.339186
vt 0.832629 0.339186
vt 0.834974 0.277950
vt 0.837319 0.277950
vt 0.832629 0.390081
vt 0.834974 0.390081
vt 0.830284 0.343916
vt 0.834974 0.281780
vt 0.837319 0.281780
vt 0.832629 0.394405
vt 0.834974 0.394405
vt 0.830284 0.348650
vt 0.832629 0.348650
vt 0.834974 0.285723
vt 0.837319 0.285723
vt 0.832629 0.398646
vt 0.834974 0.398646
vt 0.830284 0.353380
vt 0.832629 0.353380
vt 0.834974 0.289772
vt 0.837319 0.289772
vt 0.832629 0.402794
vt 0.834974 0.402794
vt 0.830284 0.358097
vt 0.832629 0.358097
vt 0.834974 0.293920
vt 0.837319 0.293920
vt 0.832629 0.406843
vt 0.834974 0.406843
vt 0.830284 0.362794
vt 0.832629 0.362794
vt 0.834974 0.298161
vt 0.837319 0.298161
vt 0.832629 0.410786
vt 0.834974 0.410786
vt 0.830284 0.367461
vt 0.832629 0.367461
vt 0.834974 0.302485
vt 0.837319 0.302485
vt 0.832629 0.414616
vt 0.834974 0.414616
vt 0.830284 0.372092
vt 0.832629 0.372092
vt 0.834974 0.306887
vt 0.837319 0.306887
vt 0.832629 0.418326
vt 0.834974 0.418326
vt 0.830284 0.376677
vt 0.832629 0.376677
vt 0.834974 0.311357
vt 0.837319 0.311357
vt 0.832629 0.421909
vt 0.834974 0.421909
vt 0.830284 0.381209
vt 0.832629 0.381209
vt 0.834974 0.315889
vt 0.837319 0.315889
vt 0.832629 0.425360
vt 0.834974 0.425360
vt 0.830284 0.385679
vt 0.832629 0.385679
vt 0.834974 0.320474
vt 0.837319 0.320474
vt 0.811525 0.267206
vt 0.811525 0.270518
vt 0.813869 0.270518
vt 0.830284 0.390081
vt 0.832629 0.390081
vt 0.834974 0.325105
vt 0.837319 0.325105
vt 0.811525 0.273969
vt 0.813869 0.273969
vt 0.830284 0.394405
vt 0.834974 0.329772
vt 0.837319 0.329772
vt 0.811525 0.277552
vt 0.813869 0.277552
vt 0.830284 0.398646
vt 0.837319 0.334469
vt 0.811525 0.281262
vt 0.813869 0.281262
vt 0.830284 0.402794
vt 0.834974 0.339186
vt 0.837319 0.339186
vt 0.811525 0.285092
vt 0.813869 0.285092
vt 0.830284 0.406843
vt 0.834974 0.343916
vt 0.837319 0.343916
vt 0.811525 0.289035
vt 0.813869 0.289035
vt 0.830284 0.410786
vt 0.834974 0.348650
vt 0.837319 0.348650
vt 0.811525 0.293084
vt 0.813869 0.293084
vt 0.830284 0.414616
vt 0.832629 0.414616
vt 0.834974 0.353380
vt 0.837319 0.353380
vt 0.811525 0.297233
vt 0.813869 0.297233
vt 0.830284 0.418326
vt 0.834974 0.358097
vt 0.837319 0.358097
vt 0.811525 0.301473
vt 0.813869 0.301473
vt 0.830284 0.421909
vt 0.832629 0.421909
vt 0.834974 0.362794
vt 0.837319 0.362794
vt 0.811525 0.305797
vt 0.813869 0.305797
vt 0.830284 0.425360
vt 0.837319 0.367461
vt 0.811525 0.310199
vt 0.813869 0.310199
vt 0.834974 0.267206
vt 0.832629 0.267206
vt 0.832629 0.270657
vt 0.834974 0.270657
vt 0.834974 0.372092
vt 0.837319 0.372092
vt 0.811525 0.314669
vt 0.813869 0.314669
vt 0.832629 0.274240
vt 0.834974 0.274240
vt 0.834974 0.376677
vt 0.837319 0.376677
vt 0.811525 0.319201
vt 0.813869 0.319201
vt 0.832629 0.277950
vt 0.837319 0.381209
vt 0.811525 0.323786
vt 0.813869 0.323786
vt 0.832629 0.281780
vt 0.834974 0.281780
vt 0.834974 0.385679
vt 0.837319 0.385679
vt 0.811525 0.328417
vt 0.813869 0.328417
vt 0.834974 0.390081
vt 0.837319 0.390081
vt 0.811525 0.333084
vt 0.813869 0.333084
vt 0.832629 0.289772
vt 0.834974 0.289772
vt 0.837319 0.394405
vt 0.811525 0.337781
vt 0.813869 0.337781
vt 0.832629 0.293920
vt 0.834974 0.293920
vt 0.834974 0.398645
vt 0.837319 0.398645
vt 0.811525 0.342498
vt 0.813869 0.342498
vt 0.834974 0.402794
vt 0.837319 0.402794
vt 0.811525 0.347228
vt 0.813869 0.347228
vt 0.834974 0.302485
vt 0.837319 0.406843
vt 0.811525 0.351962
vt 0.813869 0.351962
vt 0.834974 0.306887
vt 0.834974 0.410786
vt 0.837319 0.410786
vt 0.811525 0.356692
vt 0.813869 0.356692
vt 0.832629 0.311357
vt 0.834974 0.311357
vt 0.834974 0.414616
vt 0.837319 0.414616
vt 0.811525 0.361409
vt 0.813869 0.361409
vt 0.832629 0.315889
vt 0.834974 0.315889
vt 0.834974 0.418326
vt 0.837319 0.418326
vt 0.811525 0.366106
vt 0.813869 0.366106
vt 0.832629 0.320474
vt 0.834974 0.320474
vt 0.834974 0.421909
vt 0.837319 0.421909
vt 0.811525 0.370773
vt 0.813869 0.370773
vt 0.832629 0.325105
vt 0.834974 0.325105
vt 0.834974 0.425360
vt 0.837319 0.425360
vt 0.832629 0.267206
vt 0.877793 0.744350
vt 0.877698 0.746635
vt 0.882430 0.746734
vt 0.882430 0.744448
vt 0.873164 0.744059
vt 0.872973 0.746338
vt 0.868552 0.743574
vt 0.868265 0.745843
vt 0.863963 0.742897
vt 0.863582 0.745152
vt 0.859407 0.742028
vt 0.858932 0.744265
vt 0.854892 0.740969
vt 0.854323 0.743184
vt 0.850425 0.739721
vt 0.849764 0.741911
vt 0.846013 0.738288
vt 0.845261 0.740448
vt 0.841666 0.736671
vt 0.840824 0.738798
vt 0.837390 0.734874
vt 0.836460 0.736963
vt 0.833194 0.732899
vt 0.832177 0.734948
vt 0.829083 0.730750
vt 0.827982 0.732754
vt 0.825067 0.728431
vt 0.823882 0.730387
vt 0.821151 0.725946
vt 0.819885 0.727851
vt 0.817342 0.723299
vt 0.815998 0.725149
vt 0.813648 0.720495
vt 0.812227 0.722287
vt 0.810074 0.717538
vt 0.808580 0.719270
vt 0.806627 0.714435
vt 0.805062 0.716102
vt 0.803313 0.711190
vt 0.801679 0.712790
vt 0.800138 0.707809
vt 0.798439 0.709339
vt 0.797108 0.704298
vt 0.795346 0.705755
vt 0.794227 0.700663
vt 0.792405 0.702046
vt 0.791500 0.696911
vt 0.789623 0.698216
vt 0.788934 0.693047
vt 0.787003 0.694273
vt 0.786531 0.689080
vt 0.784551 0.690223
vt 0.784297 0.685016
vt 0.782270 0.686075
vt 0.782234 0.680861
vt 0.780165 0.681835
vt 0.780348 0.676624
vt 0.778240 0.677510
vt 0.778640 0.672312
vt 0.776497 0.673109
vt 0.777115 0.667932
vt 0.774940 0.668638
vt 0.775775 0.663491
vt 0.773572 0.664106
vt 0.774621 0.658999
vt 0.772395 0.659521
vt 0.773657 0.654462
vt 0.771410 0.654891
vt 0.772883 0.649889
vt 0.770621 0.650223
vt 0.772302 0.645288
vt 0.770028 0.645527
vt 0.771914 0.640666
vt 0.769632 0.640809
vt 0.771720 0.636032
vt 0.769433 0.636080
vt 0.771720 0.631393
vt 0.769433 0.631346
vt 0.771914 0.626759
vt 0.769632 0.626616
vt 0.772302 0.622138
vt 0.770028 0.621899
vt 0.772883 0.617536
vt 0.770621 0.617202
vt 0.773657 0.612963
vt 0.771410 0.612534
vt 0.774621 0.608426
vt 0.772395 0.607904
vt 0.775775 0.603934
vt 0.773572 0.603319
vt 0.777115 0.599494
vt 0.774940 0.598787
vt 0.778640 0.595113
vt 0.776497 0.594316
vt 0.780348 0.590801
vt 0.778240 0.589915
vt 0.782234 0.586564
vt 0.780165 0.585590
vt 0.784297 0.582409
vt 0.782270 0.581350
vt 0.786531 0.578345
vt 0.784551 0.577202
vt 0.788934 0.574378
vt 0.787003 0.573152
vt 0.791500 0.570515
vt 0.789623 0.569209
vt 0.794227 0.566762
vt 0.792405 0.565380
vt 0.797108 0.563127
vt 0.795346 0.561670
vt 0.800138 0.559616
vt 0.798439 0.558086
vt 0.803313 0.556235
vt 0.801679 0.554635
vt 0.806627 0.552990
vt 0.805062 0.551323
vt 0.810074 0.549887
vt 0.808580 0.548156
vt 0.813648 0.546930
vt 0.812227 0.545138
vt 0.817342 0.544126
vt 0.815998 0.542276
vt 0.821151 0.541479
vt 0.819885 0.539574
vt 0.825067 0.538994
vt 0.823882 0.537038
vt 0.829083 0.536675
vt 0.827982 0.534671
vt 0.833194 0.534526
vt 0.832177 0.532478
vt 0.837390 0.532551
vt 0.836460 0.530462
vt 0.841666 0.530754
vt 0.840824 0.528627
vt 0.846013 0.529137
vt 0.845261 0.526977
vt 0.850425 0.527704
vt 0.849764 0.525514
vt 0.854892 0.526456
vt 0.854323 0.524242
vt 0.859407 0.525397
vt 0.858932 0.523161
vt 0.863963 0.524528
vt 0.863582 0.522273
vt 0.868552 0.523851
vt 0.868265 0.521582
vt 0.873164 0.523366
vt 0.872973 0.521087
vt 0.877793 0.523075
vt 0.877698 0.520790
vt 0.882430 0.522978
vt 0.882430 0.520691
vt 0.887068 0.523075
vt 0.887163 0.520790
vt 0.891696 0.523366
vt 0.891888 0.521087
vt 0.896309 0.523851
vt 0.896596 0.521582
vt 0.900898 0.524528
vt 0.901279 0.522273
vt 0.905454 0.525397
vt 0.905929 0.523161
vt 0.909969 0.526456
vt 0.910538 0.524242
vt 0.914436 0.527704
vt 0.915097 0.525514
vt 0.918848 0.529137
vt 0.919600 0.526977
vt 0.923195 0.530754
vt 0.924037 0.528627
vt 0.927470 0.532551
vt 0.928401 0.530462
vt 0.931667 0.534526
vt 0.932684 0.532478
vt 0.935777 0.536675
vt 0.936879 0.534671
vt 0.939794 0.538994
vt 0.940979 0.537038
vt 0.943710 0.541479
vt 0.944976 0.539574
vt 0.947519 0.544126
vt 0.948863 0.542276
vt 0.951213 0.546930
vt 0.952634 0.545138
vt 0.954787 0.549887
vt 0.956281 0.548156
vt 0.958234 0.552990
vt 0.959799 0.551323
vt 0.961548 0.556235
vt 0.963181 0.554635
vt 0.964723 0.559616
vt 0.966422 0.558086
vt 0.967753 0.563127
vt 0.969515 0.561670
vt 0.970634 0.566762
vt 0.972456 0.565380
vt 0.973360 0.570515
vt 0.975238 0.569209
vt 0.975927 0.574378
vt 0.977858 0.573152
vt 0.978330 0.578345
vt 0.980310 0.577202
vt 0.980564 0.582409
vt 0.982591 0.581350
vt 0.982626 0.586564
vt 0.984696 0.585590
vt 0.984513 0.590801
vt 0.986621 0.589915
vt 0.986220 0.595113
vt 0.988364 0.594316
vt 0.987746 0.599494
vt 0.989921 0.598787
vt 0.989086 0.603934
vt 0.991289 0.603319
vt 0.990240 0.608426
vt 0.992466 0.607904
vt 0.991204 0.612963
vt 0.993450 0.612534
vt 0.991978 0.617536
vt 0.994240 0.617202
vt 0.992559 0.622138
vt 0.994833 0.621899
vt 0.992947 0.626759
vt 0.995229 0.626616
vt 0.993141 0.631393
vt 0.995427 0.631346
vt 0.993141 0.636032
vt 0.995427 0.636080
vt 0.992947 0.640666
vt 0.995229 0.640809
vt 0.992559 0.645288
vt 0.994833 0.645527
vt 0.991978 0.649889
vt 0.994240 0.650223
vt 0.991204 0.654462
vt 0.993450 0.654891
vt 0.990240 0.658999
vt 0.992466 0.659521
vt 0.989086 0.663491
vt 0.991289 0.664106
vt 0.987746 0.667932
vt 0.989921 0.668638
vt 0.986220 0.672312
vt 0.988364 0.673109
vt 0.984513 0.676624
vt 0.986621 0.677510
vt 0.982626 0.680861
vt 0.984696 0.681835
vt 0.980564 0.685016
vt 0.982591 0.686075
vt 0.978330 0.689080
vt 0.980310 0.690224
vt 0.975927 0.693047
vt 0.977858 0.694273
vt 0.973360 0.696911
vt 0.975238 0.698216
vt 0.970634 0.700663
vt 0.972456 0.702046
vt 0.967753 0.704298
vt 0.969515 0.705755
vt 0.964723 0.707809
vt 0.966422 0.709339
vt 0.961548 0.711190
vt 0.963181 0.712790
vt 0.958234 0.714435
vt 0.959799 0.716102
vt 0.954787 0.717538
vt 0.956281 0.719270
vt 0.951213 0.720495
vt 0.952634 0.722287
vt 0.947519 0.723299
vt 0.948863 0.725149
vt 0.943710 0.725946
vt 0.944976 0.727851
vt 0.939794 0.728431
vt 0.940979 0.730387
vt 0.935777 0.730750
vt 0.936879 0.732754
vt 0.931667 0.732899
vt 0.932684 0.734948
vt 0.927470 0.734874
vt 0.928401 0.736963
vt 0.923195 0.736671
vt 0.924037 0.738798
vt 0.918848 0.738288
vt 0.919600 0.740448
vt 0.914436 0.739721
vt 0.915097 0.741911
vt 0.909969 0.740969
vt 0.910538 0.743184
vt 0.905454 0.742028
vt 0.905929 0.744265
vt 0.900898 0.742897
vt 0.901279 0.745152
vt 0.896309 0.743574
vt 0.896596 0.745843
vt 0.891696 0.744059
vt 0.891888 0.746338
vt 0.887068 0.744350
vt 0.887163 0.746635
vt 0.853733 0.397307
vt 0.851388 0.397307
vt 0.851388 0.401192
vt 0.853733 0.401192
vt 0.844353 0.293380
vt 0.842008 0.293380
vt 0.842008 0.297534
vt 0.844353 0.297534
vt 0.846698 0.395986
vt 0.844353 0.395986
vt 0.844353 0.400050
vt 0.846698 0.400050
vt 0.820904 0.345609
vt 0.823249 0.345609
vt 0.842008 0.301771
vt 0.844353 0.301771
vt 0.844353 0.404018
vt 0.846698 0.404018
vt 0.820904 0.350247
vt 0.823249 0.350247
vt 0.842008 0.306084
vt 0.844353 0.306084
vt 0.844353 0.407881
vt 0.846698 0.407881
vt 0.820904 0.354881
vt 0.823249 0.354881
vt 0.842008 0.310464
vt 0.844353 0.310464
vt 0.844353 0.411633
vt 0.846698 0.411633
vt 0.820904 0.359503
vt 0.823249 0.359503
vt 0.842008 0.314904
vt 0.844353 0.314904
vt 0.844353 0.415268
vt 0.846698 0.415268
vt 0.820904 0.364105
vt 0.823249 0.364105
vt 0.842008 0.319396
vt 0.844353 0.319396
vt 0.844353 0.418779
vt 0.846698 0.418779
vt 0.820904 0.368678
vt 0.823249 0.368678
vt 0.842008 0.323933
vt 0.844353 0.323933
vt 0.844353 0.422160
vt 0.846698 0.422160
vt 0.820904 0.373215
vt 0.823249 0.373215
vt 0.842008 0.328506
vt 0.844353 0.328506
vt 0.842008 0.267206
vt 0.839663 0.267206
vt 0.839663 0.270587
vt 0.842008 0.270587
vt 0.820904 0.377707
vt 0.823249 0.377707
vt 0.842008 0.333108
vt 0.844353 0.333108
vt 0.839663 0.274098
vt 0.842008 0.274098
vt 0.820904 0.382147
vt 0.823249 0.382147
vt 0.842008 0.337730
vt 0.844353 0.337730
vt 0.839663 0.277733
vt 0.842008 0.277733
vt 0.820904 0.386527
vt 0.823249 0.386527
vt 0.842008 0.342364
vt 0.844353 0.342364
vt 0.839663 0.281485
vt 0.842008 0.281485
vt 0.820904 0.390840
vt 0.823249 0.390840
vt 0.842008 0.347002
vt 0.844353 0.347002
vt 0.839663 0.285348
vt 0.842008 0.285348
vt 0.820904 0.395077
vt 0.823249 0.395077
vt 0.839663 0.289315
vt 0.842008 0.289315
vt 0.820904 0.399231
vt 0.823249 0.399231
vt 0.839663 0.293380
vt 0.842008 0.293380
vt 0.820904 0.403296
vt 0.823249 0.403296
vt 0.839663 0.297534
vt 0.842008 0.297534
vt 0.820904 0.407263
vt 0.823249 0.407263
vt 0.839663 0.301771
vt 0.842008 0.301771
vt 0.820904 0.411126
vt 0.823249 0.411126
vt 0.842008 0.351636
vt 0.844353 0.351636
vt 0.839663 0.306084
vt 0.842008 0.306084
vt 0.820904 0.414878
vt 0.823249 0.414878
vt 0.842008 0.356258
vt 0.844353 0.356258
vt 0.839663 0.310464
vt 0.842008 0.310464
vt 0.820904 0.418513
vt 0.823249 0.418513
vt 0.842008 0.360859
vt 0.844353 0.360859
vt 0.839663 0.314904
vt 0.842008 0.314904
vt 0.820904 0.422024
vt 0.823249 0.422024
vt 0.842008 0.365433
vt 0.844353 0.365433
vt 0.839663 0.319397
vt 0.842008 0.319397
vt 0.820904 0.425405
vt 0.823249 0.425405
vt 0.842008 0.369969
vt 0.844353 0.369969
vt 0.839663 0.323933
vt 0.842008 0.323933
vt 0.820904 0.428651
vt 0.823249 0.428651
vt 0.842008 0.374462
vt 0.844353 0.374462
vt 0.839663 0.328506
vt 0.842008 0.328506
vt 0.846698 0.267206
vt 0.844353 0.267206
vt 0.844353 0.270587
vt 0.846698 0.270587
vt 0.842008 0.378902
vt 0.844353 0.378902
vt 0.839663 0.333108
vt 0.842008 0.333108
vt 0.844353 0.274098
vt 0.846698 0.274098
vt 0.842008 0.383282
vt 0.844353 0.383282
vt 0.839663 0.337730
vt 0.842008 0.337730
vt 0.844353 0.277733
vt 0.846698 0.277733
vt 0.842008 0.387595
vt 0.844353 0.387595
vt 0.839663 0.342364
vt 0.842008 0.342364
vt 0.844353 0.281485
vt 0.846698 0.281485
vt 0.842008 0.391832
vt 0.844353 0.391832
vt 0.839663 0.347002
vt 0.842008 0.347002
vt 0.844353 0.285348
vt 0.846698 0.285348
vt 0.842008 0.395986
vt 0.844353 0.395986
vt 0.839663 0.351636
vt 0.842008 0.351636
vt 0.844353 0.289315
vt 0.846698 0.289315
vt 0.842008 0.400050
vt 0.844353 0.400050
vt 0.839663 0.356258
vt 0.842008 0.356258
vt 0.844353 0.293380
vt 0.846698 0.293380
vt 0.842008 0.404018
vt 0.844353 0.404018
vt 0.839663 0.360859
vt 0.842008 0.360859
vt 0.846698 0.297534
vt 0.842008 0.407881
vt 0.844353 0.407881
vt 0.839663 0.365433
vt 0.842008 0.365433
vt 0.844353 0.301771
vt 0.846698 0.301771
vt 0.842008 0.411633
vt 0.844353 0.411633
vt 0.839663 0.369969
vt 0.842008 0.369969
vt 0.844353 0.306084
vt 0.846698 0.306084
vt 0.842008 0.415268
vt 0.839663 0.374462
vt 0.842008 0.374462
vt 0.846698 0.310464
vt 0.842008 0.418779
vt 0.844353 0.418779
vt 0.839663 0.378902
vt 0.842008 0.378902
vt 0.844353 0.314904
vt 0.846698 0.314904
vt 0.842008 0.422160
vt 0.844353 0.422160
vt 0.839663 0.383282
vt 0.842008 0.383282
vt 0.844353 0.319396
vt 0.846698 0.319396
vt 0.820904 0.267206
vt 0.820904 0.270451
vt 0.823249 0.270451
vt 0.839663 0.387594
vt 0.842008 0.387594
vt 0.846698 0.323933
vt 0.820904 0.273832
vt 0.823249 0.273832
vt 0.839663 0.391832
vt 0.842008 0.391832
vt 0.844353 0.328506
vt 0.846698 0.328506
vt 0.820904 0.277343
vt 0.823249 0.277343
vt 0.839663 0.395986
vt 0.846698 0.333108
vt 0.820904 0.280978
vt 0.823249 0.280978
vt 0.839663 0.400050
vt 0.844353 0.337730
vt 0.846698 0.337730
vt 0.820904 0.284730
vt 0.823249 0.284730
vt 0.839663 0.404018
vt 0.842008 0.404018
vt 0.844353 0.342364
vt 0.846698 0.342364
vt 0.820904 0.288593
vt 0.823249 0.288593
vt 0.839663 0.407881
vt 0.842008 0.407881
vt 0.844353 0.347002
vt 0.846698 0.347002
vt 0.820904 0.292561
vt 0.823249 0.292561
vt 0.839663 0.411633
vt 0.842008 0.411633
vt 0.844353 0.351636
vt 0.846698 0.351636
vt 0.820904 0.296625
vt 0.823249 0.296625
vt 0.839663 0.415268
vt 0.842008 0.415268
vt 0.846698 0.356258
vt 0.820904 0.300779
vt 0.823249 0.300779
vt 0.839663 0.418779
vt 0.842008 0.418779
vt 0.844353 0.360859
vt 0.846698 0.360859
vt 0.820904 0.305017
vt 0.823249 0.305017
vt 0.839663 0.422160
vt 0.846698 0.365433
vt 0.820904 0.309329
vt 0.823249 0.309329
vt 0.844353 0.267206
vt 0.842008 0.267206
vt 0.842008 0.270587
vt 0.844353 0.270587
vt 0.844353 0.369969
vt 0.846698 0.369969
vt 0.820904 0.313709
vt 0.823249 0.313709
vt 0.842008 0.274098
vt 0.844353 0.274098
vt 0.844353 0.374462
vt 0.846698 0.374462
vt 0.820904 0.318149
vt 0.823249 0.318149
vt 0.842008 0.277733
vt 0.846698 0.378902
vt 0.820904 0.322642
vt 0.823249 0.322642
vt 0.842008 0.281485
vt 0.844353 0.281485
vt 0.844353 0.383282
vt 0.846698 0.383282
vt 0.820904 0.327178
vt 0.823249 0.327178
vt 0.842008 0.285348
vt 0.844353 0.285348
vt 0.844353 0.387594
vt 0.846698 0.387594
vt 0.820904 0.331752
vt 0.823249 0.331752
vt 0.842008 0.289315
vt 0.844353 0.289315
vt 0.844353 0.391832
vt 0.846698 0.391832
vt 0.875603 0.965823
vt 0.875507 0.968107
vt 0.880144 0.968204
vt 0.880144 0.965918
vt 0.871069 0.965537
vt 0.870878 0.967816
vt 0.866552 0.965063
vt 0.866265 0.967331
vt 0.862058 0.964399
vt 0.861677 0.966654
vt 0.857596 0.963548
vt 0.857121 0.965785
vt 0.853174 0.962511
vt 0.852605 0.964726
vt 0.848799 0.961289
vt 0.848138 0.963478
vt 0.844479 0.959885
vt 0.843727 0.962045
vt 0.840222 0.958302
vt 0.839380 0.960428
vt 0.836034 0.956542
vt 0.835104 0.958631
vt 0.831924 0.954608
vt 0.830907 0.956656
vt 0.827899 0.952503
vt 0.826797 0.954507
vt 0.823965 0.950232
vt 0.822780 0.952188
vt 0.820130 0.947798
vt 0.818864 0.949703
vt 0.816400 0.945206
vt 0.815056 0.947056
vt 0.812782 0.942460
vt 0.811361 0.944252
vt 0.809282 0.939564
vt 0.807788 0.941295
vt 0.805906 0.936525
vt 0.804341 0.938192
vt 0.802661 0.933347
vt 0.801027 0.934947
vt 0.799551 0.930035
vt 0.797852 0.931566
vt 0.796583 0.926597
vt 0.794821 0.928055
vt 0.793762 0.923037
vt 0.791940 0.924420
vt 0.791092 0.919362
vt 0.789214 0.920667
vt 0.788578 0.915579
vt 0.786647 0.916804
vt 0.786225 0.911694
vt 0.784245 0.912837
vt 0.784037 0.907713
vt 0.782010 0.908773
vt 0.782017 0.903644
vt 0.779948 0.904618
vt 0.780170 0.899495
vt 0.778062 0.900381
vt 0.778498 0.895271
vt 0.776354 0.896069
vt 0.777004 0.890982
vt 0.774829 0.891688
vt 0.775691 0.886633
vt 0.773488 0.887248
vt 0.774561 0.882234
vt 0.772335 0.882756
vt 0.773617 0.877791
vt 0.771370 0.878219
vt 0.772859 0.873312
vt 0.770597 0.873646
vt 0.772290 0.868805
vt 0.770016 0.869044
vt 0.771910 0.864279
vt 0.769628 0.864423
vt 0.771720 0.859741
vt 0.769433 0.859789
vt 0.771720 0.855198
vt 0.769433 0.855150
vt 0.771910 0.850660
vt 0.769628 0.850516
vt 0.772290 0.846133
vt 0.770016 0.845894
vt 0.772859 0.841627
vt 0.770597 0.841293
vt 0.773617 0.837148
vt 0.771370 0.836720
vt 0.774561 0.832705
vt 0.772335 0.832183
vt 0.775691 0.828306
vt 0.773488 0.827691
vt 0.777004 0.823957
vt 0.774829 0.823250
vt 0.778498 0.819667
vt 0.776354 0.818870
vt 0.780170 0.815444
vt 0.778062 0.814558
vt 0.782017 0.811294
vt 0.779948 0.810321
vt 0.784037 0.807226
vt 0.782010 0.806166
vt 0.786225 0.803245
vt 0.784245 0.802102
vt 0.788578 0.799360
vt 0.786647 0.798135
vt 0.791092 0.795577
vt 0.789214 0.794271
vt 0.793762 0.791902
vt 0.791940 0.790519
vt 0.796583 0.788342
vt 0.794821 0.786884
vt 0.799551 0.784903
vt 0.797852 0.783373
vt 0.802661 0.781592
vt 0.801027 0.779992
vt 0.805906 0.778414
vt 0.804341 0.776747
vt 0.809282 0.775375
vt 0.807788 0.773644
vt 0.812782 0.772479
vt 0.811361 0.770687
vt 0.816400 0.769733
vt 0.815056 0.767883
vt 0.820130 0.767141
vt 0.818864 0.765236
vt 0.823965 0.764707
vt 0.822780 0.762751
vt 0.827899 0.762435
vt 0.826797 0.760432
vt 0.831924 0.760331
vt 0.830907 0.758283
vt 0.836034 0.758397
vt 0.835104 0.756308
vt 0.840222 0.756637
vt 0.839380 0.754511
vt 0.844479 0.755053
vt 0.843727 0.752894
vt 0.848799 0.753650
vt 0.848138 0.751461
vt 0.853174 0.752428
vt 0.852605 0.750213
vt 0.857596 0.751391
vt 0.857121 0.749154
vt 0.862058 0.750540
vt 0.861677 0.748285
vt 0.866552 0.749876
vt 0.866265 0.747608
vt 0.871069 0.749401
vt 0.870878 0.747123
vt 0.875603 0.749116
vt 0.875507 0.746831
vt 0.880144 0.749021
vt 0.880144 0.746734
vt 0.884686 0.749116
vt 0.884781 0.746831
vt 0.889219 0.749401
vt 0.889410 0.747123
vt 0.893736 0.749876
vt 0.894023 0.747608
vt 0.898230 0.750540
vt 0.898611 0.748285
vt 0.902692 0.751391
vt 0.903167 0.749154
vt 0.907114 0.752428
vt 0.907683 0.750213
vt 0.911489 0.753650
vt 0.912150 0.751461
vt 0.915809 0.755053
vt 0.916561 0.752894
vt 0.920067 0.756637
vt 0.920908 0.754511
vt 0.924254 0.758397
vt 0.925184 0.756308
vt 0.928364 0.760331
vt 0.929381 0.758283
vt 0.932389 0.762435
vt 0.933491 0.760432
vt 0.936323 0.764707
vt 0.937508 0.762751
vt 0.940158 0.767141
vt 0.941424 0.765236
vt 0.943888 0.769733
vt 0.945233 0.767883
vt 0.947507 0.772479
vt 0.948927 0.770687
vt 0.951007 0.775375
vt 0.952501 0.773644
vt 0.954382 0.778414
vt 0.955947 0.776747
vt 0.957627 0.781592
vt 0.959261 0.779992
vt 0.960737 0.784903
vt 0.962436 0.783373
vt 0.963705 0.788342
vt 0.965467 0.786884
vt 0.966526 0.791902
vt 0.968348 0.790519
vt 0.969196 0.795577
vt 0.971074 0.794271
vt 0.971710 0.799360
vt 0.973641 0.798135
vt 0.974063 0.803245
vt 0.976044 0.802102
vt 0.976251 0.807226
vt 0.978278 0.806166
vt 0.978271 0.811294
vt 0.980340 0.810321
vt 0.980119 0.815444
vt 0.982227 0.814558
vt 0.981791 0.819667
vt 0.983934 0.818870
vt 0.983285 0.823957
vt 0.985459 0.823250
vt 0.984597 0.828306
vt 0.986800 0.827691
vt 0.985727 0.832705
vt 0.987953 0.832183
vt 0.986672 0.837148
vt 0.988918 0.836720
vt 0.987429 0.841627
vt 0.989691 0.841293
vt 0.987998 0.846133
vt 0.990273 0.845894
vt 0.988378 0.850660
vt 0.990661 0.850516
vt 0.988569 0.855198
vt 0.990855 0.855150
vt 0.988569 0.859741
vt 0.990855 0.859789
vt 0.988378 0.864279
vt 0.990661 0.864423
vt 0.987998 0.868805
vt 0.990273 0.869044
vt 0.987429 0.873312
vt 0.989691 0.873646
vt 0.986672 0.877791
vt 0.988918 0.878219
vt 0.985727 0.882234
vt 0.987953 0.882756
vt 0.984597 0.886633
vt 0.986800 0.887248
vt 0.983285 0.890982
vt 0.985459 0.891688
vt 0.981791 0.895271
vt 0.983934 0.896069
vt 0.980119 0.899495
vt 0.982227 0.900381
vt 0.978271 0.903644
vt 0.980340 0.904618
vt 0.976251 0.907713
vt 0.978278 0.908773
vt 0.974063 0.911694
vt 0.976044 0.912837
vt 0.971710 0.915579
vt 0.973641 0.916804
vt 0.969196 0.919362
vt 0.971074 0.920667
vt 0.966526 0.923037
vt 0.968348 0.924420
vt 0.963705 0.926597
vt 0.965467 0.928055
vt 0.960737 0.930035
vt 0.962436 0.931566
vt 0.957627 0.933347
vt 0.959261 0.934947
vt 0.954382 0.936525
vt 0.955947 0.938192
vt 0.951007 0.939564
vt 0.952501 0.941295
vt 0.947507 0.942460
vt 0.948927 0.944252
vt 0.943888 0.945206
vt 0.945233 0.947056
vt 0.940158 0.947798
vt 0.941424 0.949703
vt 0.936323 0.950232
vt 0.937508 0.952188
vt 0.932389 0.952503
vt 0.933491 0.954507
vt 0.928364 0.954608
vt 0.929381 0.956656
vt 0.924254 0.956542
vt 0.925184 0.958631
vt 0.920067 0.958302
vt 0.920908 0.960428
vt 0.915809 0.959885
vt 0.916561 0.962045
vt 0.911489 0.961289
vt 0.912150 0.963478
vt 0.907114 0.962511
vt 0.907683 0.964726
vt 0.902692 0.963548
vt 0.903167 0.965785
vt 0.898230 0.964399
vt 0.898611 0.966654
vt 0.893736 0.965063
vt 0.894023 0.967331
vt 0.889219 0.965537
vt 0.889410 0.967816
vt 0.884686 0.965823
vt 0.884781 0.968107
vt 0.860768 0.409153
vt 0.858423 0.409153
vt 0.858423 0.412519
vt 0.860768 0.412519
vt 0.851388 0.331747
vt 0.849043 0.331747
vt 0.849043 0.336273
vt 0.851388 0.336273
vt 0.856078 0.292839
vt 0.853733 0.292839
vt 0.853733 0.296908
vt 0.856078 0.296908
vt 0.851388 0.404976
vt 0.853733 0.404976
vt 0.849043 0.340812
vt 0.851388 0.340812
vt 0.853733 0.301058
vt 0.856078 0.301058
vt 0.851388 0.408651
vt 0.853733 0.408651
vt 0.849043 0.345354
vt 0.851388 0.345354
vt 0.853733 0.305281
vt 0.856078 0.305281
vt 0.851388 0.412211
vt 0.853733 0.412211
vt 0.849043 0.349893
vt 0.851388 0.349893
vt 0.853733 0.309571
vt 0.856078 0.309571
vt 0.851388 0.415649
vt 0.853733 0.415649
vt 0.849043 0.354419
vt 0.851388 0.354419
vt 0.853733 0.313919
vt 0.856078 0.313919
vt 0.851388 0.418960
vt 0.853733 0.418960
vt 0.849043 0.358925
vt 0.851388 0.358925
vt 0.853733 0.318319
vt 0.856078 0.318319
vt 0.837319 0.270384
vt 0.839663 0.270384
vt 0.849043 0.363404
vt 0.851388 0.363404
vt 0.853733 0.322762
vt 0.856078 0.322762
vt 0.837319 0.273695
vt 0.839663 0.273695
vt 0.849043 0.367847
vt 0.851388 0.367847
vt 0.853733 0.327241
vt 0.856078 0.327241
vt 0.837319 0.277134
vt 0.839663 0.277134
vt 0.849043 0.372247
vt 0.851388 0.372247
vt 0.853733 0.331747
vt 0.856078 0.331747
vt 0.837319 0.280693
vt 0.839663 0.280693
vt 0.849043 0.376595
vt 0.851388 0.376595
vt 0.853733 0.336273
vt 0.856078 0.336273
vt 0.837319 0.284368
vt 0.839663 0.284368
vt 0.849043 0.380885
vt 0.851388 0.380885
vt 0.853733 0.340812
vt 0.856078 0.340812
vt 0.837319 0.288152
vt 0.839663 0.288152
vt 0.849043 0.385108
vt 0.851388 0.385108
vt 0.853733 0.345354
vt 0.856078 0.345354
vt 0.837319 0.292037
vt 0.839663 0.292037
vt 0.849043 0.389258
vt 0.851388 0.389258
vt 0.853733 0.349892
vt 0.856078 0.349892
vt 0.837319 0.296017
vt 0.839663 0.296017
vt 0.849043 0.393327
vt 0.851388 0.393327
vt 0.853733 0.354419
vt 0.856078 0.354419
vt 0.837319 0.300086
vt 0.839663 0.300086
vt 0.849043 0.397307
vt 0.851388 0.397307
vt 0.853733 0.358925
vt 0.856078 0.358925
vt 0.837319 0.304236
vt 0.839663 0.304236
vt 0.849043 0.401192
vt 0.851388 0.401192
vt 0.853733 0.363404
vt 0.856078 0.363404
vt 0.837319 0.308459
vt 0.839663 0.308459
vt 0.849043 0.404976
vt 0.851388 0.404976
vt 0.853733 0.367847
vt 0.856078 0.367847
vt 0.837319 0.312749
vt 0.839663 0.312749
vt 0.849043 0.408651
vt 0.851388 0.408651
vt 0.853733 0.372247
vt 0.856078 0.372247
vt 0.837319 0.317097
vt 0.839663 0.317097
vt 0.849043 0.412211
vt 0.853733 0.376595
vt 0.856078 0.376595
vt 0.837319 0.321497
vt 0.839663 0.321497
vt 0.849043 0.415649
vt 0.851388 0.415649
vt 0.853733 0.380885
vt 0.856078 0.380885
vt 0.837319 0.325940
vt 0.839663 0.325940
vt 0.849043 0.418960
vt 0.851388 0.418960
vt 0.853733 0.385108
vt 0.856078 0.385108
vt 0.837319 0.330419
vt 0.839663 0.330419
vt 0.853733 0.267206
vt 0.851388 0.267206
vt 0.851388 0.270517
vt 0.853733 0.270517
vt 0.853733 0.389258
vt 0.856078 0.389258
vt 0.837319 0.334925
vt 0.839663 0.334925
vt 0.851388 0.273955
vt 0.853733 0.273955
vt 0.853733 0.393327
vt 0.856078 0.393327
vt 0.837319 0.339452
vt 0.839663 0.339452
vt 0.851388 0.277515
vt 0.853733 0.277515
vt 0.853733 0.397307
vt 0.856078 0.397307
vt 0.837319 0.343990
vt 0.839663 0.343990
vt 0.851388 0.281190
vt 0.853733 0.281190
vt 0.853733 0.401192
vt 0.856078 0.401192
vt 0.837319 0.348532
vt 0.839663 0.348532
vt 0.851388 0.284973
vt 0.853733 0.284973
vt 0.853733 0.404976
vt 0.856078 0.404976
vt 0.837319 0.353071
vt 0.839663 0.353071
vt 0.851388 0.288859
vt 0.853733 0.288859
vt 0.856078 0.408651
vt 0.837319 0.357597
vt 0.839663 0.357597
vt 0.851388 0.292839
vt 0.853733 0.292839
vt 0.853733 0.412211
vt 0.856078 0.412211
vt 0.837319 0.362104
vt 0.839663 0.362104
vt 0.851388 0.296908
vt 0.853733 0.296908
vt 0.853733 0.415649
vt 0.856078 0.415649
vt 0.837319 0.366582
vt 0.839663 0.366582
vt 0.851388 0.301058
vt 0.853733 0.301058
vt 0.853733 0.418960
vt 0.856078 0.418960
vt 0.837319 0.371025
vt 0.839663 0.371025
vt 0.851388 0.305281
vt 0.853733 0.305281
vt 0.849043 0.267206
vt 0.849043 0.270517
vt 0.851388 0.270517
vt 0.837319 0.375425
vt 0.839663 0.375425
vt 0.851388 0.309571
vt 0.849043 0.273955
vt 0.851388 0.273955
vt 0.837319 0.379773
vt 0.839663 0.379773
vt 0.851388 0.313919
vt 0.853733 0.313919
vt 0.849043 0.277515
vt 0.837319 0.384063
vt 0.839663 0.384063
vt 0.851388 0.318319
vt 0.853733 0.318319
vt 0.849043 0.281190
vt 0.837319 0.388287
vt 0.839663 0.388287
vt 0.851388 0.322762
vt 0.849043 0.284974
vt 0.851388 0.284974
vt 0.837319 0.392436
vt 0.839663 0.392436
vt 0.851388 0.327240
vt 0.853733 0.327240
vt 0.849043 0.288859
vt 0.837319 0.396505
vt 0.839663 0.396505
vt 0.851388 0.331747
vt 0.849043 0.292839
vt 0.837319 0.400485
vt 0.839663 0.400485
vt 0.851388 0.336273
vt 0.853733 0.336273
vt 0.849043 0.296908
vt 0.851388 0.296908
vt 0.837319 0.404371
vt 0.839663 0.404371
vt 0.851388 0.340812
vt 0.853733 0.340812
vt 0.837319 0.408154
vt 0.839663 0.408154
vt 0.851388 0.345354
vt 0.853733 0.345354
vt 0.851388 0.349893
vt 0.853733 0.349893
vt 0.837319 0.411829
vt 0.839663 0.411829
vt 0.851388 0.354419
vt 0.837319 0.415389
vt 0.839663 0.415389
vt 0.851388 0.358925
vt 0.853733 0.358925
vt 0.837319 0.418827
vt 0.839663 0.418827
vt 0.851388 0.363404
vt 0.853733 0.363404
vt 0.837319 0.422138
vt 0.839663 0.422138
vt 0.851388 0.367847
vt 0.853733 0.367847
vt 0.849043 0.301058
vt 0.851388 0.301058
vt 0.837319 0.425317
vt 0.839663 0.425317
vt 0.851388 0.372247
vt 0.853733 0.372247
vt 0.849043 0.305281
vt 0.851388 0.305281
vt 0.856078 0.267206
vt 0.853733 0.267206
vt 0.853733 0.270517
vt 0.856078 0.270517
vt 0.851388 0.376595
vt 0.849043 0.309571
vt 0.851388 0.309571
vt 0.853733 0.273955
vt 0.856078 0.273955
vt 0.851388 0.380885
vt 0.853733 0.380885
vt 0.849043 0.313919
vt 0.851388 0.313919
vt 0.853733 0.277515
vt 0.856078 0.277515
vt 0.851388 0.385108
vt 0.853733 0.385108
vt 0.849043 0.318319
vt 0.851388 0.318319
vt 0.853733 0.281190
vt 0.856078 0.281190
vt 0.851388 0.389258
vt 0.849043 0.322762
vt 0.851388 0.322762
vt 0.853733 0.284974
vt 0.856078 0.284974
vt 0.851388 0.393327
vt 0.849043 0.327240
vt 0.851388 0.327240
vt 0.853733 0.288859
vt 0.856078 0.288859
vt 0.103979 0.984119
vt 0.103883 0.986404
vt 0.108424 0.986499
vt 0.108424 0.984212
vt 0.099541 0.983840
vt 0.099350 0.986118
vt 0.095119 0.983375
vt 0.094832 0.985643
vt 0.090720 0.982725
vt 0.090339 0.984980
vt 0.086352 0.981892
vt 0.085877 0.984129
vt 0.082023 0.980877
vt 0.081454 0.983092
vt 0.077740 0.979681
vt 0.077080 0.981870
vt 0.073512 0.978307
vt 0.072759 0.980466
vt 0.069344 0.976757
vt 0.068502 0.978883
vt 0.065245 0.975034
vt 0.064315 0.977123
vt 0.061221 0.973140
vt 0.060205 0.975189
vt 0.057281 0.971080
vt 0.056179 0.973084
vt 0.053430 0.968857
vt 0.052245 0.970813
vt 0.049676 0.966475
vt 0.048410 0.968379
vt 0.046024 0.963937
vt 0.044680 0.965787
vt 0.042482 0.961248
vt 0.041062 0.963041
vt 0.039056 0.958414
vt 0.037562 0.960145
vt 0.035752 0.955439
vt 0.034187 0.957106
vt 0.032575 0.952328
vt 0.030941 0.953928
vt 0.029531 0.949086
vt 0.027832 0.950616
vt 0.026626 0.945720
vt 0.024864 0.947178
vt 0.023864 0.942236
vt 0.022042 0.943618
vt 0.021250 0.938638
vt 0.019372 0.939943
vt 0.018789 0.934934
vt 0.016859 0.936160
vt 0.016486 0.931131
vt 0.014505 0.932274
vt 0.014344 0.927235
vt 0.012317 0.928294
vt 0.012367 0.923252
vt 0.010298 0.924225
vt 0.010558 0.919190
vt 0.008450 0.920076
vt 0.008921 0.915055
vt 0.006778 0.915852
vt 0.007459 0.910856
vt 0.005284 0.911563
vt 0.006174 0.906599
vt 0.003971 0.907214
vt 0.005068 0.902292
vt 0.002842 0.902815
vt 0.004143 0.897943
vt 0.001897 0.898371
vt 0.003402 0.893559
vt 0.001140 0.893893
vt 0.002845 0.889147
vt 0.000570 0.889386
vt 0.002472 0.884716
vt 0.000190 0.884860
vt 0.002286 0.880274
vt 0.000000 0.880322
vt 0.002286 0.875827
vt 0.000000 0.875779
vt 0.002472 0.871384
vt 0.000190 0.871241
vt 0.002845 0.866953
vt 0.000570 0.866714
vt 0.003402 0.862542
vt 0.001140 0.862208
vt 0.004143 0.858158
vt 0.001897 0.857729
vt 0.005068 0.853808
vt 0.002842 0.853286
vt 0.006174 0.849501
vt 0.003971 0.848886
vt 0.007459 0.845245
vt 0.005284 0.844538
vt 0.008921 0.841045
vt 0.006778 0.840248
vt 0.010558 0.836911
vt 0.008450 0.836025
vt 0.012367 0.832849
vt 0.010298 0.831875
vt 0.014344 0.828866
vt 0.012317 0.827807
vt 0.016486 0.824970
vt 0.014505 0.823826
vt 0.018789 0.821166
vt 0.016859 0.819941
vt 0.021250 0.817463
vt 0.019372 0.816157
vt 0.023864 0.813865
vt 0.022042 0.812483
vt 0.026626 0.810380
vt 0.024864 0.808923
vt 0.029531 0.807014
vt 0.027832 0.805484
vt 0.032575 0.803773
vt 0.030941 0.802173
vt 0.035752 0.800662
vt 0.034187 0.798995
vt 0.039056 0.797687
vt 0.037562 0.795956
vt 0.042482 0.794852
vt 0.041062 0.793060
vt 0.046024 0.792164
vt 0.044680 0.790314
vt 0.049676 0.789626
vt 0.048410 0.787721
vt 0.053430 0.787244
vt 0.052245 0.785287
vt 0.057281 0.785020
vt 0.056179 0.783016
vt 0.061221 0.782960
vt 0.060205 0.780912
vt 0.065245 0.781067
vt 0.064315 0.778978
vt 0.069344 0.779344
vt 0.068502 0.777218
vt 0.073512 0.777794
vt 0.072759 0.775634
vt 0.077740 0.776420
vt 0.077080 0.774231
vt 0.082023 0.775224
vt 0.081454 0.773009
vt 0.086352 0.774209
vt 0.085877 0.771972
vt 0.090720 0.773376
vt 0.090339 0.771121
vt 0.095119 0.772726
vt 0.094832 0.770457
vt 0.099541 0.772261
vt 0.099350 0.769982
vt 0.103979 0.771982
vt 0.103883 0.769697
vt 0.108424 0.771889
vt 0.108424 0.769602
vt 0.112870 0.771982
vt 0.112966 0.769697
vt 0.117308 0.772261
vt 0.117499 0.769982
vt 0.121730 0.772726
vt 0.122017 0.770457
vt 0.126129 0.773376
vt 0.126510 0.771121
vt 0.130497 0.774209
vt 0.130972 0.771972
vt 0.134826 0.775224
vt 0.135394 0.773009
vt 0.139108 0.776420
vt 0.139769 0.774231
vt 0.143337 0.777794
vt 0.144089 0.775634
vt 0.147505 0.779344
vt 0.148347 0.777218
vt 0.151604 0.781067
vt 0.152534 0.778978
vt 0.155628 0.782960
vt 0.156644 0.780912
vt 0.159568 0.785020
vt 0.160670 0.783016
vt 0.163419 0.787244
vt 0.164604 0.785287
vt 0.167173 0.789626
vt 0.168439 0.787721
vt 0.170825 0.792164
vt 0.172169 0.790314
vt 0.174366 0.794852
vt 0.175787 0.793060
vt 0.177793 0.797687
vt 0.179287 0.795956
vt 0.181097 0.800662
vt 0.182662 0.798995
vt 0.184274 0.803773
vt 0.185908 0.802173
vt 0.187318 0.807014
vt 0.189017 0.805484
vt 0.190223 0.810380
vt 0.191985 0.808923
vt 0.192985 0.813865
vt 0.194807 0.812483
vt 0.195599 0.817463
vt 0.197477 0.816157
vt 0.198060 0.821166
vt 0.199990 0.819941
vt 0.200363 0.824970
vt 0.202343 0.823826
vt 0.202505 0.828866
vt 0.204532 0.827807
vt 0.204482 0.832849
vt 0.206551 0.831875
vt 0.206291 0.836911
vt 0.208399 0.836025
vt 0.207928 0.841045
vt 0.210071 0.840248
vt 0.209390 0.845245
vt 0.211565 0.844538
vt 0.210675 0.849501
vt 0.212878 0.848886
vt 0.211781 0.853808
vt 0.214007 0.853286
vt 0.212706 0.858158
vt 0.214952 0.857729
vt 0.213447 0.862542
vt 0.215709 0.862208
vt 0.214004 0.866953
vt 0.216279 0.866714
vt 0.214376 0.871384
vt 0.216659 0.871241
vt 0.214563 0.875827
vt 0.216849 0.875779
vt 0.214563 0.880274
vt 0.216849 0.880322
vt 0.214376 0.884716
vt 0.216659 0.884860
vt 0.214004 0.889147
vt 0.216279 0.889386
vt 0.213447 0.893559
vt 0.215709 0.893893
vt 0.212706 0.897943
vt 0.214952 0.898371
vt 0.211781 0.902292
vt 0.214007 0.902815
vt 0.210675 0.906599
vt 0.212878 0.907214
vt 0.209390 0.910856
vt 0.211565 0.911563
vt 0.207928 0.915055
vt 0.210071 0.915852
vt 0.206291 0.919190
vt 0.208399 0.920076
vt 0.204482 0.923252
vt 0.206551 0.924225
vt 0.202505 0.927235
vt 0.204532 0.928294
vt 0.200363 0.931131
vt 0.202343 0.932274
vt 0.198060 0.934934
vt 0.199990 0.936160
vt 0.195599 0.938638
vt 0.197477 0.939943
vt 0.192985 0.942236
vt 0.194807 0.943618
vt 0.190223 0.945720
vt 0.191985 0.947178
vt 0.187318 0.949086
vt 0.189017 0.950616
vt 0.184274 0.952328
vt 0.185908 0.953928
vt 0.181097 0.955439
vt 0.182662 0.957106
vt 0.177793 0.958414
vt 0.179287 0.960145
vt 0.174366 0.961248
vt 0.175787 0.963041
vt 0.170825 0.963937
vt 0.172169 0.965787
vt 0.167173 0.966475
vt 0.168439 0.968379
vt 0.163419 0.968857
vt 0.164604 0.970813
vt 0.159568 0.971080
vt 0.160670 0.973084
vt 0.155628 0.973140
vt 0.156644 0.975189
vt 0.151604 0.975034
vt 0.152534 0.977123
vt 0.147505 0.976757
vt 0.148347 0.978883
vt 0.143337 0.978307
vt 0.144089 0.980466
vt 0.139108 0.979681
vt 0.139769 0.981870
vt 0.134826 0.980877
vt 0.135394 0.983092
vt 0.130497 0.981892
vt 0.130972 0.984129
vt 0.126129 0.982725
vt 0.126510 0.984980
vt 0.121730 0.983375
vt 0.122017 0.985643
vt 0.117308 0.983840
vt 0.117499 0.986118
vt 0.112870 0.984119
vt 0.112966 0.986404
vt 0.322987 0.981925
vt 0.327433 0.981832
vt 0.331870 0.981553
vt 0.336293 0.981088
vt 0.340692 0.980438
vt 0.345059 0.979605
vt 0.349388 0.978590
vt 0.353671 0.977394
vt 0.357900 0.976020
vt 0.362068 0.974470
vt 0.366167 0.972747
vt 0.370190 0.970854
vt 0.374131 0.968794
vt 0.377982 0.966570
vt 0.381736 0.964188
vt 0.385387 0.961650
vt 0.388929 0.958962
vt 0.392355 0.956127
vt 0.395660 0.953152
vt 0.398837 0.950041
vt 0.401881 0.946799
vt 0.404786 0.943433
vt 0.407548 0.939949
vt 0.410162 0.936351
vt 0.412622 0.932648
vt 0.414926 0.928844
vt 0.417068 0.924948
vt 0.419045 0.920965
vt 0.420854 0.916903
vt 0.422490 0.912769
vt 0.423953 0.908569
vt 0.425238 0.904313
vt 0.426344 0.900006
vt 0.427268 0.895656
vt 0.428010 0.891272
vt 0.428567 0.886861
vt 0.428939 0.882430
vt 0.429125 0.877987
vt 0.429125 0.873540
vt 0.428939 0.869098
vt 0.428567 0.864667
vt 0.428010 0.860255
vt 0.427268 0.855871
vt 0.426344 0.851522
vt 0.425238 0.847215
vt 0.423953 0.842958
vt 0.422490 0.838759
vt 0.420854 0.834624
vt 0.419045 0.830562
vt 0.417068 0.826579
vt 0.414926 0.822683
vt 0.412622 0.818879
vt 0.410162 0.815176
vt 0.407548 0.811578
vt 0.404786 0.808094
vt 0.401881 0.804728
vt 0.398837 0.801486
vt 0.395660 0.798375
vt 0.392355 0.795400
vt 0.388929 0.792566
vt 0.385387 0.789877
vt 0.381736 0.787339
vt 0.377982 0.784957
vt 0.374131 0.782734
vt 0.370190 0.780674
vt 0.366167 0.778780
vt 0.362068 0.777057
vt 0.357900 0.775507
vt 0.353671 0.774133
vt 0.349388 0.772937
vt 0.345059 0.771922
vt 0.340692 0.771089
vt 0.336293 0.770439
vt 0.331870 0.769974
vt 0.327433 0.769695
vt 0.322987 0.769602
vt 0.318541 0.769695
vt 0.314104 0.769974
vt 0.309682 0.770439
vt 0.305283 0.771089
vt 0.300915 0.771922
vt 0.296586 0.772937
vt 0.292303 0.774133
vt 0.288074 0.775507
vt 0.283906 0.777057
vt 0.279807 0.778780
vt 0.275784 0.780674
vt 0.271843 0.782734
vt 0.267993 0.784957
vt 0.264238 0.787339
vt 0.260587 0.789877
vt 0.257045 0.792566
vt 0.253619 0.795400
vt 0.250315 0.798375
vt 0.247138 0.801486
vt 0.244094 0.804728
vt 0.241188 0.808094
vt 0.238426 0.811578
vt 0.235813 0.815176
vt 0.233352 0.818879
vt 0.231049 0.822683
vt 0.228906 0.826579
vt 0.226929 0.830562
vt 0.225121 0.834624
vt 0.223484 0.838759
vt 0.222022 0.842958
vt 0.220736 0.847215
vt 0.219631 0.851522
vt 0.218706 0.855871
vt 0.217964 0.860255
vt 0.217407 0.864667
vt 0.217035 0.869098
vt 0.216849 0.873540
vt 0.216849 0.877987
vt 0.217035 0.882430
vt 0.217407 0.886861
vt 0.217964 0.891272
vt 0.218706 0.895656
vt 0.219631 0.900006
vt 0.220736 0.904313
vt 0.222022 0.908569
vt 0.223484 0.912769
vt 0.225121 0.916903
vt 0.226929 0.920965
vt 0.228906 0.924948
vt 0.231049 0.928844
vt 0.233352 0.932648
vt 0.235813 0.936351
vt 0.238426 0.939949
vt 0.241188 0.943433
vt 0.244094 0.946799
vt 0.247138 0.950041
vt 0.250315 0.953152
vt 0.253619 0.956127
vt 0.257045 0.958962
vt 0.260587 0.961650
vt 0.264238 0.964188
vt 0.267993 0.966570
vt 0.271843 0.968794
vt 0.275784 0.970854
vt 0.279807 0.972747
vt 0.283906 0.974470
vt 0.288074 0.976020
vt 0.292303 0.977394
vt 0.296586 0.978590
vt 0.300915 0.979605
vt 0.305283 0.980438
vt 0.309682 0.981088
vt 0.314104 0.981553
vt 0.318541 0.981832
vt 0.849043 0.360103
vt 0.846698 0.360103
vt 0.846698 0.364487
vt 0.849043 0.364487
vt 0.518583 0.762253
vt 0.516239 0.762253
vt 0.516239 0.766603
vt 0.518583 0.766603
vt 0.858423 0.415760
vt 0.860768 0.415760
vt 0.846698 0.368836
vt 0.849043 0.368836
vt 0.516239 0.770987
vt 0.518583 0.770987
vt 0.858423 0.267206
vt 0.856078 0.267206
vt 0.856078 0.270447
vt 0.858423 0.270447
vt 0.846698 0.373143
vt 0.849043 0.373143
vt 0.516239 0.775399
vt 0.518583 0.775399
vt 0.856078 0.273813
vt 0.858423 0.273813
vt 0.846698 0.377400
vt 0.849043 0.377400
vt 0.516239 0.779830
vt 0.518583 0.779830
vt 0.856078 0.277298
vt 0.858423 0.277298
vt 0.846698 0.381599
vt 0.849043 0.381599
vt 0.516239 0.784272
vt 0.518583 0.784272
vt 0.856078 0.280895
vt 0.858423 0.280895
vt 0.846698 0.385733
vt 0.849043 0.385733
vt 0.516239 0.788719
vt 0.518583 0.788719
vt 0.856078 0.284599
vt 0.858423 0.284599
vt 0.846698 0.389796
vt 0.849043 0.389796
vt 0.856078 0.288402
vt 0.858423 0.288402
vt 0.846698 0.393778
vt 0.849043 0.393778
vt 0.856078 0.292299
vt 0.858423 0.292299
vt 0.846698 0.397675
vt 0.849043 0.397675
vt 0.856078 0.296282
vt 0.858423 0.296282
vt 0.846698 0.401478
vt 0.849043 0.401478
vt 0.856078 0.300344
vt 0.858423 0.300344
vt 0.846698 0.405182
vt 0.849043 0.405182
vt 0.516239 0.793162
vt 0.518583 0.793162
vt 0.856078 0.304478
vt 0.858423 0.304478
vt 0.846698 0.408779
vt 0.849043 0.408779
vt 0.516239 0.797592
vt 0.518583 0.797592
vt 0.856078 0.308677
vt 0.858423 0.308677
vt 0.846698 0.412264
vt 0.849043 0.412264
vt 0.516239 0.802004
vt 0.518583 0.802004
vt 0.856078 0.312934
vt 0.858423 0.312934
vt 0.846698 0.415630
vt 0.849043 0.415630
vt 0.516239 0.806388
vt 0.518583 0.806388
vt 0.856078 0.317241
vt 0.858423 0.317241
vt 0.846698 0.418871
vt 0.849043 0.418871
vt 0.516239 0.810738
vt 0.518583 0.810738
vt 0.856078 0.321590
vt 0.858423 0.321590
vt 0.846698 0.421983
vt 0.849043 0.421983
vt 0.516239 0.815045
vt 0.518583 0.815045
vt 0.856078 0.325975
vt 0.858423 0.325975
vt 0.860768 0.267206
vt 0.858423 0.267206
vt 0.858423 0.270447
vt 0.860768 0.270447
vt 0.516239 0.819301
vt 0.518583 0.819301
vt 0.856078 0.330386
vt 0.858423 0.330386
vt 0.858423 0.273813
vt 0.860768 0.273813
vt 0.516239 0.823500
vt 0.518583 0.823500
vt 0.856078 0.334817
vt 0.858423 0.334817
vt 0.858423 0.277298
vt 0.860768 0.277298
vt 0.516239 0.827635
vt 0.518583 0.827635
vt 0.856078 0.339260
vt 0.858423 0.339260
vt 0.860768 0.280895
vt 0.516239 0.831697
vt 0.518583 0.831697
vt 0.856078 0.343706
vt 0.858423 0.343706
vt 0.858423 0.284599
vt 0.860768 0.284599
vt 0.516239 0.835680
vt 0.518583 0.835680
vt 0.856078 0.348149
vt 0.858423 0.348149
vt 0.858423 0.288402
vt 0.860768 0.288402
vt 0.516239 0.839576
vt 0.518583 0.839576
vt 0.856078 0.352580
vt 0.858423 0.352580
vt 0.860768 0.292299
vt 0.516239 0.843380
vt 0.518583 0.843380
vt 0.856078 0.356991
vt 0.858423 0.356991
vt 0.858423 0.296282
vt 0.860768 0.296282
vt 0.516239 0.847083
vt 0.518583 0.847083
vt 0.856078 0.361376
vt 0.858423 0.361376
vt 0.858423 0.300344
vt 0.860768 0.300344
vt 0.516239 0.850681
vt 0.518583 0.850681
vt 0.856078 0.365725
vt 0.858423 0.365725
vt 0.858423 0.304478
vt 0.860768 0.304478
vt 0.516239 0.854165
vt 0.518583 0.854165
vt 0.856078 0.370032
vt 0.858423 0.370032
vt 0.858423 0.308677
vt 0.860768 0.308677
vt 0.516239 0.857532
vt 0.518583 0.857532
vt 0.856078 0.374289
vt 0.858423 0.374289
vt 0.858423 0.312934
vt 0.860768 0.312934
vt 0.516239 0.860773
vt 0.518583 0.860773
vt 0.856078 0.378488
vt 0.858423 0.378488
vt 0.858423 0.317241
vt 0.860768 0.317241
vt 0.846698 0.267206
vt 0.846698 0.270317
vt 0.849043 0.270317
vt 0.856078 0.382622
vt 0.858423 0.382622
vt 0.858423 0.321590
vt 0.860768 0.321590
vt 0.846698 0.273558
vt 0.849043 0.273558
vt 0.856078 0.386684
vt 0.858423 0.386684
vt 0.858423 0.325975
vt 0.860768 0.325975
vt 0.846698 0.276924
vt 0.849043 0.276924
vt 0.856078 0.390667
vt 0.858423 0.390667
vt 0.858423 0.330386
vt 0.860768 0.330386
vt 0.846698 0.280409
vt 0.849043 0.280409
vt 0.856078 0.394564
vt 0.858423 0.394564
vt 0.858423 0.334817
vt 0.860768 0.334817
vt 0.846698 0.284006
vt 0.849043 0.284006
vt 0.856078 0.398367
vt 0.858423 0.398367
vt 0.858423 0.339260
vt 0.860768 0.339260
vt 0.846698 0.287710
vt 0.849043 0.287710
vt 0.856078 0.402071
vt 0.858423 0.402071
vt 0.860768 0.343706
vt 0.846698 0.291513
vt 0.849043 0.291513
vt 0.856078 0.405668
vt 0.858423 0.405668
vt 0.858423 0.348149
vt 0.860768 0.348149
vt 0.846698 0.295410
vt 0.849043 0.295410
vt 0.856078 0.409153
vt 0.858423 0.409153
vt 0.858423 0.352580
vt 0.860768 0.352580
vt 0.846698 0.299393
vt 0.849043 0.299393
vt 0.856078 0.412519
vt 0.860768 0.356991
vt 0.846698 0.303455
vt 0.849043 0.303455
vt 0.856078 0.415760
vt 0.858423 0.415760
vt 0.858423 0.361376
vt 0.860768 0.361376
vt 0.846698 0.307589
vt 0.849043 0.307589
vt 0.518583 0.712218
vt 0.516239 0.712218
vt 0.516239 0.715460
vt 0.518583 0.715460
vt 0.858423 0.365725
vt 0.860768 0.365725
vt 0.846698 0.311788
vt 0.849043 0.311788
vt 0.516239 0.718826
vt 0.518583 0.718826
vt 0.858423 0.370032
vt 0.860768 0.370032
vt 0.846698 0.316045
vt 0.849043 0.316045
vt 0.516239 0.722310
vt 0.518583 0.722310
vt 0.858423 0.374289
vt 0.860768 0.374289
vt 0.846698 0.320352
vt 0.849043 0.320352
vt 0.516239 0.725908
vt 0.518583 0.725908
vt 0.858423 0.378488
vt 0.860768 0.378488
vt 0.846698 0.324702
vt 0.849043 0.324702
vt 0.516239 0.729611
vt 0.518583 0.729611
vt 0.860768 0.382622
vt 0.846698 0.329086
vt 0.849043 0.329086
vt 0.516239 0.733415
vt 0.518583 0.733415
vt 0.860768 0.386684
vt 0.846698 0.333497
vt 0.849043 0.333497
vt 0.516239 0.737311
vt 0.518583 0.737311
vt 0.858423 0.390667
vt 0.860768 0.390667
vt 0.846698 0.337928
vt 0.849043 0.337928
vt 0.516239 0.741294
vt 0.518583 0.741294
vt 0.858423 0.394564
vt 0.860768 0.394564
vt 0.846698 0.342371
vt 0.849043 0.342371
vt 0.516239 0.745356
vt 0.518583 0.745356
vt 0.858423 0.398367
vt 0.860768 0.398367
vt 0.846698 0.346817
vt 0.849043 0.346817
vt 0.516239 0.749491
vt 0.518583 0.749491
vt 0.858423 0.402071
vt 0.860768 0.402071
vt 0.846698 0.351260
vt 0.849043 0.351260
vt 0.516239 0.753690
vt 0.518583 0.753690
vt 0.858423 0.405668
vt 0.860768 0.405668
vt 0.846698 0.355691
vt 0.849043 0.355691
vt 0.516239 0.757947
vt 0.518583 0.757947
s 0
f 1/1/1 2/2/1 3/3/1 4/4/1 5/5/1 6/6/1 7/7/1 8/8/1 9/9/1 10/10/1 11/11/1 12/12/1 13/13/1 14/14/1 15/15/1 16/16/1 17/17/1 18/18/1 19/19/1 20/20/1 21/21/1 22/22/1 23/23/1 24/24/1 25/25/1 26/26/1 27/27/1 28/28/1 29/29/1 30/30/1 31/31/1 32/32/1 33/33/1 34/34/1 35/35/1 36/36/1 37/37/1 38/38/1 39/39/1 40/40/1 41/41/1 42/42/1 43/43/1 44/44/1 45/45/1 46/46/1 47/47/1 48/48/1 49/49/1 50/50/1 51/51/1 52/52/1 53/53/1 54/54/1 55/55/1 56/56/1 57/57/1 58/58/1 59/59/1 60/60/1 61/61/1 62/62/1 63/63/1 64/64/1 65/65/1 66/66/1 67/67/1 68/68/1 69/69/1 70/70/1 71/71/1 72/72/1 73/73/1 74/74/1 75/75/1 76/76/1 77/77/1 78/78/1 79/79/1 80/80/1 81/81/1 82/82/1 83/83/1 84/84/1 85/85/1 86/86/1 87/87/1 88/88/1 89/89/1 90/90/1 91/91/1 92/92/1 93/93/1 94/94/1 95/95/1 96/96/1 97/97/1 98/98/1 99/99/1 100/100/1 101/101/1 102/102/1 103/103/1 104/104/1 105/105/1 106/106/1 107/107/1 108/108/1 109/109/1 110/110/1 111/111/1 112/112/1 113/113/1 114/114/1 115/115/1 116/116/1 117/117/1 118/118/1 119/119/1 120/120/1 121/121/1 122/122/1 123/123/1 124/124/1 125/125/1 126/126/1 127/127/1 128/128/1 129/129/1 130/130/1 131/131/1 132/132/1 133/133/1 134/134/1 135/135/1 136/136/1 137/137/1 138/138/1 139/139/1 140/140/1 141/141/1 142/142/1 143/143/1 144/144/1 145/145/1 146/146/1 147/147/1 148/148/1 149/149/1 150/150/1
s 1
f 158/151/2 608/152/2 609/153/3 159/154/3
f 103/155/4 403/156/4 404/157/5 104/158/5
f 52/159/6 352/160/6 353/161/7 53/162/7
f 1/163/8 301/164/8 302/165/9 2/166/9
f 104/158/5 404/157/5 405/167/10 105/168/10
f 53/162/7 353/161/7 354/169/11 54/170/11
f 2/166/9 302/165/9 303/171/12 3/172/12
f 105/168/10 405/167/10 406/173/13 106/174/13
f 54/170/11 354/169/11 355/175/14 55/176/14
f 3/172/12 303/171/12 304/177/15 4/178/15
f 106/174/13 406/173/13 407/179/16 107/180/16
f 55/176/14 355/175/14 356/181/17 56/182/17
f 4/178/15 304/177/15 305/183/18 5/184/18
f 107/180/16 407/179/16 408/185/19 108/186/19
f 56/182/17 356/181/17 357/187/20 57/188/20
f 5/184/18 305/183/18 306/189/21 6/190/21
f 108/186/19 408/185/19 409/191/22 109/192/22
f 57/193/20 357/194/20 358/195/23 58/196/23
f 6/190/21 306/189/21 307/197/24 7/198/24
f 109/192/22 409/191/22 410/199/25 110/200/25
f 58/196/23 358/195/23 359/201/26 59/202/26
f 7/198/24 307/197/24 308/203/2 8/204/2
f 110/200/25 410/199/25 411/205/27 111/206/27
f 59/202/26 359/201/26 360/207/28 60/208/28
f 8/204/2 308/203/2 309/209/3 9/210/3
f 111/206/27 411/205/27 412/211/29 112/212/29
f 60/208/28 360/207/28 361/213/30 61/214/30
f 9/210/3 309/209/3 310/215/31 10/216/31
f 112/212/29 412/211/29 413/217/32 113/218/32
f 61/214/30 361/213/30 362/219/33 62/220/33
f 10/216/31 310/215/31 311/221/34 11/222/34
f 113/218/32 413/217/32 414/223/35 114/224/35
f 62/220/33 362/219/33 363/225/36 63/226/36
f 11/222/34 311/221/34 312/227/37 12/228/37
f 114/224/35 414/223/35 415/229/38 115/230/38
f 63/226/36 363/225/36 364/231/39 64/232/39
f 12/228/37 312/227/37 313/233/40 13/234/40
f 115/230/38 415/229/38 416/235/41 116/236/41
f 64/232/39 364/231/39 365/237/42 65/238/42
f 13/234/40 313/233/40 314/239/43 14/240/43
f 116/236/41 416/235/41 417/241/44 117/242/44
f 65/238/42 365/237/42 366/243/45 66/244/45
f 14/240/43 314/239/43 315/245/46 15/246/46
f 117/242/44 417/241/44 418/247/47 118/248/47
f 66/244/45 366/243/45 367/249/48 67/250/48
f 15/246/46 315/245/46 316/251/49 16/252/49
f 118/248/47 418/247/47 419/253/50 119/254/50
f 67/250/48 367/249/48 368/255/51 68/256/51
f 16/252/49 316/251/49 317/257/52 17/258/52
f 119/254/50 419/253/50 420/259/53 120/260/53
f 68/256/51 368/255/51 369/261/54 69/262/54
f 17/258/52 317/257/52 318/263/55 18/264/55
f 120/260/53 420/259/53 421/265/56 121/266/56
f 69/262/54 369/261/54 370/267/57 70/268/57
f 18/264/55 318/263/55 319/269/58 19/270/58
f 121/266/56 421/265/56 422/271/59 122/272/59
f 70/268/57 370/267/57 371/273/60 71/274/60
f 19/270/58 319/269/58 320/275/61 20/276/61
f 122/272/59 422/271/59 423/277/62 123/278/62
f 71/274/60 371/273/60 372/279/63 72/280/63
f 20/281/61 320/282/61 321/283/64 21/284/64
f 123/278/62 423/277/62 424/285/65 124/286/65
f 72/280/63 372/279/63 373/287/66 73/288/66
f 21/284/64 321/283/64 322/289/67 22/290/67
f 124/286/65 424/285/65 425/291/68 125/292/68
f 73/288/66 373/287/66 374/293/69 74/294/69
f 22/290/67 322/289/67 323/295/70 23/296/70
f 125/292/68 425/291/68 426/297/71 126/298/71
f 74/294/69 374/293/69 375/299/72 75/300/72
f 23/296/70 323/295/70 324/301/73 24/302/73
f 126/298/71 426/297/71 427/303/74 127/304/74
f 75/300/72 375/299/72 376/305/75 76/306/75
f 24/302/73 324/301/73 325/307/76 25/308/76
f 127/304/74 427/303/74 428/309/77 128/310/77
f 76/306/75 376/305/75 377/311/78 77/312/78
f 25/308/76 325/307/76 326/313/79 26/314/79
f 128/310/77 428/309/77 429/315/80 129/316/80
f 77/312/78 377/311/78 378/317/81 78/318/81
f 26/314/79 326/313/79 327/319/82 27/320/82
f 129/316/80 429/315/80 430/321/83 130/322/83
f 78/318/81 378/317/81 379/323/84 79/324/84
f 27/320/82 327/319/82 328/325/85 28/326/85
f 130/322/83 430/321/83 431/327/86 131/328/86
f 79/324/84 379/323/84 380/329/87 80/330/87
f 28/326/85 328/325/85 329/331/88 29/332/88
f 131/328/86 431/327/86 432/333/89 132/334/89
f 80/330/87 380/329/87 381/335/90 81/336/90
f 29/332/88 329/331/88 330/337/91 30/338/91
f 132/339/89 432/340/89 433/341/92 133/342/92
f 81/336/90 381/335/90 382/343/93 82/344/93
f 30/338/91 330/337/91 331/345/94 31/346/94
f 133/342/92 433/341/92 434/347/95 134/348/95
f 82/344/93 382/343/93 383/349/96 83/350/96
f 31/346/94 331/345/94 332/351/97 32/352/97
f 134/348/95 434/347/95 435/353/98 135/354/98
f 83/350/96 383/349/96 384/355/99 84/356/99
f 32/352/97 332/351/97 333/357/100 33/358/100
f 135/354/98 435/353/98 436/359/101 136/360/101
f 84/356/99 384/355/99 385/361/102 85/362/102
f 33/358/100 333/357/100 334/363/103 34/364/103
f 136/360/101 436/359/101 437/365/104 137/366/104
f 85/362/102 385/361/102 386/367/105 86/368/105
f 34/364/103 334/363/103 335/369/106 35/370/106
f 137/366/104 437/365/104 438/371/107 138/372/107
f 86/368/105 386/367/105 387/373/108 87/374/108
f 35/370/106 335/369/106 336/375/109 36/376/109
f 138/372/107 438/371/107 439/377/110 139/378/110
f 87/374/108 387/373/108 388/379/111 88/380/111
f 36/376/109 336/375/109 337/381/112 37/382/112
f 139/378/110 439/377/110 440/383/113 140/384/113
f 88/380/111 388/379/111 389/385/114 89/386/114
f 37/382/112 337/381/112 338/387/115 38/388/115
f 140/384/113 440/383/113 441/389/116 141/390/116
f 89/386/114 389/385/114 390/391/117 90/392/117
f 38/388/115 338/387/115 339/393/118 39/394/118
f 141/390/116 441/389/116 442/395/119 142/396/119
f 90/392/117 390/391/117 391/397/120 91/398/120
f 39/394/118 339/393/118 340/399/121 40/400/121
f 142/396/119 442/395/119 443/401/122 143/402/122
f 91/398/120 391/397/120 392/403/123 92/404/123
f 40/400/121 340/399/121 341/405/124 41/406/124
f 143/402/122 443/401/122 444/407/125 144/408/125
f 92/404/123 392/403/123 393/409/126 93/410/126
f 41/406/124 341/405/124 342/411/127 42/412/127
f 144/408/125 444/407/125 445/413/128 145/414/128
f 93/410/126 393/409/126 394/415/129 94/416/129
f 42/412/127 342/411/127 343/417/130 43/418/130
f 145/414/128 445/413/128 446/419/131 146/420/131
f 94/416/129 394/415/129 395/276/132 95/421/132
f 43/418/130 343/417/130 344/422/133 44/423/133
f 146/420/131 446/419/131 447/424/134 147/425/134
f 95/426/132 395/427/132 396/428/135 96/429/135
f 44/423/133 344/422/133 345/430/136 45/431/136
f 147/425/134 447/424/134 448/432/137 148/433/137
f 96/429/135 396/428/135 397/434/138 97/435/138
f 45/431/136 345/430/136 346/436/139 46/437/139
f 148/433/137 448/432/137 449/438/140 149/439/140
f 97/435/138 397/434/138 398/440/141 98/441/141
f 46/437/139 346/436/139 347/442/142 47/443/142
f 149/439/140 449/438/140 450/444/143 150/445/143
f 98/441/141 398/440/141 399/446/144 99/447/144
f 47/443/142 347/442/142 348/448/145 48/449/145
f 150/445/143 450/444/143 301/164/8 1/163/8
f 99/447/144 399/446/144 400/450/146 100/451/146
f 48/449/145 348/448/145 349/452/147 49/453/147
f 100/451/146 400/450/146 401/454/148 101/455/148
f 49/453/147 349/452/147 350/456/149 50/457/149
f 101/455/148 401/454/148 402/458/150 102/459/150
f 50/457/149 350/456/149 351/460/151 51/461/151
f 102/459/150 402/458/150 403/156/4 103/155/4
f 51/461/151 351/460/151 352/160/6 52/159/6
s 0
f 152/462/152 302/463/152 301/464/152 151/465/152
f 153/466/152 303/467/152 302/463/152 152/462/152
f 154/468/152 304/469/152 303/467/152 153/466/152
f 155/470/152 305/471/152 304/469/152 154/468/152
f 156/472/152 306/473/152 305/471/152 155/470/152
f 157/474/152 307/475/152 306/473/152 156/472/152
f 158/476/152 308/477/152 307/475/152 157/474/152
f 159/478/152 309/479/152 308/477/152 158/476/152
f 160/480/152 310/481/152 309/479/152 159/478/152
f 161/482/152 311/483/152 310/481/152 160/480/152
f 162/484/152 312/485/152 311/483/152 161/482/152
f 163/486/152 313/487/152 312/485/152 162/484/152
f 164/488/152 314/489/152 313/487/152 163/486/152
f 165/490/152 315/491/152 314/489/152 164/488/152
f 166/492/152 316/493/152 315/491/152 165/490/152
f 167/494/152 317/495/152 316/493/152 166/492/152
f 168/496/152 318/497/152 317/495/152 167/494/152
f 169/498/152 319/499/152 318/497/152 168/496/152
f 170/500/152 320/501/152 319/499/152 169/498/152
f 171/502/152 321/503/152 320/501/152 170/500/152
f 172/504/152 322/505/152 321/503/152 171/502/152
f 173/506/152 323/507/152 322/505/152 172/504/152
f 174/508/152 324/509/152 323/507/152 173/506/152
f 175/510/152 325/511/152 324/509/152 174/508/152
f 176/512/152 326/513/152 325/511/152 175/510/152
f 177/514/152 327/515/152 326/513/152 176/512/152
f 178/516/152 328/517/152 327/515/152 177/514/152
f 179/518/152 329/519/152 328/517/152 178/516/152
f 180/520/152 330/521/152 329/519/152 179/518/152
f 181/522/152 331/523/152 330/521/152 180/520/152
f 182/524/152 332/525/152 331/523/152 181/522/152
f 183/526/152 333/527/152 332/525/152 182/524/152
f 184/528/152 334/529/152 333/527/152 183/526/152
f 185/530/152 335/531/152 334/529/152 184/528/152
f 186/532/152 336/533/152 335/531/152 185/530/152
f 187/534/152 337/535/152 336/533/152 186/532/152
f 188/536/152 338/537/152 337/535/152 187/534/152
f 189/538/152 339/539/152 338/537/152 188/536/152
f 190/540/152 340/541/152 339/539/152 189/538/152
f 191/542/152 341/543/152 340/541/152 190/540/152
f 192/544/152 342/545/152 341/543/152 191/542/152
f 193/546/152 343/547/152 342/545/152 192/544/152
f 194/548/152 344/549/152 343/547/152 193/546/152
f 195/550/152 345/551/152 344/549/152 194/548/152
f 196/552/152 346/553/152 345/551/152 195/550/152
f 197/554/152 347/555/152 346/553/152 196/552/152
f 198/556/152 348/557/152 347/555/152 197/554/152
f 199/558/152 349/559/152 348/557/152 198/556/152
f 200/560/152 350/561/152 349/559/152 199/558/152
f 201/562/152 351/563/152 350/561/152 200/560/152
f 202/564/152 352/565/152 351/563/152 201/562/152
f 203/566/152 353/567/152 352/565/152 202/564/152
f 204/568/152 354/569/152 353/567/152 203/566/152
f 205/570/152 355/571/152 354/569/152 204/568/152
f 206/572/152 356/573/152 355/571/152 205/570/152
f 207/574/152 357/575/152 356/573/152 206/572/152
f 208/576/152 358/577/152 357/575/152 207/574/152
f 209/578/152 359/579/152 358/577/152 208/576/152
f 210/580/152 360/581/152 359/579/152 209/578/152
f 211/582/152 361/583/152 360/581/152 210/580/152
f 212/584/152 362/585/152 361/583/152 211/582/152
f 213/586/152 363/587/152 362/585/152 212/584/152
f 214/588/152 364/589/152 363/587/152 213/586/152
f 215/590/152 365/591/152 364/589/152 214/588/152
f 216/592/152 366/593/152 365/591/152 215/590/152
f 217/594/152 367/595/152 366/593/152 216/592/152
f 218/596/152 368/597/152 367/595/152 217/594/152
f 219/598/152 369/599/152 368/597/152 218/596/152
f 220/600/152 370/601/152 369/599/152 219/598/152
f 221/602/152 371/603/152 370/601/152 220/600/152
f 222/604/152 372/605/152 371/603/152 221/602/152
f 223/606/152 373/607/152 372/605/152 222/604/152
f 224/608/152 374/609/152 373/607/152 223/606/152
f 225/610/152 375/611/152 374/609/152 224/608/152
f 226/612/152 376/613/152 375/611/152 225/610/152
f 227/614/152 377/615/152 376/613/152 226/612/152
f 228/616/152 378/617/152 377/615/152 227/614/152
f 229/618/152 379/619/152 378/617/152 228/616/152
f 230/620/152 380/621/152 379/619/152 229/618/152
f 231/622/152 381/623/152 380/621/152 230/620/152
f 232/624/152 382/625/152 381/623/152 231/622/152
f 233/626/152 383/627/152 382/625/152 232/624/152
f 234/628/152 384/629/152 383/627/152 233/626/152
f 235/630/152 385/631/152 384/629/152 234/628/152
f 236/632/152 386/633/152 385/631/152 235/630/152
f 237/634/152 387/635/152 386/633/152 236/632/152
f 238/636/152 388/637/152 387/635/152 237/634/152
f 239/638/152 389/639/152 388/637/152 238/636/152
f 240/640/152 390/641/152 389/639/152 239/638/152
f 241/642/152 391/643/152 390/641/152 240/640/152
f 242/644/152 392/645/152 391/643/152 241/642/152
f 243/646/152 393/647/152 392/645/152 242/644/152
f 244/648/152 394/649/152 393/647/152 243/646/152
f 245/650/152 395/651/152 394/649/152 244/648/152
f 246/652/152 396/653/152 395/651/152 245/650/152
f 247/654/152 397/655/152 396/653/152 246/652/152
f 248/656/152 398/657/152 397/655/152 247/654/152
f 249/658/152 399/659/152 398/657/152 248/656/152
f 250/660/152 400/661/152 399/659/152 249/658/152
f 251/662/152 401/663/152 400/661/152 250/660/152
f 252/664/152 402/665/152 401/663/152 251/662/152
f 253/666/152 403/667/152 402/665/152 252/664/152
f 254/668/152 404/669/152 403/667/152 253/666/152
f 255/670/152 405/671/152 404/669/152 254/668/152
f 256/672/152 406/673/152 405/671/152 255/670/152
f 257/674/152 407/675/152 406/673/152 256/672/152
f 258/676/152 408/677/152 407/675/152 257/674/152
f 259/678/152 409/679/152 408/677/152 258/676/152
f 260/680/152 410/681/152 409/679/152 259/678/152
f 261/682/152 411/683/152 410/681/152 260/680/152
f 262/684/152 412/685/152 411/683/152 261/682/152
f 263/686/152 413/687/152 412/685/152 262/684/152
f 264/688/152 414/689/152 413/687/152 263/686/152
f 265/690/152 415/691/152 414/689/152 264/688/152
f 266/692/152 416/693/152 415/691/152 265/690/152
f 267/694/152 417/695/152 416/693/152 266/692/152
f 268/696/152 418/697/152 417/695/152 267/694/152
f 269/698/152 419/699/152 418/697/152 268/696/152
f 270/700/152 420/701/152 419/699/152 269/698/152
f 271/702/152 421/703/152 420/701/152 270/700/152
f 272/704/152 422/705/152 421/703/152 271/702/152
f 273/706/152 423/707/152 422/705/152 272/704/152
f 274/708/152 424/709/152 423/707/152 273/706/152
f 275/710/152 425/711/152 424/709/152 274/708/152
f 276/712/152 426/713/152 425/711/152 275/710/152
f 277/714/152 427/715/152 426/713/152 276/712/152
f 278/716/152 428/717/152 427/715/152 277/714/152
f 279/718/152 429/719/152 428/717/152 278/716/152
f 280/720/152 430/721/152 429/719/152 279/718/152
f 281/722/152 431/723/152 430/721/152 280/720/152
f 282/724/152 432/725/152 431/723/152 281/722/152
f 283/726/152 433/727/152 432/725/152 282/724/152
f 284/728/152 434/729/152 433/727/152 283/726/152
f 285/730/152 435/731/152 434/729/152 284/728/152
f 286/732/152 436/733/152 435/731/152 285/730/152
f 287/734/152 437/735/152 436/733/152 286/732/152
f 288/736/152 438/737/152 437/735/152 287/734/152
f 289/738/152 439/739/152 438/737/152 288/736/152
f 290/740/152 440/741/152 439/739/152 289/738/152
f 291/742/152 441/743/152 440/741/152 290/740/152
f 292/744/152 442/745/152 441/743/152 291/742/152
f 293/746/152 443/747/152 442/745/152 292/744/152
f 294/748/152 444/749/152 443/747/152 293/746/152
f 295/750/152 445/751/152 444/749/152 294/748/152
f 296/752/152 446/753/152 445/751/152 295/750/152
f 297/754/152 447/755/152 446/753/152 296/752/152
f 298/756/152 448/757/152 447/755/152 297/754/152
f 299/758/152 449/759/152 448/757/152 298/756/152
f 300/760/152 450/761/152 449/759/152 299/758/152
f 151/465/152 301/464/152 450/761/152 300/760/152
s 1
f 472/762/67 922/763/67 923/764/70 473/765/70
f 261/766/27 711/767/27 712/768/29 262/769/29
f 210/770/28 660/771/28 661/772/30 211/773/30
f 159/154/3 609/153/3 610/774/31 160/775/31
f 262/769/29 712/768/29 713/776/32 263/777/32
f 211/773/30 661/772/30 662/778/33 212/779/33
f 160/775/31 610/774/31 611/780/34 161/781/34
f 263/777/32 713/776/32 714/782/35 264/783/35
f 212/779/33 662/778/33 663/784/36 213/785/36
f 161/781/34 611/780/34 612/786/37 162/787/37
f 264/783/35 714/782/35 715/788/38 265/789/38
f 213/785/36 663/784/36 664/790/39 214/791/39
f 162/787/37 612/786/37 613/792/40 163/793/40
f 265/789/38 715/788/38 716/794/41 266/795/41
f 214/791/39 664/790/39 665/796/42 215/797/42
f 163/793/40 613/792/40 614/798/43 164/799/43
f 266/795/41 716/794/41 717/800/44 267/801/44
f 215/797/42 665/796/42 666/802/45 216/803/45
f 164/799/43 614/798/43 615/804/46 165/805/46
f 267/801/44 717/800/44 718/806/47 268/807/47
f 216/803/45 666/802/45 667/808/48 217/809/48
f 165/805/46 615/804/46 616/810/49 166/811/49
f 268/807/47 718/806/47 719/812/50 269/813/50
f 217/809/48 667/808/48 668/814/51 218/815/51
f 166/811/49 616/810/49 617/816/52 167/817/52
f 269/813/50 719/812/50 720/818/53 270/819/53
f 218/815/51 668/814/51 669/820/54 219/821/54
f 167/817/52 617/816/52 618/822/55 168/823/55
f 270/819/53 720/818/53 721/824/56 271/825/56
f 219/821/54 669/820/54 670/826/57 220/827/57
f 168/823/55 618/822/55 619/828/58 169/829/58
f 271/825/56 721/824/56 722/830/59 272/831/59
f 220/827/57 670/826/57 671/832/60 221/833/60
f 169/834/58 619/835/58 620/836/61 170/837/61
f 272/831/59 722/830/59 723/838/62 273/839/62
f 221/833/60 671/832/60 672/840/63 222/841/63
f 170/837/61 620/836/61 621/842/64 171/843/64
f 273/839/62 723/838/62 724/844/65 274/845/65
f 222/841/63 672/840/63 673/846/66 223/847/66
f 171/843/64 621/842/64 622/848/67 172/849/67
f 274/845/65 724/844/65 725/850/68 275/851/68
f 223/847/66 673/846/66 674/852/69 224/853/69
f 172/849/67 622/848/67 623/854/70 173/855/70
f 275/851/68 725/850/68 726/856/71 276/857/71
f 224/853/69 674/852/69 675/858/72 225/859/72
f 173/855/70 623/854/70 624/860/73 174/861/73
f 276/857/71 726/856/71 727/862/74 277/863/74
f 225/859/72 675/858/72 676/864/75 226/865/75
f 174/861/73 624/860/73 625/866/76 175/867/76
f 277/863/74 727/862/74 728/868/77 278/869/77
f 226/865/75 676/864/75 677/870/78 227/871/78
f 175/867/76 625/866/76 626/872/79 176/873/79
f 278/869/77 728/868/77 729/874/80 279/875/80
f 227/871/78 677/870/78 678/876/81 228/877/81
f 176/873/79 626/872/79 627/878/82 177/879/82
f 279/875/80 729/874/80 730/880/83 280/881/83
f 228/877/81 678/876/81 679/882/84 229/883/84
f 177/879/82 627/878/82 628/884/85 178/885/85
f 280/881/83 730/880/83 731/886/86 281/887/86
f 229/883/84 679/882/84 680/888/87 230/889/87
f 178/885/85 628/884/85 629/890/88 179/891/88
f 281/887/86 731/886/86 732/892/89 282/893/89
f 230/889/87 680/888/87 681/894/90 231/895/90
f 179/891/88 629/890/88 630/896/91 180/897/91
f 282/898/89 732/899/89 733/900/92 283/901/92
f 231/895/90 681/894/90 682/902/93 232/903/93
f 180/897/91 630/896/91 631/904/94 181/905/94
f 283/901/92 733/900/92 734/906/95 284/907/95
f 232/903/93 682/902/93 683/908/96 233/909/96
f 181/905/94 631/904/94 632/910/97 182/911/97
f 284/907/95 734/906/95 735/912/98 285/913/98
f 233/909/96 683/908/96 684/914/99 234/915/99
f 182/911/97 632/910/97 633/916/100 183/917/100
f 285/913/98 735/912/98 736/918/101 286/919/101
f 234/915/99 684/914/99 685/920/102 235/921/102
f 183/917/100 633/916/100 634/922/103 184/923/103
f 286/919/101 736/918/101 737/924/104 287/925/104
f 235/921/102 685/920/102 686/926/105 236/927/105
f 184/923/103 634/922/103 635/928/106 185/929/106
f 287/925/104 737/924/104 738/930/107 288/931/107
f 236/927/105 686/926/105 687/932/108 237/933/108
f 185/929/106 635/928/106 636/934/109 186/935/109
f 288/931/107 738/930/107 739/936/110 289/937/110
f 237/933/108 687/932/108 688/938/111 238/939/111
f 186/935/109 636/934/109 637/940/112 187/941/112
f 289/937/110 739/936/110 740/942/113 290/943/113
f 238/939/111 688/938/111 689/944/114 239/945/114
f 187/941/112 637/940/112 638/946/115 188/947/115
f 290/943/113 740/942/113 741/948/116 291/949/116
f 239/945/114 689/944/114 690/950/117 240/951/117
f 188/947/115 638/946/115 639/952/118 189/953/118
f 291/949/116 741/948/116 742/954/119 292/955/119
f 240/951/117 690/950/117 691/956/120 241/957/120
f 189/953/118 639/952/118 640/958/121 190/959/121
f 292/955/119 742/954/119 743/960/122 293/961/122
f 241/957/120 691/956/120 692/962/123 242/963/123
f 190/959/121 640/958/121 641/964/124 191/965/124
f 293/961/122 743/960/122 744/966/125 294/967/125
f 242/963/123 692/962/123 693/968/126 243/969/126
f 191/965/124 641/964/124 642/970/127 192/971/127
f 294/967/125 744/966/125 745/972/128 295/973/128
f 243/969/126 693/968/126 694/974/129 244/975/129
f 192/971/127 642/970/127 643/976/130 193/977/130
f 295/973/128 745/972/128 746/978/131 296/979/131
f 244/975/129 694/974/129 695/980/132 245/981/132
f 193/977/130 643/976/130 644/982/153 194/983/153
f 296/979/131 746/978/131 747/984/134 297/985/134
f 245/986/132 695/987/132 696/988/135 246/989/135
f 194/983/153 644/982/153 645/990/136 195/991/136
f 297/985/134 747/984/134 748/992/137 298/993/137
f 246/989/135 696/988/135 697/994/138 247/995/138
f 195/991/136 645/990/136 646/996/139 196/997/139
f 298/993/137 748/992/137 749/998/140 299/999/140
f 247/995/138 697/994/138 698/1000/141 248/1001/141
f 196/997/139 646/996/139 647/1002/142 197/1003/142
f 299/999/140 749/998/140 750/1004/143 300/1005/143
f 248/1001/141 698/1000/141 699/1006/144 249/1007/144
f 197/1003/142 647/1002/142 648/1008/145 198/1009/145
f 300/1005/143 750/1004/143 601/1010/8 151/1011/8
f 249/1007/144 699/1006/144 700/1012/146 250/1013/146
f 198/1009/145 648/1008/145 649/1014/147 199/1015/147
f 250/1013/146 700/1012/146 701/1016/148 251/1017/148
f 199/1015/147 649/1014/147 650/1018/149 200/1019/149
f 251/1017/148 701/1016/148 702/1020/150 252/1021/150
f 200/1019/149 650/1018/149 651/1022/151 201/1023/151
f 252/1021/150 702/1020/150 703/1024/4 253/1025/4
f 201/1023/151 651/1022/151 652/1026/6 202/1027/6
f 253/1025/4 703/1024/4 704/1028/5 254/1029/5
f 202/1027/6 652/1026/6 653/1030/7 203/1031/7
f 151/1011/8 601/1010/8 602/1032/9 152/1033/9
f 254/1029/5 704/1028/5 705/1034/10 255/1035/10
f 203/1031/7 653/1030/7 654/1036/11 204/1037/11
f 152/1033/9 602/1032/9 603/1038/12 153/1039/12
f 255/1035/10 705/1034/10 706/1040/13 256/1041/13
f 204/1037/11 654/1036/11 655/1042/14 205/1043/14
f 153/1039/12 603/1038/12 604/1044/15 154/1045/15
f 256/1041/13 706/1040/13 707/1046/16 257/1047/16
f 205/1043/14 655/1042/14 656/1048/17 206/1049/17
f 154/1045/15 604/1044/15 605/1050/18 155/1051/18
f 257/1047/16 707/1046/16 708/1052/154 258/1053/154
f 206/1049/17 656/1048/17 657/1054/20 207/1055/20
f 155/1051/18 605/1050/18 606/1056/21 156/1057/21
f 258/1053/154 708/1052/154 709/1058/22 259/1059/22
f 207/1055/20 657/1054/20 658/1060/23 208/1061/23
f 156/1057/21 606/1056/21 607/1062/24 157/1063/24
f 259/1059/22 709/1058/22 710/1064/25 260/1065/25
f 208/1066/23 658/1067/23 659/1068/26 209/1069/26
f 157/1063/24 607/1062/24 608/152/2 158/151/2
f 260/1065/25 710/1064/25 711/767/27 261/766/27
f 209/1069/26 659/1068/26 660/771/28 210/770/28
s 0
f 452/1070/152 602/1071/152 601/1072/152 451/1073/152
f 453/1074/152 603/1075/152 602/1071/152 452/1070/152
f 454/1076/152 604/1077/152 603/1075/152 453/1074/152
f 455/1078/152 605/1079/152 604/1077/152 454/1076/152
f 456/1080/152 606/1081/152 605/1079/152 455/1078/152
f 457/1082/152 607/1083/152 606/1081/152 456/1080/152
f 458/1084/152 608/1085/152 607/1083/152 457/1082/152
f 459/1086/152 609/1087/152 608/1085/152 458/1084/152
f 460/1088/152 610/1089/152 609/1087/152 459/1086/152
f 461/1090/152 611/1091/152 610/1089/152 460/1088/152
f 462/1092/152 612/1093/152 611/1091/152 461/1090/152
f 463/1094/152 613/1095/152 612/1093/152 462/1092/152
f 464/1096/152 614/1097/152 613/1095/152 463/1094/152
f 465/1098/152 615/1099/152 614/1097/152 464/1096/152
f 466/1100/152 616/1101/152 615/1099/152 465/1098/152
f 467/1102/152 617/1103/152 616/1101/152 466/1100/152
f 468/1104/152 618/1105/152 617/1103/152 467/1102/152
f 469/1106/152 619/1107/152 618/1105/152 468/1104/152
f 470/1108/152 620/1109/152 619/1107/152 469/1106/152
f 471/1110/152 621/1111/152 620/1109/152 470/1108/152
f 472/1112/152 622/1113/152 621/1111/152 471/1110/152
f 473/1114/152 623/1115/152 622/1113/152 472/1112/152
f 474/1116/152 624/1117/152 623/1115/152 473/1114/152
f 475/1118/152 625/1119/152 624/1117/152 474/1116/152
f 476/1120/152 626/1121/152 625/1119/152 475/1118/152
f 477/1122/152 627/1123/152 626/1121/152 476/1120/152
f 478/1124/152 628/1125/152 627/1123/152 477/1122/152
f 479/1126/152 629/1127/152 628/1125/152 478/1124/152
f 480/1128/152 630/1129/152 629/1127/152 479/1126/152
f 481/1130/152 631/1131/152 630/1129/152 480/1128/152
f 482/1132/152 632/1133/152 631/1131/152 481/1130/152
f 483/1134/152 633/1135/152 632/1133/152 482/1132/152
f 484/1136/152 634/1137/152 633/1135/152 483/1134/152
f 485/1138/152 635/1139/152 634/1137/152 484/1136/152
f 486/1140/152 636/1141/152 635/1139/152 485/1138/152
f 487/1142/152 637/1143/152 636/1141/152 486/1140/152
f 488/1144/152 638/1145/152 637/1143/152 487/1142/152
f 489/1146/152 639/1147/152 638/1145/152 488/1144/152
f 490/1148/152 640/1149/152 639/1147/152 489/1146/152
f 491/1150/152 641/1151/152 640/1149/152 490/1148/152
f 492/1152/152 642/1153/152 641/1151/152 491/1150/152
f 493/1154/152 643/1155/152 642/1153/152 492/1152/152
f 494/1156/152 644/1157/152 643/1155/152 493/1154/152
f 495/1158/152 645/1159/152 644/1157/152 494/1156/152
f 496/1160/152 646/1161/152 645/1159/152 495/1158/152
f 497/1162/152 647/1163/152 646/1161/152 496/1160/152
f 498/1164/152 648/1165/152 647/1163/152 497/1162/152
f 499/1166/152 649/1167/152 648/1165/152 498/1164/152
f 500/1168/152 650/1169/152 649/1167/152 499/1166/152
f 501/1170/152 651/1171/152 650/1169/152 500/1168/152
f 502/1172/152 652/1173/152 651/1171/152 501/1170/152
f 503/1174/152 653/1175/152 652/1173/152 502/1172/152
f 504/1176/152 654/1177/152 653/1175/152 503/1174/152
f 505/1178/152 655/1179/152 654/1177/152 504/1176/152
f 506/1180/152 656/1181/152 655/1179/152 505/1178/152
f 507/1182/152 657/1183/152 656/1181/152 506/1180/152
f 508/1184/152 658/1185/152 657/1183/152 507/1182/152
f 509/1186/152 659/1187/152 658/1185/152 508/1184/152
f 510/1188/152 660/1189/152 659/1187/152 509/1186/152
f 511/1190/152 661/1191/152 660/1189/152 510/1188/152
f 512/1192/152 662/1193/152 661/1191/152 511/1190/152
f 513/1194/152 663/1195/152 662/1193/152 512/1192/152
f 514/1196/152 664/1197/152 663/1195/152 513/1194/152
f 515/1198/152 665/1199/152 664/1197/152 514/1196/152
f 516/1200/152 666/1201/152 665/1199/152 515/1198/152
f 517/1202/152 667/1203/152 666/1201/152 516/1200/152
f 518/1204/152 668/1205/152 667/1203/152 517/1202/152
f 519/1206/152 669/1207/152 668/1205/152 518/1204/152
f 520/1208/152 670/1209/152 669/1207/152 519/1206/152
f 521/1210/152 671/1211/152 670/1209/152 520/1208/152
f 522/1212/152 672/1213/152 671/1211/152 521/1210/152
f 523/1214/152 673/1215/152 672/1213/152 522/1212/152
f 524/1216/152 674/1217/152 673/1215/152 523/1214/152
f 525/1218/152 675/1219/152 674/1217/152 524/1216/152
f 526/1220/152 676/1221/152 675/1219/152 525/1218/152
f 527/1222/152 677/1223/152 676/1221/152 526/1220/152
f 528/1224/152 678/1225/152 677/1223/152 527/1222/152
f 529/1226/152 679/1227/152 678/1225/152 528/1224/152
f 530/1228/152 680/1229/152 679/1227/152 529/1226/152
f 531/1230/152 681/1231/152 680/1229/152 530/1228/152
f 532/1232/152 682/1233/152 681/1231/152 531/1230/152
f 533/1234/152 683/1235/152 682/1233/152 532/1232/152
f 534/1236/152 684/1237/152 683/1235/152 533/1234/152
f 535/1238/152 685/1239/152 684/1237/152 534/1236/152
f 536/1240/152 686/1241/152 685/1239/152 535/1238/152
f 537/1242/152 687/1243/152 686/1241/152 536/1240/152
f 538/1244/152 688/1245/152 687/1243/152 537/1242/152
f 539/1246/152 689/1247/152 688/1245/152 538/1244/152
f 540/1248/152 690/1249/152 689/1247/152 539/1246/152
f 541/1250/152 691/1251/152 690/1249/152 540/1248/152
f 542/1252/152 692/1253/152 691/1251/152 541/1250/152
f 543/1254/152 693/1255/152 692/1253/152 542/1252/152
f 544/1256/152 694/1257/152 693/1255/152 543/1254/152
f 545/1258/152 695/1259/152 694/1257/152 544/1256/152
f 546/1260/152 696/1261/152 695/1259/152 545/1258/152
f 547/1262/152 697/1263/152 696/1261/152 546/1260/152
f 548/1264/152 698/1265/152 697/1263/152 547/1262/152
f 549/1266/152 699/1267/152 698/1265/152 548/1264/152
f 550/1268/152 700/1269/152 699/1267/152 549/1266/152
f 551/1270/152 701/1271/152 700/1269/152 550/1268/152
f 552/1272/152 702/1273/152 701/1271/152 551/1270/152
f 553/1274/152 703/1275/152 702/1273/152 552/1272/152
f 554/1276/152 704/1277/152 703/1275/152 553/1274/152
f 555/1278/152 705/1279/152 704/1277/152 554/1276/152
f 556/1280/152 706/1281/152 705/1279/152 555/1278/152
f 557/1282/152 707/1283/152 706/1281/152 556/1280/152
f 558/1284/152 708/1285/152 707/1283/152 557/1282/152
f 559/1286/152 709/1287/152 708/1285/152 558/1284/152
f 560/1288/152 710/1289/152 709/1287/152 559/1286/152
f 561/1290/152 711/1291/152 710/1289/152 560/1288/152
f 562/1292/152 712/1293/152 711/1291/152 561/1290/152
f 563/1294/152 713/1295/152 712/1293/152 562/1292/152
f 564/1296/152 714/1297/152 713/1295/152 563/1294/152
f 565/1298/152 715/1299/152 714/1297/152 564/1296/152
f 566/1300/152 716/1301/152 715/1299/152 565/1298/152
f 567/1302/152 717/1303/152 716/1301/152 566/1300/152
f 568/1304/152 718/1305/152 717/1303/152 567/1302/152
f 569/1306/152 719/1307/152 718/1305/152 568/1304/152
f 570/1308/152 720/1309/152 719/1307/152 569/1306/152
f 571/1310/152 721/1311/152 720/1309/152 570/1308/152
f 572/1312/152 722/1313/152 721/1311/152 571/1310/152
f 573/1314/152 723/1315/152 722/1313/152 572/1312/152
f 574/1316/152 724/1317/152 723/1315/152 573/1314/152
f 575/1318/152 725/1319/152 724/1317/152 574/1316/152
f 576/1320/152 726/1321/152 725/1319/152 575/1318/152
f 577/1322/152 727/1323/152 726/1321/152 576/1320/152
f 578/1324/152 728/1325/152 727/1323/152 577/1322/152
f 579/1326/152 729/1327/152 728/1325/152 578/1324/152
f 580/1328/152 730/1329/152 729/1327/152 579/1326/152
f 581/1330/152 731/1331/152 730/1329/152 580/1328/152
f 582/1332/152 732/1333/152 731/1331/152 581/1330/152
f 583/1334/152 733/1335/152 732/1333/152 582/1332/152
f 584/1336/152 734/1337/152 733/1335/152 583/1334/152
f 585/1338/152 735/1339/152 734/1337/152 584/1336/152
f 586/1340/152 736/1341/152 735/1339/152 585/1338/152
f 587/1342/152 737/1343/152 736/1341/152 586/1340/152
f 588/1344/152 738/1345/152 737/1343/152 587/1342/152
f 589/1346/152 739/1347/152 738/1345/152 588/1344/152
f 590/1348/152 740/1349/152 739/1347/152 589/1346/152
f 591/1350/152 741/1351/152 740/1349/152 590/1348/152
f 592/1352/152 742/1353/152 741/1351/152 591/1350/152
f 593/1354/152 743/1355/152 742/1353/152 592/1352/152
f 594/1356/152 744/1357/152 743/1355/152 593/1354/152
f 595/1358/152 745/1359/152 744/1357/152 594/1356/152
f 596/1360/152 746/1361/152 745/1359/152 595/1358/152
f 597/1362/152 747/1363/152 746/1361/152 596/1360/152
f 598/1364/152 748/1365/152 747/1363/152 597/1362/152
f 599/1366/152 749/1367/152 748/1365/152 598/1364/152
f 600/1368/152 750/1369/152 749/1367/152 599/1366/152
f 451/1073/152 601/1072/152 750/1369/152 600/1368/152
s 1
f 762/1370/37 1212/1371/37 1213/1372/40 763/1373/40
f 575/1374/68 1025/1375/68 1026/1376/71 576/1377/71
f 524/1378/69 974/1379/69 975/1380/72 525/1381/72
f 473/765/70 923/764/70 924/1382/73 474/1383/73
f 576/1377/71 1026/1376/71 1027/1384/74 577/1385/74
f 525/1381/72 975/1380/72 976/1386/75 526/1387/75
f 474/1383/73 924/1382/73 925/1388/76 475/1389/76
f 577/1385/74 1027/1384/74 1028/1390/77 578/1391/77
f 526/1387/75 976/1386/75 977/1392/78 527/1393/78
f 475/1389/76 925/1388/76 926/1394/79 476/1395/79
f 578/1391/77 1028/1390/77 1029/1396/80 579/1397/80
f 527/1393/78 977/1392/78 978/1398/81 528/1399/81
f 476/1395/79 926/1394/79 927/1400/82 477/1401/82
f 579/1397/80 1029/1396/80 1030/1402/83 580/1403/83
f 528/1399/81 978/1398/81 979/1404/84 529/1405/84
f 477/1401/82 927/1400/82 928/1406/85 478/1407/85
f 580/1403/83 1030/1402/83 1031/1408/86 581/1409/86
f 529/1405/84 979/1404/84 980/1410/87 530/1411/87
f 478/1407/85 928/1406/85 929/1412/88 479/1413/88
f 581/1409/86 1031/1408/86 1032/1414/89 582/1415/89
f 530/1411/87 980/1410/87 981/1416/90 531/1417/90
f 479/1413/88 929/1412/88 930/1418/91 480/1419/91
f 582/1420/89 1032/1421/89 1033/1422/92 583/1423/92
f 531/1417/90 981/1416/90 982/1424/93 532/1425/93
f 480/1419/91 930/1418/91 931/1426/94 481/1427/94
f 583/1423/92 1033/1422/92 1034/1428/95 584/1429/95
f 532/1425/93 982/1424/93 983/1430/96 533/1431/96
f 481/1427/94 931/1426/94 932/1432/97 482/1433/97
f 584/1429/95 1034/1428/95 1035/1434/98 585/1435/98
f 533/1431/96 983/1430/96 984/1436/99 534/1437/99
f 482/1433/97 932/1432/97 933/1438/100 483/1439/100
f 585/1435/98 1035/1434/98 1036/1440/101 586/1441/101
f 534/1437/99 984/1436/99 985/1442/102 535/1443/102
f 483/1439/100 933/1438/100 934/1444/103 484/1445/103
f 586/1441/101 1036/1440/101 1037/1446/104 587/1447/104
f 535/1443/102 985/1442/102 986/1448/105 536/1449/105
f 484/1445/103 934/1444/103 935/1450/106 485/1451/106
f 587/1447/104 1037/1446/104 1038/1452/107 588/1453/107
f 536/1449/105 986/1448/105 987/1454/108 537/1455/108
f 485/1451/106 935/1450/106 936/1456/109 486/1457/109
f 588/1453/107 1038/1452/107 1039/1458/110 589/1459/110
f 537/1455/108 987/1454/108 988/1460/111 538/1461/111
f 486/1457/109 936/1456/109 937/1462/112 487/1463/112
f 589/1459/110 1039/1458/110 1040/1464/113 590/1465/113
f 538/1461/111 988/1460/111 989/1466/114 539/1467/114
f 487/1463/112 937/1462/112 938/1468/115 488/1469/115
f 590/1465/113 1040/1464/113 1041/1470/116 591/1471/116
f 539/1467/114 989/1466/114 990/1472/117 540/1473/117
f 488/1469/115 938/1468/115 939/1474/118 489/1475/118
f 591/1471/116 1041/1470/116 1042/1476/119 592/1477/119
f 540/1473/117 990/1472/117 991/1478/120 541/1479/120
f 489/1475/118 939/1474/118 940/1480/121 490/1481/121
f 592/1477/119 1042/1476/119 1043/1482/122 593/1483/122
f 541/1479/120 991/1478/120 992/1484/123 542/1485/123
f 490/1481/121 940/1480/121 941/1486/124 491/1487/124
f 593/1483/122 1043/1482/122 1044/1488/125 594/1489/125
f 542/1485/123 992/1484/123 993/1490/126 543/1491/126
f 491/1487/124 941/1486/124 942/1492/127 492/1493/127
f 594/1489/125 1044/1488/125 1045/1494/128 595/1495/128
f 543/1491/126 993/1490/126 994/1496/129 544/1497/129
f 492/1493/127 942/1492/127 943/1498/130 493/1499/130
f 595/1495/128 1045/1494/128 1046/1500/131 596/1501/131
f 544/1497/129 994/1496/129 995/1502/132 545/1503/132
f 493/1499/130 943/1498/130 944/1504/133 494/1505/133
f 596/1501/131 1046/1500/131 1047/1506/134 597/1507/134
f 545/1508/132 995/1509/132 996/1510/135 546/1511/135
f 494/1505/133 944/1504/133 945/1512/136 495/1513/136
f 597/1507/134 1047/1506/134 1048/1514/137 598/1515/137
f 546/1511/135 996/1510/135 997/1516/138 547/1517/138
f 495/1513/136 945/1512/136 946/1518/139 496/1519/139
f 598/1515/137 1048/1514/137 1049/1520/140 599/1521/140
f 547/1517/138 997/1516/138 998/1522/141 548/1523/141
f 496/1519/139 946/1518/139 947/1524/142 497/1525/142
f 599/1521/140 1049/1520/140 1050/1526/143 600/1527/143
f 548/1523/141 998/1522/141 999/1528/144 549/1529/144
f 497/1525/142 947/1524/142 948/1530/145 498/1531/145
f 600/1527/143 1050/1526/143 901/1532/8 451/1533/8
f 549/1529/144 999/1528/144 1000/1534/146 550/1535/146
f 498/1531/145 948/1530/145 949/1536/147 499/1537/147
f 550/1535/146 1000/1534/146 1001/1538/148 551/1539/148
f 499/1537/147 949/1536/147 950/1540/149 500/1541/149
f 551/1539/148 1001/1538/148 1002/1542/150 552/1543/150
f 500/1541/149 950/1540/149 951/1544/151 501/1545/151
f 552/1543/150 1002/1542/150 1003/1546/4 553/1547/4
f 501/1545/151 951/1544/151 952/1548/6 502/1549/6
f 553/1547/4 1003/1546/4 1004/1550/5 554/1551/5
f 502/1549/6 952/1548/6 953/1552/7 503/1553/7
f 451/1533/8 901/1532/8 902/1554/9 452/1555/9
f 554/1551/5 1004/1550/5 1005/1556/10 555/1557/10
f 503/1553/7 953/1552/7 954/1558/11 504/1559/11
f 452/1555/9 902/1554/9 903/1560/12 453/1561/12
f 555/1557/10 1005/1556/10 1006/1562/13 556/1563/13
f 504/1559/11 954/1558/11 955/1564/14 505/1565/14
f 453/1561/12 903/1560/12 904/1566/15 454/1567/15
f 556/1563/13 1006/1562/13 1007/1568/16 557/1569/16
f 505/1565/14 955/1564/14 956/1570/17 506/1571/17
f 454/1567/15 904/1566/15 905/1572/18 455/1573/18
f 557/1569/16 1007/1568/16 1008/1574/19 558/1575/19
f 506/1571/17 956/1570/17 957/1576/20 507/1577/20
f 455/1573/18 905/1572/18 906/1578/21 456/1579/21
f 558/1575/19 1008/1574/19 1009/1580/22 559/1581/22
f 507/1577/20 957/1576/20 958/1582/23 508/1583/23
f 456/1579/21 906/1578/21 907/1584/24 457/1585/24
f 559/1581/22 1009/1580/22 1010/1586/25 560/1587/25
f 508/1421/23 958/1508/23 959/1511/26 509/1588/26
f 457/1585/24 907/1584/24 908/1589/2 458/1590/2
f 560/1587/25 1010/1586/25 1011/1591/27 561/1379/27
f 509/1588/26 959/1511/26 960/1517/28 510/1428/28
f 458/1590/2 908/1589/2 909/1592/3 459/1593/3
f 561/1379/27 1011/1591/27 1012/1594/29 562/1380/29
f 510/1428/28 960/1517/28 961/1523/30 511/1434/30
f 459/1593/3 909/1592/3 910/1595/31 460/1596/31
f 562/1380/29 1012/1594/29 1013/1597/32 563/1386/32
f 511/1434/30 961/1523/30 962/1529/33 512/1440/33
f 460/1596/31 910/1595/31 911/1598/34 461/1599/34
f 563/1386/32 1013/1597/32 1014/1600/35 564/1392/35
f 512/1440/33 962/1529/33 963/1535/36 513/1446/36
f 461/1599/34 911/1598/34 912/1601/37 462/1602/37
f 564/1392/35 1014/1600/35 1015/1603/38 565/1398/38
f 513/1446/36 963/1535/36 964/1539/39 514/1452/39
f 462/1602/37 912/1601/37 913/1604/40 463/1605/40
f 565/1398/38 1015/1603/38 1016/1606/41 566/1404/41
f 514/1452/39 964/1539/39 965/1543/42 515/1458/42
f 463/1605/40 913/1604/40 914/1607/43 464/1608/43
f 566/1404/41 1016/1606/41 1017/1609/44 567/1410/44
f 515/1458/42 965/1543/42 966/1547/45 516/1464/45
f 464/1608/43 914/1607/43 915/1610/46 465/1611/46
f 567/1410/44 1017/1609/44 1018/1612/47 568/1416/47
f 516/1464/45 966/1547/45 967/1551/48 517/1470/48
f 465/1611/46 915/1610/46 916/1613/49 466/1614/49
f 568/1416/47 1018/1612/47 1019/1615/50 569/1424/50
f 517/1470/48 967/1551/48 968/1557/51 518/1476/51
f 466/1614/49 916/1613/49 917/1616/52 467/1617/52
f 569/1424/50 1019/1615/50 1020/1618/53 570/1430/53
f 518/1476/51 968/1557/51 969/1563/54 519/1482/54
f 467/1617/52 917/1616/52 918/1619/55 468/1620/55
f 570/1430/53 1020/1618/53 1021/1621/56 571/1436/56
f 519/1482/54 969/1563/54 970/1622/57 520/1623/57
f 468/1620/55 918/1619/55 919/1624/58 469/1625/58
f 571/1436/56 1021/1621/56 1022/1626/59 572/1442/59
f 520/1623/57 970/1622/57 971/1575/60 521/1627/60
f 469/427/58 919/193/58 920/1628/61 470/1629/61
f 572/1442/59 1022/1626/59 1023/1630/62 573/1448/62
f 521/1627/60 971/1575/60 972/1581/63 522/1631/63
f 470/1629/61 920/1628/61 921/1632/64 471/1633/64
f 573/1448/62 1023/1630/62 1024/1634/65 574/1454/65
f 522/1631/63 972/1581/63 973/1587/66 523/1635/66
f 471/1633/64 921/1632/64 922/763/67 472/762/67
f 574/1454/65 1024/1634/65 1025/1375/68 575/1374/68
f 523/1635/66 973/1587/66 974/1379/69 524/1378/69
s 0
f 752/1636/152 902/1637/152 901/1638/152 751/1639/152
f 753/1640/152 903/1641/152 902/1637/152 752/1636/152
f 754/1642/152 904/1643/152 903/1641/152 753/1640/152
f 755/1644/152 905/1645/152 904/1643/152 754/1642/152
f 756/1646/152 906/1647/152 905/1645/152 755/1644/152
f 757/1648/152 907/1649/152 906/1647/152 756/1646/152
f 758/1650/152 908/1651/152 907/1649/152 757/1648/152
f 759/1652/152 909/1653/152 908/1651/152 758/1650/152
f 760/1654/152 910/1655/152 909/1653/152 759/1652/152
f 761/1656/152 911/1657/152 910/1655/152 760/1654/152
f 762/1658/152 912/1659/152 911/1657/152 761/1656/152
f 763/1660/152 913/1661/152 912/1659/152 762/1658/152
f 764/1662/152 914/1663/152 913/1661/152 763/1660/152
f 765/1664/152 915/1665/152 914/1663/152 764/1662/152
f 766/1666/152 916/1667/152 915/1665/152 765/1664/152
f 767/1668/152 917/1669/152 916/1667/152 766/1666/152
f 768/1670/152 918/1671/152 917/1669/152 767/1668/152
f 769/1672/152 919/1673/152 918/1671/152 768/1670/152
f 770/1674/152 920/1675/152 919/1673/152 769/1672/152
f 771/1676/152 921/1677/152 920/1675/152 770/1674/152
f 772/1678/152 922/1679/152 921/1677/152 771/1676/152
f 773/1680/152 923/1681/152 922/1679/152 772/1678/152
f 774/1682/152 924/1683/152 923/1681/152 773/1680/152
f 775/1684/152 925/1685/152 924/1683/152 774/1682/152
f 776/1686/152 926/1687/152 925/1685/152 775/1684/152
f 777/1688/152 927/1689/152 926/1687/152 776/1686/152
f 778/1690/152 928/1691/152 927/1689/152 777/1688/152
f 779/1692/152 929/1693/152 928/1691/152 778/1690/152
f 780/1694/152 930/1695/152 929/1693/152 779/1692/152
f 781/1696/152 931/1697/152 930/1695/152 780/1694/152
f 782/1698/152 932/1699/152 931/1697/152 781/1696/152
f 783/1700/152 933/1701/152 932/1699/152 782/1698/152
f 784/1702/152 934/1703/152 933/1701/152 783/1700/152
f 785/1704/152 935/1705/152 934/1703/152 784/1702/152
f 786/1706/152 936/1707/152 935/1705/152 785/1704/152
f 787/1708/152 937/1709/152 936/1707/152 786/1706/152
f 788/1710/152 938/1711/152 937/1709/152 787/1708/152
f 789/1712/152 939/1713/152 938/1711/152 788/1710/152
f 790/1714/152 940/1715/152 939/1713/152 789/1712/152
f 791/1716/152 941/1717/152 940/1715/152 790/1714/152
f 792/1718/152 942/1719/152 941/1717/152 791/1716/152
f 793/1720/152 943/1721/152 942/1719/152 792/1718/152
f 794/1722/152 944/1723/152 943/1721/152 793/1720/152
f 795/1724/152 945/1725/152 944/1723/152 794/1722/152
f 796/1726/152 946/1727/152 945/1725/152 795/1724/152
f 797/1728/152 947/1729/152 946/1727/152 796/1726/152
f 798/1730/152 948/1731/152 947/1729/152 797/1728/152
f 799/1732/152 949/1733/152 948/1731/152 798/1730/152
f 800/1734/152 950/1735/152 949/1733/152 799/1732/152
f 801/1736/152 951/1737/152 950/1735/152 800/1734/152
f 802/1738/152 952/1739/152 951/1737/152 801/1736/152
f 803/1740/152 953/1741/152 952/1739/152 802/1738/152
f 804/1742/152 954/1743/152 953/1741/152 803/1740/152
f 805/1744/152 955/1745/152 954/1743/152 804/1742/152
f 806/1746/152 956/1747/152 955/1745/152 805/1744/152
f 807/1748/152 957/1749/152 956/1747/152 806/1746/152
f 808/1750/152 958/1751/152 957/1749/152 807/1748/152
f 809/1752/152 959/1753/152 958/1751/152 808/1750/152
f 810/1754/152 960/1755/152 959/1753/152 809/1752/152
f 811/1756/152 961/1757/152 960/1755/152 810/1754/152
f 812/1758/152 962/1759/152 961/1757/152 811/1756/152
f 813/1760/152 963/1761/152 962/1759/152 812/1758/152
f 814/1762/152 964/1763/152 963/1761/152 813/1760/152
f 815/1764/152 965/1765/152 964/1763/152 814/1762/152
f 816/1766/152 966/1767/152 965/1765/152 815/1764/152
f 817/1768/152 967/1769/152 966/1767/152 816/1766/152
f 818/1770/152 968/1771/152 967/1769/152 817/1768/152
f 819/1772/152 969/1773/152 968/1771/152 818/1770/152
f 820/1774/152 970/1775/152 969/1773/152 819/1772/152
f 821/1776/152 971/1777/152 970/1775/152 820/1774/152
f 822/1778/152 972/1779/152 971/1777/152 821/1776/152
f 823/1780/152 973/1781/152 972/1779/152 822/1778/152
f 824/1782/152 974/1783/152 973/1781/152 823/1780/152
f 825/1784/152 975/1785/152 974/1783/152 824/1782/152
f 826/1786/152 976/1787/152 975/1785/152 825/1784/152
f 827/1788/152 977/1789/152 976/1787/152 826/1786/152
f 828/1790/152 978/1791/152 977/1789/152 827/1788/152
f 829/1792/152 979/1793/152 978/1791/152 828/1790/152
f 830/1794/152 980/1795/152 979/1793/152 829/1792/152
f 831/1796/152 981/1797/152 980/1795/152 830/1794/152
f 832/1798/152 982/1799/152 981/1797/152 831/1796/152
f 833/1800/152 983/1801/152 982/1799/152 832/1798/152
f 834/1802/152 984/1803/152 983/1801/152 833/1800/152
f 835/1804/152 985/1805/152 984/1803/152 834/1802/152
f 836/1806/152 986/1807/152 985/1805/152 835/1804/152
f 837/1808/152 987/1809/152 986/1807/152 836/1806/152
f 838/1810/152 988/1811/152 987/1809/152 837/1808/152
f 839/1812/152 989/1813/152 988/1811/152 838/1810/152
f 840/1814/152 990/1815/152 989/1813/152 839/1812/152
f 841/1816/152 991/1817/152 990/1815/152 840/1814/152
f 842/1818/152 992/1819/152 991/1817/152 841/1816/152
f 843/1820/152 993/1821/152 992/1819/152 842/1818/152
f 844/1822/152 994/1823/152 993/1821/152 843/1820/152
f 845/1824/152 995/1825/152 994/1823/152 844/1822/152
f 846/1826/152 996/1827/152 995/1825/152 845/1824/152
f 847/1828/152 997/1829/152 996/1827/152 846/1826/152
f 848/1830/152 998/1831/152 997/1829/152 847/1828/152
f 849/1832/152 999/1833/152 998/1831/152 848/1830/152
f 850/1834/152 1000/1835/152 999/1833/152 849/1832/152
f 851/1836/152 1001/1837/152 1000/1835/152 850/1834/152
f 852/1838/152 1002/1839/152 1001/1837/152 851/1836/152
f 853/1840/152 1003/1841/152 1002/1839/152 852/1838/152
f 854/1842/152 1004/1843/152 1003/1841/152 853/1840/152
f 855/1844/152 1005/1845/152 1004/1843/152 854/1842/152
f 856/1846/152 1006/1847/152 1005/1845/152 855/1844/152
f 857/1848/152 1007/1849/152 1006/1847/152 856/1846/152
f 858/1850/152 1008/1851/152 1007/1849/152 857/1848/152
f 859/1852/152 1009/1853/152 1008/1851/152 858/1850/152
f 860/1854/152 1010/1855/152 1009/1853/152 859/1852/152
f 861/1856/152 1011/1857/152 1010/1855/152 860/1854/152
f 862/1858/152 1012/1859/152 1011/1857/152 861/1856/152
f 863/1860/152 1013/1861/152 1012/1859/152 862/1858/152
f 864/1862/152 1014/1863/152 1013/1861/152 863/1860/152
f 865/1864/152 1015/1865/152 1014/1863/152 864/1862/152
f 866/1866/152 1016/1867/152 1015/1865/152 865/1864/152
f 867/1868/152 1017/1869/152 1016/1867/152 866/1866/152
f 868/1870/152 1018/1871/152 1017/1869/152 867/1868/152
f 869/1872/152 1019/1873/152 1018/1871/152 868/1870/152
f 870/1874/152 1020/1875/152 1019/1873/152 869/1872/152
f 871/1876/152 1021/1877/152 1020/1875/152 870/1874/152
f 872/1878/152 1022/1879/152 1021/1877/152 871/1876/152
f 873/1880/152 1023/1881/152 1022/1879/152 872/1878/152
f 874/1882/152 1024/1883/152 1023/1881/152 873/1880/152
f 875/1884/152 1025/1885/152 1024/1883/152 874/1882/152
f 876/1886/152 1026/1887/152 1025/1885/152 875/1884/152
f 877/1888/152 1027/1889/152 1026/1887/152 876/1886/152
f 878/1890/152 1028/1891/152 1027/1889/152 877/1888/152
f 879/1892/152 1029/1893/152 1028/1891/152 878/1890/152
f 880/1894/152 1030/1895/152 1029/1893/152 879/1892/152
f 881/1896/152 1031/1897/152 1030/1895/152 880/1894/152
f 882/1898/152 1032/1899/152 1031/1897/152 881/1896/152
f 883/1900/152 1033/1901/152 1032/1899/152 882/1898/152
f 884/1902/152 1034/1903/152 1033/1901/152 883/1900/152
f 885/1904/152 1035/1905/152 1034/1903/152 884/1902/152
f 886/1906/152 1036/1907/152 1035/1905/152 885/1904/152
f 887/1908/152 1037/1909/152 1036/1907/152 886/1906/152
f 888/1910/152 1038/1911/152 1037/1909/152 887/1908/152
f 889/1912/152 1039/1913/152 1038/1911/152 888/1910/152
f 890/1914/152 1040/1915/152 1039/1913/152 889/1912/152
f 891/1916/152 1041/1917/152 1040/1915/152 890/1914/152
f 892/1918/152 1042/1919/152 1041/1917/152 891/1916/152
f 893/1920/152 1043/1921/152 1042/1919/152 892/1918/152
f 894/1922/152 1044/1923/152 1043/1921/152 893/1920/152
f 895/1924/152 1045/1925/152 1044/1923/152 894/1922/152
f 896/1926/152 1046/1927/152 1045/1925/152 895/1924/152
f 897/1928/152 1047/1929/152 1046/1927/152 896/1926/152
f 898/1930/152 1048/1931/152 1047/1929/152 897/1928/152
f 899/1932/152 1049/1933/152 1048/1931/152 898/1930/152
f 900/1934/152 1050/1935/152 1049/1933/152 899/1932/152
f 751/1639/152 901/1638/152 1050/1935/152 900/1934/152
s 1
f 1125/1936/72 1575/1937/72 1576/1938/75 1126/1939/75
f 865/1940/38 1315/1941/38 1316/1942/41 866/1943/41
f 814/1944/39 1264/1945/39 1265/1946/42 815/1947/42
f 763/1373/40 1213/1372/40 1214/1948/43 764/1949/43
f 866/1943/41 1316/1942/41 1317/1950/44 867/1951/44
f 815/1947/42 1265/1946/42 1266/1952/45 816/1953/45
f 764/1949/43 1214/1948/43 1215/1954/46 765/1955/46
f 867/1951/44 1317/1950/44 1318/1956/47 868/1957/47
f 816/1953/45 1266/1952/45 1267/1958/48 817/1959/48
f 765/1955/46 1215/1954/46 1216/1960/49 766/1961/49
f 868/1957/47 1318/1956/47 1319/1962/50 869/1963/50
f 817/1959/48 1267/1958/48 1268/1964/51 818/1965/51
f 766/1961/49 1216/1960/49 1217/1966/52 767/1967/52
f 869/1963/50 1319/1962/50 1320/1968/53 870/1969/53
f 818/1965/51 1268/1964/51 1269/1970/54 819/1971/54
f 767/1967/52 1217/1966/52 1218/1972/55 768/1973/55
f 870/1969/53 1320/1968/53 1321/1974/56 871/1975/56
f 819/1971/54 1269/1970/54 1270/1976/57 820/1977/57
f 768/1973/55 1218/1972/55 1219/1978/58 769/1979/58
f 871/1975/56 1321/1974/56 1322/1980/59 872/1981/59
f 820/1977/57 1270/1976/57 1271/1982/60 821/1983/60
f 769/1984/58 1219/1985/58 1220/1986/61 770/1987/61
f 872/1981/59 1322/1980/59 1323/1988/62 873/1989/62
f 821/1983/60 1271/1982/60 1272/1990/63 822/1991/63
f 770/1987/61 1220/1986/61 1221/1992/64 771/1993/64
f 873/1989/62 1323/1988/62 1324/1994/65 874/1995/65
f 822/1991/63 1272/1990/63 1273/1996/66 823/1997/66
f 771/1993/64 1221/1992/64 1222/1998/67 772/1999/67
f 874/1995/65 1324/1994/65 1325/1370/68 875/2000/68
f 823/1997/66 1273/1996/66 1274/2001/69 824/2002/69
f 772/1999/67 1222/1998/67 1223/2003/70 773/2004/70
f 875/2000/68 1325/1370/68 1326/2005/71 876/2006/71
f 824/2002/69 1274/2001/69 1275/2007/72 825/2008/72
f 773/2004/70 1223/2003/70 1224/2009/73 774/2010/73
f 876/2006/71 1326/2005/71 1327/2011/74 877/2012/74
f 825/2008/72 1275/2007/72 1276/2013/75 826/2014/75
f 774/2010/73 1224/2009/73 1225/2015/76 775/2016/76
f 877/2012/74 1327/2011/74 1328/1955/77 878/2017/77
f 826/2014/75 1276/2013/75 1277/2018/78 827/2019/78
f 775/2016/76 1225/2015/76 1226/2020/79 776/2021/79
f 878/2017/77 1328/1955/77 1329/1961/80 879/2022/80
f 827/2019/78 1277/2018/78 1278/2023/81 828/2024/81
f 776/2021/79 1226/2020/79 1227/2025/82 777/2026/82
f 879/2022/80 1329/1961/80 1330/2027/83 880/2028/83
f 828/2024/81 1278/2023/81 1279/2029/84 829/2030/84
f 777/2026/82 1227/2025/82 1228/2031/85 778/2032/85
f 880/2028/83 1330/2027/83 1331/2033/86 881/2034/86
f 829/2030/84 1279/2029/84 1280/1951/87 830/2035/87
f 778/2032/85 1228/2031/85 1229/2036/88 779/2037/88
f 881/2034/86 1331/2033/86 1332/1979/89 882/2038/89
f 830/2035/87 1280/1951/87 1281/1957/90 831/2039/90
f 779/2037/88 1229/2036/88 1230/2040/91 780/2041/91
f 882/2042/89 1332/2043/89 1333/2044/92 883/2045/92
f 831/2039/90 1281/1957/90 1282/1963/93 832/2046/93
f 780/2041/91 1230/2040/91 1231/2047/94 781/2048/94
f 883/2045/92 1333/2044/92 1334/2049/95 884/2050/95
f 832/2046/93 1282/1963/93 1283/1969/96 833/2051/96
f 781/2048/94 1231/2047/94 1232/2052/97 782/2053/97
f 884/2050/95 1334/2049/95 1335/2054/98 885/2055/98
f 833/2051/96 1283/1969/96 1284/2056/99 834/2057/99
f 782/2053/97 1232/2052/97 1233/2058/100 783/2059/100
f 885/2055/98 1335/2054/98 1336/2060/101 886/2061/101
f 834/2057/99 1284/2056/99 1285/1981/102 835/2062/102
f 783/2059/100 1233/2058/100 1234/2063/103 784/2064/103
f 886/2061/101 1336/2060/101 1337/2065/104 887/2066/104
f 835/2062/102 1285/1981/102 1286/2067/105 836/2068/105
f 784/2064/103 1234/2063/103 1235/2069/106 785/2070/106
f 887/2066/104 1337/2065/104 1338/2071/107 888/2072/107
f 836/2068/105 1286/2067/105 1287/1995/108 837/2073/108
f 785/2070/106 1235/2069/106 1236/2074/109 786/2075/109
f 888/2072/107 1338/2071/107 1339/2076/110 889/2077/110
f 837/2073/108 1287/1995/108 1288/2000/111 838/2078/111
f 786/2075/109 1236/2074/109 1237/2079/112 787/2080/112
f 889/2077/110 1339/2076/110 1340/2081/113 890/2082/113
f 838/2078/111 1288/2000/111 1289/2006/114 839/2083/114
f 787/2080/112 1237/2079/112 1238/2084/115 788/2085/115
f 890/2082/113 1340/2081/113 1341/2086/116 891/2087/116
f 839/2083/114 1289/2006/114 1290/2012/117 840/2088/117
f 788/2085/115 1238/2084/115 1239/2089/118 789/2090/118
f 891/2087/116 1341/2086/116 1342/2091/119 892/2092/119
f 840/2088/117 1290/2012/117 1291/2017/120 841/2093/120
f 789/2090/118 1239/2089/118 1240/2094/121 790/2095/121
f 892/2092/119 1342/2091/119 1343/2096/122 893/2097/122
f 841/2093/120 1291/2017/120 1292/2098/123 842/2099/123
f 790/2095/121 1240/2094/121 1241/2100/124 791/2101/124
f 893/2097/122 1343/2096/122 1344/2102/125 894/2103/125
f 842/2099/123 1292/2098/123 1293/2028/126 843/2104/126
f 791/2101/124 1241/2100/124 1242/2105/127 792/2106/127
f 894/2103/125 1344/2102/125 1345/2107/128 895/2108/128
f 843/2104/126 1293/2028/126 1294/2034/129 844/2109/129
f 792/2106/127 1242/2105/127 1243/2110/130 793/2111/130
f 895/2108/128 1345/2107/128 1346/2112/131 896/2113/131
f 844/2109/129 1294/2034/129 1295/2114/132 845/2115/132
f 793/2111/130 1243/2110/130 1244/2116/133 794/2117/133
f 896/2113/131 1346/2112/131 1347/2118/134 897/2119/134
f 845/2120/132 1295/2121/132 1296/2045/135 846/2122/135
f 794/2117/133 1244/2116/133 1245/2123/136 795/2124/136
f 897/2119/134 1347/2118/134 1348/2125/137 898/2126/137
f 846/2122/135 1296/2045/135 1297/2050/138 847/2127/138
f 795/2124/136 1245/2123/136 1246/2128/139 796/2129/139
f 898/2126/137 1348/2125/137 1349/2130/140 899/2131/140
f 847/2127/138 1297/2050/138 1298/2132/141 848/2133/141
f 796/2129/139 1246/2128/139 1247/2134/142 797/2135/142
f 899/2131/140 1349/2130/140 1350/2136/143 900/2137/143
f 848/2133/141 1298/2132/141 1299/2061/144 849/2138/144
f 797/2135/142 1247/2134/142 1248/2139/145 798/2140/145
f 900/2137/143 1350/2136/143 1201/2141/8 751/2142/8
f 849/2138/144 1299/2061/144 1300/2066/146 850/2143/146
f 798/2140/145 1248/2139/145 1249/2144/147 799/2145/147
f 850/2143/146 1300/2066/146 1301/2072/148 851/2146/148
f 799/2145/147 1249/2144/147 1250/2147/149 800/2148/149
f 851/2146/148 1301/2072/148 1302/2077/150 852/1946/150
f 800/2148/149 1250/2147/149 1251/2149/151 801/2150/151
f 852/1946/150 1302/2077/150 1303/2082/4 853/2151/4
f 801/2150/151 1251/2149/151 1252/2152/6 802/2153/6
f 853/2151/4 1303/2082/4 1304/2087/5 854/2154/5
f 802/2153/6 1252/2152/6 1253/2155/7 803/2156/7
f 751/2142/8 1201/2141/8 1202/2157/9 752/1941/9
f 854/2154/5 1304/2087/5 1305/2092/10 855/1964/10
f 803/2156/7 1253/2155/7 1254/2158/11 804/2159/11
f 752/1941/9 1202/2157/9 1203/2160/12 753/1942/12
f 855/1964/10 1305/2092/10 1306/2161/13 856/1970/13
f 804/2159/11 1254/2158/11 1255/2162/14 805/2163/14
f 753/1942/12 1203/2160/12 1204/2164/15 754/2165/15
f 856/1970/13 1306/2161/13 1307/2103/16 857/2166/16
f 805/2163/14 1255/2162/14 1256/2167/17 806/2168/17
f 754/2165/15 1204/2164/15 1205/2169/18 755/1956/18
f 857/2166/16 1307/2103/16 1308/2108/19 858/1982/19
f 806/2168/17 1256/2167/17 1257/2170/20 807/2171/20
f 755/1956/18 1205/2169/18 1206/2172/21 756/2173/21
f 858/1982/19 1308/2108/19 1309/2113/22 859/1990/22
f 807/2171/20 1257/2170/20 1258/2174/23 808/2175/23
f 756/2173/21 1206/2172/21 1207/2176/24 757/2177/24
f 859/1990/22 1309/2113/22 1310/2119/25 860/2178/25
f 808/2179/23 1258/2120/23 1259/2180/26 809/2181/26
f 757/2177/24 1207/2176/24 1208/2182/2 758/1974/2
f 860/2178/25 1310/2119/25 1311/2183/27 861/2001/27
f 809/2181/26 1259/2180/26 1260/2184/28 810/2185/28
f 758/1974/2 1208/2182/2 1209/2186/3 759/1980/3
f 861/2001/27 1311/2183/27 1312/2187/29 862/2007/29
f 810/2185/28 1260/2184/28 1261/2133/30 811/2188/30
f 759/1980/3 1209/2186/3 1210/2189/31 760/2190/31
f 862/2007/29 1312/2187/29 1313/2137/32 863/2013/32
f 811/2188/30 1261/2133/30 1262/2138/33 812/2191/33
f 760/2190/31 1210/2189/31 1211/2192/34 761/2193/34
f 863/2013/32 1313/2137/32 1314/2142/35 864/2018/35
f 812/2191/33 1262/2138/33 1263/2194/36 813/2195/36
f 761/2193/34 1211/2192/34 1212/1371/37 762/1370/37
f 864/2018/35 1314/2142/35 1315/1941/38 865/1940/38
f 813/2195/36 1263/2194/36 1264/1945/39 814/1944/39
s 0
f 1052/2196/152 1202/2197/152 1201/2198/152 1051/2199/152
f 1053/2200/152 1203/2201/152 1202/2197/152 1052/2196/152
f 1054/2202/152 1204/2203/152 1203/2201/152 1053/2200/152
f 1055/2204/152 1205/2205/152 1204/2203/152 1054/2202/152
f 1056/2206/152 1206/2207/152 1205/2205/152 1055/2204/152
f 1057/2208/152 1207/2209/152 1206/2207/152 1056/2206/152
f 1058/2210/152 1208/2211/152 1207/2209/152 1057/2208/152
f 1059/2212/152 1209/2213/152 1208/2211/152 1058/2210/152
f 1060/2214/152 1210/2215/152 1209/2213/152 1059/2212/152
f 1061/2216/152 1211/2217/152 1210/2215/152 1060/2214/152
f 1062/2218/152 1212/2219/152 1211/2217/152 1061/2216/152
f 1063/2220/152 1213/2221/152 1212/2219/152 1062/2218/152
f 1064/2222/152 1214/2223/152 1213/2221/152 1063/2220/152
f 1065/2224/152 1215/2225/152 1214/2223/152 1064/2222/152
f 1066/2226/152 1216/2227/152 1215/2225/152 1065/2224/152
f 1067/2228/152 1217/2229/152 1216/2227/152 1066/2226/152
f 1068/2230/152 1218/2231/152 1217/2229/152 1067/2228/152
f 1069/2232/152 1219/2233/152 1218/2231/152 1068/2230/152
f 1070/2234/152 1220/2235/152 1219/2233/152 1069/2232/152
f 1071/2236/152 1221/2237/152 1220/2235/152 1070/2234/152
f 1072/2238/152 1222/2239/152 1221/2237/152 1071/2236/152
f 1073/2240/152 1223/2241/152 1222/2239/152 1072/2238/152
f 1074/2242/152 1224/2243/152 1223/2241/152 1073/2240/152
f 1075/2244/152 1225/2245/152 1224/2243/152 1074/2242/152
f 1076/2246/152 1226/2247/152 1225/2245/152 1075/2244/152
f 1077/2248/152 1227/2249/152 1226/2247/152 1076/2246/152
f 1078/2250/152 1228/2251/152 1227/2249/152 1077/2248/152
f 1079/2252/152 1229/2253/152 1228/2251/152 1078/2250/152
f 1080/2254/152 1230/2255/152 1229/2253/152 1079/2252/152
f 1081/2256/152 1231/2257/152 1230/2255/152 1080/2254/152
f 1082/2258/152 1232/2259/152 1231/2257/152 1081/2256/152
f 1083/2260/152 1233/2261/152 1232/2259/152 1082/2258/152
f 1084/2262/152 1234/2263/152 1233/2261/152 1083/2260/152
f 1085/2264/152 1235/2265/152 1234/2263/152 1084/2262/152
f 1086/2266/152 1236/2267/152 1235/2265/152 1085/2264/152
f 1087/2268/152 1237/2269/152 1236/2267/152 1086/2266/152
f 1088/2270/152 1238/2271/152 1237/2269/152 1087/2268/152
f 1089/2272/152 1239/2273/152 1238/2271/152 1088/2270/152
f 1090/2274/152 1240/2275/152 1239/2273/152 1089/2272/152
f 1091/2276/152 1241/2277/152 1240/2275/152 1090/2274/152
f 1092/2278/152 1242/2279/152 1241/2277/152 1091/2276/152
f 1093/2280/152 1243/2281/152 1242/2279/152 1092/2278/152
f 1094/2282/152 1244/2283/152 1243/2281/152 1093/2280/152
f 1095/2284/152 1245/2285/152 1244/2283/152 1094/2282/152
f 1096/2286/152 1246/2287/152 1245/2285/152 1095/2284/152
f 1097/2288/152 1247/2289/152 1246/2287/152 1096/2286/152
f 1098/2290/152 1248/2291/152 1247/2289/152 1097/2288/152
f 1099/2292/152 1249/2293/152 1248/2291/152 1098/2290/152
f 1100/2294/152 1250/2295/152 1249/2293/152 1099/2292/152
f 1101/2296/152 1251/2297/152 1250/2295/152 1100/2294/152
f 1102/2298/152 1252/2299/152 1251/2297/152 1101/2296/152
f 1103/2300/152 1253/2301/152 1252/2299/152 1102/2298/152
f 1104/2302/152 1254/2303/152 1253/2301/152 1103/2300/152
f 1105/2304/152 1255/2305/152 1254/2303/152 1104/2302/152
f 1106/2306/152 1256/2307/152 1255/2305/152 1105/2304/152
f 1107/2308/152 1257/2309/152 1256/2307/152 1106/2306/152
f 1108/2310/152 1258/2311/152 1257/2309/152 1107/2308/152
f 1109/2312/152 1259/2313/152 1258/2311/152 1108/2310/152
f 1110/2314/152 1260/2315/152 1259/2313/152 1109/2312/152
f 1111/2316/152 1261/2317/152 1260/2315/152 1110/2314/152
f 1112/2318/152 1262/2319/152 1261/2317/152 1111/2316/152
f 1113/2320/152 1263/2321/152 1262/2319/152 1112/2318/152
f 1114/2322/152 1264/2323/152 1263/2321/152 1113/2320/152
f 1115/2324/152 1265/2325/152 1264/2323/152 1114/2322/152
f 1116/2326/152 1266/2327/152 1265/2325/152 1115/2324/152
f 1117/2328/152 1267/2329/152 1266/2327/152 1116/2326/152
f 1118/2330/152 1268/2331/152 1267/2329/152 1117/2328/152
f 1119/2332/152 1269/2333/152 1268/2331/152 1118/2330/152
f 1120/2334/152 1270/2335/152 1269/2333/152 1119/2332/152
f 1121/2336/152 1271/2337/152 1270/2335/152 1120/2334/152
f 1122/2338/152 1272/2339/152 1271/2337/152 1121/2336/152
f 1123/2340/152 1273/2341/152 1272/2339/152 1122/2338/152
f 1124/2342/152 1274/2343/152 1273/2341/152 1123/2340/152
f 1125/2344/152 1275/2345/152 1274/2343/152 1124/2342/152
f 1126/2346/152 1276/2347/152 1275/2345/152 1125/2344/152
f 1127/2348/152 1277/2349/152 1276/2347/152 1126/2346/152
f 1128/2350/152 1278/2351/152 1277/2349/152 1127/2348/152
f 1129/2352/152 1279/2353/152 1278/2351/152 1128/2350/152
f 1130/2354/152 1280/2355/152 1279/2353/152 1129/2352/152
f 1131/2356/152 1281/2357/152 1280/2355/152 1130/2354/152
f 1132/2358/152 1282/2359/152 1281/2357/152 1131/2356/152
f 1133/2360/152 1283/2361/152 1282/2359/152 1132/2358/152
f 1134/2362/152 1284/2363/152 1283/2361/152 1133/2360/152
f 1135/2364/152 1285/2365/152 1284/2363/152 1134/2362/152
f 1136/2366/152 1286/2367/152 1285/2365/152 1135/2364/152
f 1137/2368/152 1287/2369/152 1286/2367/152 1136/2366/152
f 1138/2370/152 1288/2371/152 1287/2369/152 1137/2368/152
f 1139/2372/152 1289/2373/152 1288/2371/152 1138/2370/152
f 1140/2374/152 1290/2375/152 1289/2373/152 1139/2372/152
f 1141/2376/152 1291/2377/152 1290/2375/152 1140/2374/152
f 1142/2378/152 1292/2379/152 1291/2377/152 1141/2376/152
f 1143/2380/152 1293/2381/152 1292/2379/152 1142/2378/152
f 1144/2382/152 1294/2383/152 1293/2381/152 1143/2380/152
f 1145/2384/152 1295/2385/152 1294/2383/152 1144/2382/152
f 1146/2386/152 1296/2387/152 1295/2385/152 1145/2384/152
f 1147/2388/152 1297/2389/152 1296/2387/152 1146/2386/152
f 1148/2390/152 1298/2391/152 1297/2389/152 1147/2388/152
f 1149/2392/152 1299/2393/152 1298/2391/152 1148/2390/152
f 1150/2394/152 1300/2395/152 1299/2393/152 1149/2392/152
f 1151/2396/152 1301/2397/152 1300/2395/152 1150/2394/152
f 1152/2398/152 1302/2399/152 1301/2397/152 1151/2396/152
f 1153/2400/152 1303/2401/152 1302/2399/152 1152/2398/152
f 1154/2402/152 1304/2403/152 1303/2401/152 1153/2400/152
f 1155/2404/152 1305/2405/152 1304/2403/152 1154/2402/152
f 1156/2406/152 1306/2407/152 1305/2405/152 1155/2404/152
f 1157/2408/152 1307/2409/152 1306/2407/152 1156/2406/152
f 1158/2410/152 1308/2411/152 1307/2409/152 1157/2408/152
f 1159/2412/152 1309/2413/152 1308/2411/152 1158/2410/152
f 1160/2414/152 1310/2415/152 1309/2413/152 1159/2412/152
f 1161/2416/152 1311/2417/152 1310/2415/152 1160/2414/152
f 1162/2418/152 1312/2419/152 1311/2417/152 1161/2416/152
f 1163/2420/152 1313/2421/152 1312/2419/152 1162/2418/152
f 1164/2422/152 1314/2423/152 1313/2421/152 1163/2420/152
f 1165/2424/152 1315/2425/152 1314/2423/152 1164/2422/152
f 1166/2426/152 1316/2427/152 1315/2425/152 1165/2424/152
f 1167/2428/152 1317/2429/152 1316/2427/152 1166/2426/152
f 1168/2430/152 1318/2431/152 1317/2429/152 1167/2428/152
f 1169/2432/152 1319/2433/152 1318/2431/152 1168/2430/152
f 1170/2434/152 1320/2435/152 1319/2433/152 1169/2432/152
f 1171/2436/152 1321/2437/152 1320/2435/152 1170/2434/152
f 1172/2438/152 1322/2439/152 1321/2437/152 1171/2436/152
f 1173/2440/152 1323/2441/152 1322/2439/152 1172/2438/152
f 1174/2442/152 1324/2443/152 1323/2441/152 1173/2440/152
f 1175/2444/152 1325/2445/152 1324/2443/152 1174/2442/152
f 1176/2446/152 1326/2447/152 1325/2445/152 1175/2444/152
f 1177/2448/152 1327/2449/152 1326/2447/152 1176/2446/152
f 1178/2450/152 1328/2451/152 1327/2449/152 1177/2448/152
f 1179/2452/152 1329/2453/152 1328/2451/152 1178/2450/152
f 1180/2454/152 1330/2455/152 1329/2453/152 1179/2452/152
f 1181/2456/152 1331/2457/152 1330/2455/152 1180/2454/152
f 1182/2458/152 1332/2459/152 1331/2457/152 1181/2456/152
f 1183/2460/152 1333/2461/152 1332/2459/152 1182/2458/152
f 1184/2462/152 1334/2463/152 1333/2461/152 1183/2460/152
f 1185/2464/152 1335/2465/152 1334/2463/152 1184/2462/152
f 1186/2466/152 1336/2467/152 1335/2465/152 1185/2464/152
f 1187/2468/152 1337/2469/152 1336/2467/152 1186/2466/152
f 1188/2470/152 1338/2471/152 1337/2469/152 1187/2468/152
f 1189/2472/152 1339/2473/152 1338/2471/152 1188/2470/152
f 1190/2474/152 1340/2475/152 1339/2473/152 1189/2472/152
f 1191/2476/152 1341/2477/152 1340/2475/152 1190/2474/152
f 1192/2478/152 1342/2479/152 1341/2477/152 1191/2476/152
f 1193/2480/152 1343/2481/152 1342/2479/152 1192/2478/152
f 1194/2482/152 1344/2483/152 1343/2481/152 1193/2480/152
f 1195/2484/152 1345/2485/152 1344/2483/152 1194/2482/152
f 1196/2486/152 1346/2487/152 1345/2485/152 1195/2484/152
f 1197/2488/152 1347/2489/152 1346/2487/152 1196/2486/152
f 1198/2490/152 1348/2491/152 1347/2489/152 1197/2488/152
f 1199/2492/152 1349/2493/152 1348/2491/152 1198/2490/152
f 1200/2494/152 1350/2495/152 1349/2493/152 1199/2492/152
f 1051/2199/152 1201/2198/152 1350/2495/152 1200/2494/152
s 1
f 1363/2496/40 1813/2497/40 1814/2498/43 1364/2499/43
f 1074/2500/73 1524/2501/73 1525/2502/76 1075/2503/76
f 1177/2504/74 1627/2505/74 1628/2506/77 1178/2507/77
f 1126/1939/75 1576/1938/75 1577/2508/78 1127/2509/78
f 1075/2503/76 1525/2502/76 1526/2510/79 1076/2511/79
f 1178/2507/77 1628/2506/77 1629/2512/80 1179/2513/80
f 1127/2509/78 1577/2508/78 1578/2514/81 1128/2515/81
f 1076/2511/79 1526/2510/79 1527/2516/82 1077/2517/82
f 1179/2513/80 1629/2512/80 1630/2518/83 1180/2519/83
f 1128/2515/81 1578/2514/81 1579/2520/84 1129/2521/84
f 1077/2517/82 1527/2516/82 1528/2522/85 1078/2523/85
f 1180/2519/83 1630/2518/83 1631/2524/86 1181/2525/86
f 1129/2521/84 1579/2520/84 1580/2526/87 1130/2527/87
f 1078/2523/85 1528/2522/85 1529/2528/88 1079/2529/88
f 1181/2525/86 1631/2524/86 1632/2530/89 1182/2531/89
f 1130/2527/87 1580/2526/87 1581/2532/90 1131/2533/90
f 1079/2529/88 1529/2528/88 1530/2534/91 1080/2535/91
f 1182/2536/89 1632/2537/89 1633/2538/92 1183/2539/92
f 1131/2533/90 1581/2532/90 1582/2540/93 1132/2541/93
f 1080/2535/91 1530/2534/91 1531/2542/94 1081/2543/94
f 1183/2539/92 1633/2538/92 1634/2544/95 1184/2545/95
f 1132/2541/93 1582/2540/93 1583/2546/96 1133/2547/96
f 1081/2543/94 1531/2542/94 1532/2548/97 1082/2549/97
f 1184/2545/95 1634/2544/95 1635/2550/98 1185/2551/98
f 1133/2547/96 1583/2546/96 1584/2552/99 1134/2553/99
f 1082/2549/97 1532/2548/97 1533/2554/100 1083/2555/100
f 1185/2551/98 1635/2550/98 1636/2556/101 1186/2557/101
f 1134/2553/99 1584/2552/99 1585/2558/102 1135/2559/102
f 1083/2555/100 1533/2554/100 1534/2560/103 1084/2561/103
f 1186/2557/101 1636/2556/101 1637/2562/104 1187/2563/104
f 1135/2559/102 1585/2558/102 1586/2564/105 1136/2565/105
f 1084/2561/103 1534/2560/103 1535/2566/106 1085/2567/106
f 1187/2563/104 1637/2562/104 1638/2568/107 1188/2569/107
f 1136/2565/105 1586/2564/105 1587/2570/108 1137/2571/108
f 1085/2567/106 1535/2566/106 1536/2572/109 1086/2573/109
f 1188/2569/107 1638/2568/107 1639/2574/110 1189/2575/110
f 1137/2571/108 1587/2570/108 1588/2576/111 1138/2577/111
f 1086/2573/109 1536/2572/109 1537/2578/112 1087/2579/112
f 1189/2575/110 1639/2574/110 1640/2580/113 1190/2581/113
f 1138/2577/111 1588/2576/111 1589/2582/114 1139/2583/114
f 1087/2579/112 1537/2578/112 1538/2584/115 1088/2585/115
f 1190/2581/113 1640/2580/113 1641/2586/116 1191/2587/116
f 1139/2583/114 1589/2582/114 1590/2504/117 1140/2588/117
f 1088/2585/115 1538/2584/115 1539/2589/118 1089/2590/118
f 1191/2587/116 1641/2586/116 1642/2591/119 1192/2592/119
f 1140/2588/117 1590/2504/117 1591/2507/120 1141/2593/120
f 1089/2590/118 1539/2589/118 1540/2594/121 1090/2595/121
f 1192/2592/119 1642/2591/119 1643/2596/122 1193/2597/122
f 1141/2593/120 1591/2507/120 1592/2598/123 1142/2599/123
f 1090/2595/121 1540/2594/121 1541/2600/124 1091/2601/124
f 1193/2597/122 1643/2596/122 1644/2602/125 1194/2603/125
f 1142/2599/123 1592/2598/123 1593/2519/126 1143/2604/126
f 1091/2601/124 1541/2600/124 1542/2605/127 1092/2606/127
f 1194/2603/125 1644/2602/125 1645/2607/128 1195/2608/128
f 1143/2604/126 1593/2519/126 1594/2525/129 1144/2609/129
f 1092/2606/127 1542/2605/127 1543/2610/130 1093/2611/130
f 1195/2608/128 1645/2607/128 1646/2612/131 1196/2613/131
f 1144/2609/129 1594/2525/129 1595/2531/132 1145/2614/132
f 1093/2611/130 1543/2610/130 1544/2615/133 1094/2616/133
f 1196/2613/131 1646/2612/131 1647/2617/134 1197/2618/134
f 1145/2619/132 1595/2620/132 1596/2621/135 1146/2622/135
f 1094/2616/133 1544/2615/133 1545/2623/136 1095/2624/136
f 1197/2618/134 1647/2617/134 1648/2625/137 1198/2626/137
f 1146/2622/135 1596/2621/135 1597/2627/138 1147/2628/138
f 1095/2624/136 1545/2623/136 1546/2629/139 1096/2630/139
f 1198/2626/137 1648/2625/137 1649/2631/140 1199/2632/140
f 1147/2628/138 1597/2627/138 1598/2633/141 1148/2634/141
f 1096/2630/139 1546/2629/139 1547/2635/142 1097/2636/142
f 1199/2632/140 1649/2631/140 1650/1939/143 1200/2637/143
f 1148/2634/141 1598/2633/141 1599/2638/144 1149/2639/144
f 1097/2636/142 1547/2635/142 1548/2640/145 1098/2641/145
f 1200/2637/143 1650/1939/143 1501/2509/8 1051/2642/8
f 1149/2639/144 1599/2638/144 1600/2643/146 1150/2644/146
f 1098/2641/145 1548/2640/145 1549/2645/147 1099/2646/147
f 1150/2644/146 1600/2643/146 1601/2647/148 1151/2648/148
f 1099/2646/147 1549/2645/147 1550/2649/149 1100/2650/149
f 1151/2648/148 1601/2647/148 1602/2651/150 1152/2652/150
f 1100/2650/149 1550/2649/149 1551/2653/151 1101/2654/151
f 1152/2652/150 1602/2651/150 1603/2655/4 1153/2656/4
f 1101/2654/151 1551/2653/151 1552/2657/6 1102/2658/6
f 1153/2656/4 1603/2655/4 1604/2659/5 1154/2660/5
f 1102/2658/6 1552/2657/6 1553/2661/7 1103/2662/7
f 1051/2642/8 1501/2509/8 1502/2663/9 1052/2664/9
f 1154/2660/5 1604/2659/5 1605/2665/10 1155/2666/10
f 1103/2662/7 1553/2661/7 1554/2667/11 1104/2668/11
f 1052/2664/9 1502/2663/9 1503/2669/12 1053/2670/12
f 1155/2666/10 1605/2665/10 1606/2671/13 1156/2672/13
f 1104/2668/11 1554/2667/11 1555/2673/14 1105/2674/14
f 1053/2670/12 1503/2669/12 1504/2527/15 1054/2675/15
f 1156/2672/13 1606/2671/13 1607/2676/16 1157/2677/16
f 1105/2674/14 1555/2673/14 1556/2678/17 1106/2679/17
f 1054/2675/15 1504/2527/15 1505/2533/18 1055/2680/18
f 1157/2677/16 1607/2676/16 1608/2681/19 1158/2682/19
f 1106/2679/17 1556/2678/17 1557/2683/20 1107/2684/20
f 1055/2680/18 1505/2533/18 1506/2685/21 1056/2686/21
f 1158/2682/19 1608/2681/19 1609/2687/22 1159/2688/22
f 1107/2684/20 1557/2683/20 1558/2689/23 1108/2690/23
f 1056/2686/21 1506/2685/21 1507/2691/24 1057/2692/24
f 1159/2688/22 1609/2687/22 1610/2693/25 1160/2694/25
f 1108/2695/23 1558/2696/23 1559/2697/26 1109/2698/26
f 1057/2692/24 1507/2691/24 1508/2553/2 1058/2699/2
f 1160/2694/25 1610/2693/25 1611/2700/27 1161/2701/27
f 1109/2698/26 1559/2697/26 1560/2628/28 1110/2544/28
f 1058/2699/2 1508/2553/2 1509/2559/3 1059/2702/3
f 1161/2701/27 1611/2700/27 1612/2703/29 1162/1937/29
f 1110/2544/28 1560/2628/28 1561/2634/30 1111/2704/30
f 1059/2702/3 1509/2559/3 1510/2565/31 1060/2705/31
f 1162/1937/29 1612/2703/29 1613/2706/32 1163/1938/32
f 1111/2704/30 1561/2634/30 1562/2707/33 1112/2708/33
f 1060/2705/31 1510/2565/31 1511/2709/34 1061/2710/34
f 1163/1938/32 1613/2706/32 1614/2711/35 1164/2508/35
f 1112/2708/33 1562/2707/33 1563/2712/36 1113/2562/36
f 1061/2710/34 1511/2709/34 1512/2577/37 1062/2713/37
f 1164/2508/35 1614/2711/35 1615/2714/38 1165/2514/38
f 1113/2562/36 1563/2712/36 1564/2715/39 1114/2716/39
f 1062/2713/37 1512/2577/37 1513/2717/40 1063/2718/40
f 1165/2514/38 1615/2714/38 1616/2719/41 1166/2720/41
f 1114/2716/39 1564/2715/39 1565/2721/42 1115/2722/42
f 1063/2718/40 1513/2717/40 1514/2588/43 1064/2723/43
f 1166/2720/41 1616/2719/41 1617/2724/44 1167/2526/44
f 1115/2722/42 1565/2721/42 1566/2656/45 1116/2580/45
f 1064/2723/43 1514/2588/43 1515/2593/46 1065/2725/46
f 1167/2526/44 1617/2724/44 1618/2726/47 1168/2727/47
f 1116/2580/45 1566/2656/45 1567/2660/48 1117/2586/48
f 1065/2725/46 1515/2593/46 1516/2728/49 1066/2729/49
f 1168/2727/47 1618/2726/47 1619/2730/50 1169/2540/50
f 1117/2586/48 1567/2660/48 1568/2666/51 1118/2591/51
f 1066/2729/49 1516/2728/49 1517/2604/52 1067/2731/52
f 1169/2540/50 1619/2730/50 1620/2732/53 1170/2733/53
f 1118/2591/51 1568/2666/51 1569/2734/54 1119/2735/54
f 1067/2731/52 1517/2604/52 1518/2736/55 1068/2737/55
f 1170/2733/53 1620/2732/53 1621/2738/56 1171/2552/56
f 1119/2735/54 1569/2734/54 1570/2739/57 1120/2740/57
f 1068/2737/55 1518/2736/55 1519/2741/58 1069/2742/58
f 1171/2552/56 1621/2738/56 1622/2743/59 1172/2558/59
f 1120/2740/57 1570/2739/57 1571/2744/60 1121/2745/60
f 1069/2746/58 1519/2747/58 1520/2748/61 1070/2749/61
f 1172/2558/59 1622/2743/59 1623/2750/62 1173/2751/62
f 1121/2745/60 1571/2744/60 1572/2688/63 1122/2612/63
f 1070/2749/61 1520/2748/61 1521/2752/64 1071/2753/64
f 1173/2751/62 1623/2750/62 1624/2754/65 1174/2570/65
f 1122/2612/63 1572/2688/63 1573/2694/66 1123/2617/66
f 1071/2753/64 1521/2752/64 1522/2755/67 1072/2756/67
f 1174/2570/65 1624/2754/65 1625/2757/68 1175/2576/68
f 1123/2617/66 1573/2694/66 1574/2701/69 1124/2758/69
f 1072/2756/67 1522/2755/67 1523/2759/70 1073/2760/70
f 1175/2576/68 1625/2757/68 1626/2761/71 1176/2582/71
f 1124/2758/69 1574/2701/69 1575/1937/72 1125/1936/72
f 1073/2760/70 1523/2759/70 1524/2501/73 1074/2500/73
f 1176/2582/71 1626/2761/71 1627/2505/74 1177/2504/74
s 0
f 1352/2762/152 1502/2763/152 1501/2764/152 1351/2765/152
f 1353/2766/152 1503/2767/152 1502/2763/152 1352/2762/152
f 1354/2768/152 1504/2769/152 1503/2767/152 1353/2766/152
f 1355/2770/152 1505/2771/152 1504/2769/152 1354/2768/152
f 1356/2772/152 1506/2773/152 1505/2771/152 1355/2770/152
f 1357/2774/152 1507/2775/152 1506/2773/152 1356/2772/152
f 1358/2776/152 1508/2777/152 1507/2775/152 1357/2774/152
f 1359/2778/152 1509/2779/152 1508/2777/152 1358/2776/152
f 1360/2780/152 1510/2781/152 1509/2779/152 1359/2778/152
f 1361/2782/152 1511/2783/152 1510/2781/152 1360/2780/152
f 1362/2784/152 1512/2785/152 1511/2783/152 1361/2782/152
f 1363/2786/152 1513/2787/152 1512/2785/152 1362/2784/152
f 1364/2788/152 1514/2789/152 1513/2787/152 1363/2786/152
f 1365/2790/152 1515/2791/152 1514/2789/152 1364/2788/152
f 1366/2792/152 1516/2793/152 1515/2791/152 1365/2790/152
f 1367/2794/152 1517/2795/152 1516/2793/152 1366/2792/152
f 1368/2796/152 1518/2797/152 1517/2795/152 1367/2794/152
f 1369/2798/152 1519/2799/152 1518/2797/152 1368/2796/152
f 1370/2800/152 1520/2801/152 1519/2799/152 1369/2798/152
f 1371/2802/152 1521/2803/152 1520/2801/152 1370/2800/152
f 1372/2804/152 1522/2805/152 1521/2803/152 1371/2802/152
f 1373/2806/152 1523/2807/152 1522/2805/152 1372/2804/152
f 1374/2808/152 1524/2809/152 1523/2807/152 1373/2806/152
f 1375/2810/152 1525/2811/152 1524/2809/152 1374/2808/152
f 1376/2812/152 1526/2813/152 1525/2811/152 1375/2810/152
f 1377/2814/152 1527/2815/152 1526/2813/152 1376/2812/152
f 1378/2816/152 1528/2817/152 1527/2815/152 1377/2814/152
f 1379/2818/152 1529/2819/152 1528/2817/152 1378/2816/152
f 1380/2820/152 1530/2821/152 1529/2819/152 1379/2818/152
f 1381/2822/152 1531/2823/152 1530/2821/152 1380/2820/152
f 1382/2824/152 1532/2825/152 1531/2823/152 1381/2822/152
f 1383/2826/152 1533/2827/152 1532/2825/152 1382/2824/152
f 1384/2828/152 1534/2829/152 1533/2827/152 1383/2826/152
f 1385/2830/152 1535/2831/152 1534/2829/152 1384/2828/152
f 1386/2832/152 1536/2833/152 1535/2831/152 1385/2830/152
f 1387/2834/152 1537/2835/152 1536/2833/152 1386/2832/152
f 1388/2836/152 1538/2837/152 1537/2835/152 1387/2834/152
f 1389/2838/152 1539/2839/152 1538/2837/152 1388/2836/152
f 1390/2840/152 1540/2841/152 1539/2839/152 1389/2838/152
f 1391/2842/152 1541/2843/152 1540/2841/152 1390/2840/152
f 1392/2844/152 1542/2845/152 1541/2843/152 1391/2842/152
f 1393/2846/152 1543/2847/152 1542/2845/152 1392/2844/152
f 1394/2848/152 1544/2849/152 1543/2847/152 1393/2846/152
f 1395/2850/152 1545/2851/152 1544/2849/152 1394/2848/152
f 1396/2852/152 1546/2853/152 1545/2851/152 1395/2850/152
f 1397/2854/152 1547/2855/152 1546/2853/152 1396/2852/152
f 1398/2856/152 1548/2857/152 1547/2855/152 1397/2854/152
f 1399/2858/152 1549/2859/152 1548/2857/152 1398/2856/152
f 1400/2860/152 1550/2861/152 1549/2859/152 1399/2858/152
f 1401/2862/152 1551/2863/152 1550/2861/152 1400/2860/152
f 1402/2864/152 1552/2865/152 1551/2863/152 1401/2862/152
f 1403/2866/152 1553/2867/152 1552/2865/152 1402/2864/152
f 1404/2868/152 1554/2869/152 1553/2867/152 1403/2866/152
f 1405/2870/152 1555/2871/152 1554/2869/152 1404/2868/152
f 1406/2872/152 1556/2873/152 1555/2871/152 1405/2870/152
f 1407/2874/152 1557/2875/152 1556/2873/152 1406/2872/152
f 1408/2876/152 1558/2877/152 1557/2875/152 1407/2874/152
f 1409/2878/152 1559/2879/152 1558/2877/152 1408/2876/152
f 1410/2880/152 1560/2881/152 1559/2879/152 1409/2878/152
f 1411/2882/152 1561/2883/152 1560/2881/152 1410/2880/152
f 1412/2884/152 1562/2885/152 1561/2883/152 1411/2882/152
f 1413/2886/152 1563/2887/152 1562/2885/152 1412/2884/152
f 1414/2888/152 1564/2889/152 1563/2887/152 1413/2886/152
f 1415/2890/152 1565/2891/152 1564/2889/152 1414/2888/152
f 1416/2892/152 1566/2893/152 1565/2891/152 1415/2890/152
f 1417/2894/152 1567/2895/152 1566/2893/152 1416/2892/152
f 1418/2896/152 1568/2897/152 1567/2895/152 1417/2894/152
f 1419/2898/152 1569/2899/152 1568/2897/152 1418/2896/152
f 1420/2900/152 1570/2901/152 1569/2899/152 1419/2898/152
f 1421/2902/152 1571/2903/152 1570/2901/152 1420/2900/152
f 1422/2904/152 1572/2905/152 1571/2903/152 1421/2902/152
f 1423/2906/152 1573/2907/152 1572/2905/152 1422/2904/152
f 1424/2908/152 1574/2909/152 1573/2907/152 1423/2906/152
f 1425/2910/152 1575/2911/152 1574/2909/152 1424/2908/152
f 1426/2912/152 1576/2913/152 1575/2911/152 1425/2910/152
f 1427/2914/152 1577/2915/152 1576/2913/152 1426/2912/152
f 1428/2916/152 1578/2917/152 1577/2915/152 1427/2914/152
f 1429/2918/152 1579/2919/152 1578/2917/152 1428/2916/152
f 1430/2920/152 1580/2921/152 1579/2919/152 1429/2918/152
f 1431/2922/152 1581/2923/152 1580/2921/152 1430/2920/152
f 1432/2924/152 1582/2925/152 1581/2923/152 1431/2922/152
f 1433/2926/152 1583/2927/152 1582/2925/152 1432/2924/152
f 1434/2928/152 1584/2929/152 1583/2927/152 1433/2926/152
f 1435/2930/152 1585/2931/152 1584/2929/152 1434/2928/152
f 1436/2932/152 1586/2933/152 1585/2931/152 1435/2930/152
f 1437/2934/152 1587/2935/152 1586/2933/152 1436/2932/152
f 1438/2936/152 1588/2937/152 1587/2935/152 1437/2934/152
f 1439/2938/152 1589/2939/152 1588/2937/152 1438/2936/152
f 1440/2940/152 1590/2941/152 1589/2939/152 1439/2938/152
f 1441/2942/152 1591/2943/152 1590/2941/152 1440/2940/152
f 1442/2944/152 1592/2945/152 1591/2943/152 1441/2942/152
f 1443/2946/152 1593/2947/152 1592/2945/152 1442/2944/152
f 1444/2948/152 1594/2949/152 1593/2947/152 1443/2946/152
f 1445/2950/152 1595/2951/152 1594/2949/152 1444/2948/152
f 1446/2952/152 1596/2953/152 1595/2951/152 1445/2950/152
f 1447/2954/152 1597/2955/152 1596/2953/152 1446/2952/152
f 1448/2956/152 1598/2957/152 1597/2955/152 1447/2954/152
f 1449/2958/152 1599/2959/152 1598/2957/152 1448/2956/152
f 1450/2960/152 1600/2961/152 1599/2959/152 1449/2958/152
f 1451/2962/152 1601/2963/152 1600/2961/152 1450/2960/152
f 1452/2964/152 1602/2965/152 1601/2963/152 1451/2962/152
f 1453/2966/152 1603/2967/152 1602/2965/152 1452/2964/152
f 1454/2968/152 1604/2969/152 1603/2967/152 1453/2966/152
f 1455/2970/152 1605/2971/152 1604/2969/152 1454/2968/152
f 1456/2972/152 1606/2973/152 1605/2971/152 1455/2970/152
f 1457/2974/152 1607/2975/152 1606/2973/152 1456/2972/152
f 1458/2976/152 1608/2977/152 1607/2975/152 1457/2974/152
f 1459/2978/152 1609/2979/152 1608/2977/152 1458/2976/152
f 1460/2980/152 1610/2981/152 1609/2979/152 1459/2978/152
f 1461/2982/152 1611/2983/152 1610/2981/152 1460/2980/152
f 1462/2984/152 1612/2985/152 1611/2983/152 1461/2982/152
f 1463/2986/152 1613/2987/152 1612/2985/152 1462/2984/152
f 1464/2988/152 1614/2989/152 1613/2987/152 1463/2986/152
f 1465/2990/152 1615/2991/152 1614/2989/152 1464/2988/152
f 1466/2992/152 1616/2993/152 1615/2991/152 1465/2990/152
f 1467/2994/152 1617/2995/152 1616/2993/152 1466/2992/152
f 1468/2996/152 1618/2997/152 1617/2995/152 1467/2994/152
f 1469/2998/152 1619/2999/152 1618/2997/152 1468/2996/152
f 1470/3000/152 1620/3001/152 1619/2999/152 1469/2998/152
f 1471/3002/152 1621/3003/152 1620/3001/152 1470/3000/152
f 1472/3004/152 1622/3005/152 1621/3003/152 1471/3002/152
f 1473/3006/152 1623/3007/152 1622/3005/152 1472/3004/152
f 1474/3008/152 1624/3009/152 1623/3007/152 1473/3006/152
f 1475/3010/152 1625/3011/152 1624/3009/152 1474/3008/152
f 1476/3012/152 1626/3013/152 1625/3011/152 1475/3010/152
f 1477/3014/152 1627/3015/152 1626/3013/152 1476/3012/152
f 1478/3016/152 1628/3017/152 1627/3015/152 1477/3014/152
f 1479/3018/152 1629/3019/152 1628/3017/152 1478/3016/152
f 1480/3020/152 1630/3021/152 1629/3019/152 1479/3018/152
f 1481/3022/152 1631/3023/152 1630/3021/152 1480/3020/152
f 1482/3024/152 1632/3025/152 1631/3023/152 1481/3022/152
f 1483/3026/152 1633/3027/152 1632/3025/152 1482/3024/152
f 1484/3028/152 1634/3029/152 1633/3027/152 1483/3026/152
f 1485/3030/152 1635/3031/152 1634/3029/152 1484/3028/152
f 1486/3032/152 1636/3033/152 1635/3031/152 1485/3030/152
f 1487/3034/152 1637/3035/152 1636/3033/152 1486/3032/152
f 1488/3036/152 1638/3037/152 1637/3035/152 1487/3034/152
f 1489/3038/152 1639/3039/152 1638/3037/152 1488/3036/152
f 1490/3040/152 1640/3041/152 1639/3039/152 1489/3038/152
f 1491/3042/152 1641/3043/152 1640/3041/152 1490/3040/152
f 1492/3044/152 1642/3045/152 1641/3043/152 1491/3042/152
f 1493/3046/152 1643/3047/152 1642/3045/152 1492/3044/152
f 1494/3048/152 1644/3049/152 1643/3047/152 1493/3046/152
f 1495/3050/152 1645/3051/152 1644/3049/152 1494/3048/152
f 1496/3052/152 1646/3053/152 1645/3051/152 1495/3050/152
f 1497/3054/152 1647/3055/152 1646/3053/152 1496/3052/152
f 1498/3056/152 1648/3057/152 1647/3055/152 1497/3054/152
f 1499/3058/152 1649/3059/152 1648/3057/152 1498/3056/152
f 1500/3060/152 1650/3061/152 1649/3059/152 1499/3058/152
f 1351/2765/152 1501/2764/152 1650/3061/152 1500/3060/152
s 1
f 1762/3062/29 2212/3063/29 2213/3064/32 1763/3065/32
f 1466/3066/41 1916/3067/41 1917/3068/44 1467/3069/44
f 1415/3070/42 1865/3071/42 1866/3072/45 1416/3073/45
f 1364/2499/43 1814/2498/43 1815/3074/46 1365/3075/46
f 1467/3069/44 1917/3068/44 1918/3076/47 1468/3077/47
f 1416/3073/45 1866/3072/45 1867/3078/48 1417/3079/48
f 1365/3075/46 1815/3074/46 1816/3080/49 1366/3081/49
f 1468/3077/47 1918/3076/47 1919/3082/50 1469/3083/50
f 1417/3079/48 1867/3078/48 1868/3084/51 1418/3085/51
f 1366/3081/49 1816/3080/49 1817/3086/52 1367/3087/52
f 1469/3083/50 1919/3082/50 1920/3088/53 1470/3089/53
f 1418/3085/51 1868/3084/51 1869/3090/54 1419/3091/54
f 1367/3087/52 1817/3086/52 1818/3092/55 1368/3093/55
f 1470/3089/53 1920/3088/53 1921/3094/56 1471/3095/56
f 1419/3091/54 1869/3090/54 1870/3096/57 1420/3097/57
f 1368/3093/55 1818/3092/55 1819/3098/58 1369/3099/58
f 1471/3095/56 1921/3094/56 1922/3100/59 1472/3101/59
f 1420/3097/57 1870/3096/57 1871/3102/60 1421/3103/60
f 1369/2043/58 1819/3104/58 1820/3105/61 1370/3106/61
f 1472/3101/59 1922/3100/59 1923/3107/62 1473/3108/62
f 1421/3103/60 1871/3102/60 1872/3109/63 1422/3110/63
f 1370/3106/61 1820/3105/61 1821/3111/64 1371/3112/64
f 1473/3108/62 1923/3107/62 1924/3113/65 1474/3114/65
f 1422/3110/63 1872/3109/63 1873/3115/66 1423/3116/66
f 1371/3112/64 1821/3111/64 1822/3117/67 1372/3118/67
f 1474/3114/65 1924/3113/65 1925/3119/68 1475/3120/68
f 1423/3116/66 1873/3115/66 1874/3121/69 1424/3122/69
f 1372/3118/67 1822/3117/67 1823/3123/70 1373/3124/70
f 1475/3120/68 1925/3119/68 1926/3125/71 1476/3126/71
f 1424/3122/69 1874/3121/69 1875/3127/72 1425/3128/72
f 1373/3124/70 1823/3123/70 1824/3129/73 1374/3130/73
f 1476/3126/71 1926/3125/71 1927/3131/74 1477/3132/74
f 1425/3128/72 1875/3127/72 1876/3133/75 1426/3134/75
f 1374/3130/73 1824/3129/73 1825/3135/76 1375/3136/76
f 1477/3132/74 1927/3131/74 1928/3137/155 1478/3138/155
f 1426/3134/75 1876/3133/75 1877/3139/78 1427/3140/78
f 1375/3136/76 1825/3135/76 1826/3141/79 1376/3142/79
f 1478/3138/155 1928/3137/155 1929/3143/80 1479/3144/80
f 1427/3140/78 1877/3139/78 1878/3145/81 1428/3146/81
f 1376/3142/79 1826/3141/79 1827/3147/82 1377/3148/82
f 1479/3144/80 1929/3143/80 1930/3149/83 1480/3150/83
f 1428/3146/81 1878/3145/81 1879/3151/84 1429/3067/84
f 1377/3148/82 1827/3147/82 1828/3152/85 1378/3153/85
f 1480/3150/83 1930/3149/83 1931/3154/86 1481/3155/86
f 1429/3067/84 1879/3151/84 1880/3156/87 1430/3157/87
f 1378/3153/85 1828/3152/85 1829/3158/88 1379/3159/88
f 1481/3155/86 1931/3154/86 1932/3160/89 1482/3161/89
f 1430/3157/87 1880/3156/87 1881/3162/90 1431/3163/90
f 1379/3159/88 1829/3158/88 1830/3164/91 1380/3165/91
f 1482/3166/89 1932/3167/89 1933/3168/92 1483/3169/92
f 1431/3163/90 1881/3162/90 1882/3170/93 1432/3171/93
f 1380/3165/91 1830/3164/91 1831/3172/94 1381/3173/94
f 1483/3169/92 1933/3168/92 1934/3174/95 1484/3175/95
f 1432/3171/93 1882/3170/93 1883/3176/96 1433/3177/96
f 1381/3173/94 1831/3172/94 1832/3178/97 1382/3179/97
f 1484/3175/95 1934/3174/95 1935/3180/98 1485/3181/98
f 1433/3177/96 1883/3176/96 1884/3182/99 1434/3183/99
f 1382/3179/97 1832/3178/97 1833/3184/100 1383/3185/100
f 1485/3181/98 1935/3180/98 1936/3186/101 1486/3187/101
f 1434/3183/99 1884/3182/99 1885/3188/102 1435/3189/102
f 1383/3185/100 1833/3184/100 1834/3190/103 1384/3191/103
f 1486/3187/101 1936/3186/101 1937/3192/104 1487/3193/104
f 1435/3189/102 1885/3188/102 1886/3194/105 1436/3195/105
f 1384/3191/103 1834/3190/103 1835/3196/106 1385/3197/106
f 1487/3193/104 1937/3192/104 1938/3198/107 1488/3199/107
f 1436/3195/105 1886/3194/105 1887/3200/108 1437/3201/108
f 1385/3197/106 1835/3196/106 1836/3202/109 1386/3203/109
f 1488/3199/107 1938/3198/107 1939/3204/110 1489/3205/110
f 1437/3201/108 1887/3200/108 1888/3206/111 1438/3207/111
f 1386/3203/109 1836/3202/109 1837/3208/112 1387/3209/112
f 1489/3205/110 1939/3204/110 1940/3210/113 1490/3211/113
f 1438/3207/111 1888/3206/111 1889/2496/114 1439/3212/114
f 1387/3209/112 1837/3208/112 1838/3213/115 1388/3214/115
f 1490/3211/113 1940/3210/113 1941/3215/116 1491/3078/116
f 1439/3212/114 1889/2496/114 1890/2499/117 1440/3216/117
f 1388/3214/115 1838/3213/115 1839/3217/118 1389/3218/118
f 1491/3078/116 1941/3215/116 1942/3219/119 1492/3084/119
f 1440/3216/117 1890/2499/117 1891/3220/120 1441/3221/120
f 1389/3218/118 1839/3217/118 1840/3222/121 1390/3223/121
f 1492/3084/119 1942/3219/119 1943/3224/122 1493/3225/122
f 1441/3221/120 1891/3220/120 1892/3081/123 1442/3143/123
f 1390/3223/121 1840/3222/121 1841/3226/124 1391/3227/124
f 1493/3225/122 1943/3224/122 1944/3228/125 1494/3229/125
f 1442/3143/123 1892/3081/123 1893/3087/126 1443/3230/126
f 1391/3227/124 1841/3226/124 1842/3231/127 1392/3232/127
f 1494/3229/125 1944/3228/125 1945/3233/128 1495/3234/128
f 1443/3230/126 1893/3087/126 1894/3235/129 1444/3236/129
f 1392/3232/127 1842/3231/127 1843/3237/130 1393/3238/130
f 1495/3234/128 1945/3233/128 1946/3239/131 1496/3240/131
f 1444/3236/129 1894/3235/129 1895/3241/132 1445/3242/132
f 1393/3238/130 1843/3237/130 1844/3243/133 1394/3244/133
f 1496/3240/131 1946/3239/131 1947/3245/134 1497/3115/134
f 1445/3246/132 1895/3247/132 1896/3248/135 1446/3249/135
f 1394/3244/133 1844/3243/133 1845/3250/136 1395/3251/136
f 1497/3115/134 1947/3245/134 1948/3252/137 1498/3253/137
f 1446/3249/135 1896/3248/135 1897/3254/138 1447/3255/138
f 1395/3251/136 1845/3250/136 1846/3256/139 1396/3257/139
f 1498/3253/137 1948/3252/137 1949/3258/140 1499/3259/140
f 1447/3255/138 1897/3254/138 1898/3260/141 1448/3261/141
f 1396/3257/139 1846/3256/139 1847/3262/142 1397/3263/142
f 1499/3259/140 1949/3258/140 1950/3264/143 1500/3133/143
f 1448/3261/141 1898/3260/141 1899/3265/156 1449/3266/156
f 1397/3263/142 1847/3262/142 1848/3267/145 1398/3268/145
f 1500/3133/143 1950/3264/143 1801/3269/8 1351/3139/8
f 1449/3266/156 1899/3265/156 1900/3270/146 1450/3271/146
f 1398/3268/145 1848/3267/145 1849/3272/147 1399/3273/147
f 1450/3271/146 1900/3270/146 1901/3274/148 1451/3275/148
f 1399/3273/147 1849/3272/147 1850/3276/149 1400/3277/149
f 1451/3275/148 1901/3274/148 1902/3070/150 1452/3278/150
f 1400/3277/149 1850/3276/149 1851/3279/151 1401/3280/151
f 1452/3278/150 1902/3070/150 1903/3073/4 1453/3281/4
f 1401/3280/151 1851/3279/151 1852/3282/6 1402/3283/6
f 1453/3281/4 1903/3073/4 1904/3284/5 1454/3285/5
f 1402/3283/6 1852/3282/6 1853/3286/7 1403/3287/7
f 1351/3139/8 1801/3269/8 1802/3288/9 1352/3289/9
f 1454/3285/5 1904/3284/5 1905/3290/10 1455/3291/10
f 1403/3287/7 1853/3286/7 1854/3292/11 1404/3293/11
f 1352/3289/9 1802/3288/9 1803/3294/12 1353/3295/12
f 1455/3291/10 1905/3290/10 1906/3296/13 1456/3297/13
f 1404/3293/11 1854/3292/11 1855/3298/14 1405/3299/14
f 1353/3295/12 1803/3294/12 1804/3300/15 1354/3156/15
f 1456/3297/13 1906/3296/13 1907/3301/16 1457/3302/16
f 1405/3299/14 1855/3298/14 1856/3303/17 1406/3304/17
f 1354/3156/15 1804/3300/15 1805/3305/18 1355/3306/18
f 1457/3302/16 1907/3301/16 1908/3103/19 1458/3307/19
f 1406/3304/17 1856/3303/17 1857/3308/20 1407/3309/20
f 1355/3306/18 1805/3305/18 1806/3310/21 1356/3311/21
f 1458/3307/19 1908/3103/19 1909/3110/22 1459/3312/22
f 1407/3309/20 1857/3308/20 1858/3313/23 1408/3314/23
f 1356/3311/21 1806/3310/21 1807/3315/24 1357/3316/24
f 1459/3312/22 1909/3110/22 1910/3317/25 1460/3318/25
f 1408/3319/23 1858/3320/23 1859/3321/26 1409/3322/26
f 1357/3316/24 1807/3315/24 1808/3323/2 1358/3324/2
f 1460/3318/25 1910/3317/25 1911/3325/27 1461/3326/27
f 1409/3322/26 1859/3321/26 1860/3175/28 1410/3327/28
f 1358/3324/2 1808/3323/2 1809/3328/3 1359/3188/3
f 1461/3326/27 1911/3325/27 1912/3329/29 1462/3330/29
f 1410/3327/28 1860/3175/28 1861/3181/30 1411/3331/30
f 1359/3188/3 1809/3328/3 1810/3332/31 1360/3194/31
f 1462/3330/29 1912/3329/29 1913/3333/32 1463/3334/32
f 1411/3331/30 1861/3181/30 1862/3335/33 1412/3336/33
f 1360/3194/31 1810/3332/31 1811/3337/34 1361/3338/34
f 1463/3334/32 1913/3333/32 1914/3339/35 1464/3340/35
f 1412/3336/33 1862/3335/33 1863/3193/36 1413/3341/36
f 1361/3338/34 1811/3337/34 1812/3342/37 1362/3343/37
f 1464/3340/35 1914/3339/35 1915/3146/38 1465/3344/38
f 1413/3341/36 1863/3193/36 1864/3199/39 1414/3345/39
f 1362/3343/37 1812/3342/37 1813/2497/40 1363/2496/40
f 1465/3344/38 1915/3146/38 1916/3067/41 1466/3066/41
f 1414/3345/39 1864/3199/39 1865/3071/42 1415/3070/42
s 0
f 1652/3346/152 1802/3347/152 1801/3348/152 1651/3349/152
f 1653/3350/152 1803/3351/152 1802/3347/152 1652/3346/152
f 1654/3352/152 1804/3353/152 1803/3351/152 1653/3350/152
f 1655/3354/152 1805/3355/152 1804/3353/152 1654/3352/152
f 1656/3356/152 1806/3357/152 1805/3355/152 1655/3354/152
f 1657/3358/152 1807/3359/152 1806/3357/152 1656/3356/152
f 1658/3360/152 1808/3361/152 1807/3359/152 1657/3358/152
f 1659/3362/152 1809/3363/152 1808/3361/152 1658/3360/152
f 1660/3364/152 1810/3365/152 1809/3363/152 1659/3362/152
f 1661/3366/152 1811/3367/152 1810/3365/152 1660/3364/152
f 1662/3368/152 1812/3369/152 1811/3367/152 1661/3366/152
f 1663/3370/152 1813/3371/152 1812/3369/152 1662/3368/152
f 1664/3372/152 1814/3373/152 1813/3371/152 1663/3370/152
f 1665/3374/152 1815/3375/152 1814/3373/152 1664/3372/152
f 1666/3376/152 1816/3377/152 1815/3375/152 1665/3374/152
f 1667/3378/152 1817/3379/152 1816/3377/152 1666/3376/152
f 1668/3380/152 1818/3381/152 1817/3379/152 1667/3378/152
f 1669/3382/152 1819/3383/152 1818/3381/152 1668/3380/152
f 1670/3384/152 1820/3385/152 1819/3383/152 1669/3382/152
f 1671/3386/152 1821/3387/152 1820/3385/152 1670/3384/152
f 1672/3388/152 1822/3389/152 1821/3387/152 1671/3386/152
f 1673/3390/152 1823/3391/152 1822/3389/152 1672/3388/152
f 1674/3392/152 1824/3393/152 1823/3391/152 1673/3390/152
f 1675/3394/152 1825/3395/152 1824/3393/152 1674/3392/152
f 1676/3396/152 1826/3397/152 1825/3395/152 1675/3394/152
f 1677/3398/152 1827/3399/152 1826/3397/152 1676/3396/152
f 1678/3400/152 1828/3401/152 1827/3399/152 1677/3398/152
f 1679/3402/152 1829/3403/152 1828/3401/152 1678/3400/152
f 1680/3404/152 1830/3405/152 1829/3403/152 1679/3402/152
f 1681/3406/152 1831/3407/152 1830/3405/152 1680/3404/152
f 1682/3408/152 1832/3409/152 1831/3407/152 1681/3406/152
f 1683/3410/152 1833/3411/152 1832/3409/152 1682/3408/152
f 1684/3412/152 1834/3413/152 1833/3411/152 1683/3410/152
f 1685/3414/152 1835/3415/152 1834/3413/152 1684/3412/152
f 1686/3416/152 1836/3417/152 1835/3415/152 1685/3414/152
f 1687/3418/152 1837/3419/152 1836/3417/152 1686/3416/152
f 1688/3420/152 1838/3421/152 1837/3419/152 1687/3418/152
f 1689/3422/152 1839/3423/152 1838/3421/152 1688/3420/152
f 1690/3424/152 1840/3425/152 1839/3423/152 1689/3422/152
f 1691/3426/152 1841/3427/152 1840/3425/152 1690/3424/152
f 1692/3428/152 1842/3429/152 1841/3427/152 1691/3426/152
f 1693/3430/152 1843/3431/152 1842/3429/152 1692/3428/152
f 1694/3432/152 1844/3433/152 1843/3431/152 1693/3430/152
f 1695/3434/152 1845/3435/152 1844/3433/152 1694/3432/152
f 1696/3436/152 1846/3437/152 1845/3435/152 1695/3434/152
f 1697/3438/152 1847/3439/152 1846/3437/152 1696/3436/152
f 1698/3440/152 1848/3441/152 1847/3439/152 1697/3438/152
f 1699/3442/152 1849/3443/152 1848/3441/152 1698/3440/152
f 1700/3444/152 1850/3445/152 1849/3443/152 1699/3442/152
f 1701/3446/152 1851/3447/152 1850/3445/152 1700/3444/152
f 1702/3448/152 1852/3449/152 1851/3447/152 1701/3446/152
f 1703/3450/152 1853/3451/152 1852/3449/152 1702/3448/152
f 1704/3452/152 1854/3453/152 1853/3451/152 1703/3450/152
f 1705/3454/152 1855/3455/152 1854/3453/152 1704/3452/152
f 1706/3456/152 1856/3457/152 1855/3455/152 1705/3454/152
f 1707/3458/152 1857/3459/152 1856/3457/152 1706/3456/152
f 1708/3460/152 1858/3461/152 1857/3459/152 1707/3458/152
f 1709/3462/152 1859/3463/152 1858/3461/152 1708/3460/152
f 1710/3464/152 1860/3465/152 1859/3463/152 1709/3462/152
f 1711/3466/152 1861/3467/152 1860/3465/152 1710/3464/152
f 1712/3468/152 1862/3469/152 1861/3467/152 1711/3466/152
f 1713/3470/152 1863/3471/152 1862/3469/152 1712/3468/152
f 1714/3472/152 1864/3473/152 1863/3471/152 1713/3470/152
f 1715/3474/152 1865/3475/152 1864/3473/152 1714/3472/152
f 1716/3476/152 1866/3477/152 1865/3475/152 1715/3474/152
f 1717/3478/152 1867/3479/152 1866/3477/152 1716/3476/152
f 1718/3480/152 1868/3481/152 1867/3479/152 1717/3478/152
f 1719/3482/152 1869/3483/152 1868/3481/152 1718/3480/152
f 1720/3484/152 1870/3485/152 1869/3483/152 1719/3482/152
f 1721/3486/152 1871/3487/152 1870/3485/152 1720/3484/152
f 1722/3488/152 1872/3489/152 1871/3487/152 1721/3486/152
f 1723/3490/152 1873/3491/152 1872/3489/152 1722/3488/152
f 1724/3492/152 1874/3493/152 1873/3491/152 1723/3490/152
f 1725/3494/152 1875/3495/152 1874/3493/152 1724/3492/152
f 1726/3496/152 1876/3497/152 1875/3495/152 1725/3494/152
f 1727/3498/152 1877/3499/152 1876/3497/152 1726/3496/152
f 1728/3500/152 1878/3501/152 1877/3499/152 1727/3498/152
f 1729/3502/152 1879/3503/152 1878/3501/152 1728/3500/152
f 1730/3504/152 1880/3505/152 1879/3503/152 1729/3502/152
f 1731/3506/152 1881/3507/152 1880/3505/152 1730/3504/152
f 1732/3508/152 1882/3509/152 1881/3507/152 1731/3506/152
f 1733/3510/152 1883/3511/152 1882/3509/152 1732/3508/152
f 1734/3512/152 1884/3513/152 1883/3511/152 1733/3510/152
f 1735/3514/152 1885/3515/152 1884/3513/152 1734/3512/152
f 1736/3516/152 1886/3517/152 1885/3515/152 1735/3514/152
f 1737/3518/152 1887/3519/152 1886/3517/152 1736/3516/152
f 1738/3520/152 1888/3521/152 1887/3519/152 1737/3518/152
f 1739/3522/152 1889/3523/152 1888/3521/152 1738/3520/152
f 1740/3524/152 1890/3525/152 1889/3523/152 1739/3522/152
f 1741/3526/152 1891/3527/152 1890/3525/152 1740/3524/152
f 1742/3528/152 1892/3529/152 1891/3527/152 1741/3526/152
f 1743/3530/152 1893/3531/152 1892/3529/152 1742/3528/152
f 1744/3532/152 1894/3533/152 1893/3531/152 1743/3530/152
f 1745/3534/152 1895/3535/152 1894/3533/152 1744/3532/152
f 1746/3536/152 1896/3537/152 1895/3535/152 1745/3534/152
f 1747/3538/152 1897/3539/152 1896/3537/152 1746/3536/152
f 1748/3540/152 1898/3541/152 1897/3539/152 1747/3538/152
f 1749/3542/152 1899/3543/152 1898/3541/152 1748/3540/152
f 1750/3544/152 1900/3545/152 1899/3543/152 1749/3542/152
f 1751/3546/152 1901/3547/152 1900/3545/152 1750/3544/152
f 1752/3548/152 1902/3549/152 1901/3547/152 1751/3546/152
f 1753/3550/152 1903/3551/152 1902/3549/152 1752/3548/152
f 1754/3552/152 1904/3553/152 1903/3551/152 1753/3550/152
f 1755/3554/152 1905/3555/152 1904/3553/152 1754/3552/152
f 1756/3556/152 1906/3557/152 1905/3555/152 1755/3554/152
f 1757/3558/152 1907/3559/152 1906/3557/152 1756/3556/152
f 1758/3560/152 1908/3561/152 1907/3559/152 1757/3558/152
f 1759/3562/152 1909/3563/152 1908/3561/152 1758/3560/152
f 1760/3564/152 1910/3565/152 1909/3563/152 1759/3562/152
f 1761/3566/152 1911/3567/152 1910/3565/152 1760/3564/152
f 1762/3568/152 1912/3569/152 1911/3567/152 1761/3566/152
f 1763/3570/152 1913/3571/152 1912/3569/152 1762/3568/152
f 1764/3572/152 1914/3573/152 1913/3571/152 1763/3570/152
f 1765/3574/152 1915/3575/152 1914/3573/152 1764/3572/152
f 1766/3576/152 1916/3577/152 1915/3575/152 1765/3574/152
f 1767/3578/152 1917/3579/152 1916/3577/152 1766/3576/152
f 1768/3580/152 1918/3581/152 1917/3579/152 1767/3578/152
f 1769/3582/152 1919/3583/152 1918/3581/152 1768/3580/152
f 1770/3584/152 1920/3585/152 1919/3583/152 1769/3582/152
f 1771/3586/152 1921/3587/152 1920/3585/152 1770/3584/152
f 1772/3588/152 1922/3589/152 1921/3587/152 1771/3586/152
f 1773/3590/152 1923/3591/152 1922/3589/152 1772/3588/152
f 1774/3592/152 1924/3593/152 1923/3591/152 1773/3590/152
f 1775/3594/152 1925/3595/152 1924/3593/152 1774/3592/152
f 1776/3596/152 1926/3597/152 1925/3595/152 1775/3594/152
f 1777/3598/152 1927/3599/152 1926/3597/152 1776/3596/152
f 1778/3600/152 1928/3601/152 1927/3599/152 1777/3598/152
f 1779/3602/152 1929/3603/152 1928/3601/152 1778/3600/152
f 1780/3604/152 1930/3605/152 1929/3603/152 1779/3602/152
f 1781/3606/152 1931/3607/152 1930/3605/152 1780/3604/152
f 1782/3608/152 1932/3609/152 1931/3607/152 1781/3606/152
f 1783/3610/152 1933/3611/152 1932/3609/152 1782/3608/152
f 1784/3612/152 1934/3613/152 1933/3611/152 1783/3610/152
f 1785/3614/152 1935/3615/152 1934/3613/152 1784/3612/152
f 1786/3616/152 1936/3617/152 1935/3615/152 1785/3614/152
f 1787/3618/152 1937/3619/152 1936/3617/152 1786/3616/152
f 1788/3620/152 1938/3621/152 1937/3619/152 1787/3618/152
f 1789/3622/152 1939/3623/152 1938/3621/152 1788/3620/152
f 1790/3624/152 1940/3625/152 1939/3623/152 1789/3622/152
f 1791/3626/152 1941/3627/152 1940/3625/152 1790/3624/152
f 1792/3628/152 1942/3629/152 1941/3627/152 1791/3626/152
f 1793/3630/152 1943/3631/152 1942/3629/152 1792/3628/152
f 1794/3632/152 1944/3633/152 1943/3631/152 1793/3630/152
f 1795/3634/152 1945/3635/152 1944/3633/152 1794/3632/152
f 1796/3636/152 1946/3637/152 1945/3635/152 1795/3634/152
f 1797/3638/152 1947/3639/152 1946/3637/152 1796/3636/152
f 1798/3640/152 1948/3641/152 1947/3639/152 1797/3638/152
f 1799/3642/152 1949/3643/152 1948/3641/152 1798/3640/152
f 1800/3644/152 1950/3645/152 1949/3643/152 1799/3642/152
f 1651/3349/152 1801/3348/152 1950/3645/152 1800/3644/152
s 1
f 2024/3646/69 2474/3647/69 2475/3648/72 2025/3649/72
f 1711/3650/30 2161/3651/30 2162/3652/33 1712/3653/33
f 1660/3654/31 2110/3655/31 2111/3656/34 1661/3657/34
f 1763/3065/32 2213/3064/32 2214/3658/35 1764/3659/35
f 1712/3653/33 2162/3652/33 2163/3660/36 1713/3661/36
f 1661/3657/34 2111/3656/34 2112/3662/37 1662/3663/37
f 1764/3659/35 2214/3658/35 2215/3664/38 1765/3665/38
f 1713/3661/36 2163/3660/36 2164/3666/39 1714/3667/39
f 1662/3663/37 2112/3662/37 2113/3668/40 1663/3669/40
f 1765/3665/38 2215/3664/38 2216/3670/41 1766/3671/41
f 1714/3667/39 2164/3666/39 2165/3672/42 1715/3673/42
f 1663/3669/40 2113/3668/40 2114/3674/43 1664/3675/43
f 1766/3671/41 2216/3670/41 2217/3676/44 1767/3677/44
f 1715/3673/42 2165/3672/42 2166/3678/45 1716/3679/45
f 1664/3675/43 2114/3674/43 2115/3680/46 1665/3681/46
f 1767/3677/44 2217/3676/44 2218/3682/47 1768/3683/47
f 1716/3679/45 2166/3678/45 2167/3684/48 1717/3685/48
f 1665/3681/46 2115/3680/46 2116/3686/49 1666/3687/49
f 1768/3683/47 2218/3682/47 2219/3688/50 1769/3689/50
f 1717/3685/48 2167/3684/48 2168/3690/51 1718/3691/51
f 1666/3687/49 2116/3686/49 2117/3692/52 1667/3693/52
f 1769/3689/50 2219/3688/50 2220/3694/53 1770/3695/53
f 1718/3691/51 2168/3690/51 2169/3696/54 1719/3697/54
f 1667/3693/52 2117/3692/52 2118/3698/55 1668/3699/55
f 1770/3695/53 2220/3694/53 2221/3700/56 1771/3701/56
f 1719/3697/54 2169/3696/54 2170/3702/57 1720/3703/57
f 1668/3699/55 2118/3698/55 2119/3704/58 1669/3705/58
f 1771/3701/56 2221/3700/56 2222/3706/59 1772/3707/59
f 1720/3703/57 2170/3702/57 2171/3708/60 1721/3709/60
f 1669/3710/58 2119/3711/58 2120/3712/61 1670/3713/61
f 1772/3707/59 2222/3706/59 2223/3714/62 1773/3715/62
f 1721/3709/60 2171/3708/60 2172/3716/63 1722/3717/63
f 1670/3713/61 2120/3712/61 2121/3718/64 1671/3719/64
f 1773/3715/62 2223/3714/62 2224/3720/65 1774/3721/65
f 1722/3717/63 2172/3716/63 2173/3722/66 1723/3723/66
f 1671/3719/64 2121/3718/64 2122/3724/67 1672/3725/67
f 1774/3721/65 2224/3720/65 2225/3663/68 1775/3726/68
f 1723/3723/66 2173/3722/66 2174/3727/69 1724/3728/69
f 1672/3725/67 2122/3724/67 2123/3729/70 1673/3730/70
f 1775/3726/68 2225/3663/68 2226/3669/71 1776/3731/71
f 1724/3728/69 2174/3727/69 2175/3732/72 1725/3733/72
f 1673/3730/70 2123/3729/70 2124/3734/73 1674/3735/73
f 1776/3731/71 2226/3669/71 2227/3675/74 1777/3736/74
f 1725/3733/72 2175/3732/72 2176/3737/75 1726/3738/75
f 1674/3735/73 2124/3734/73 2125/3739/76 1675/3740/76
f 1777/3736/74 2227/3675/74 2228/3681/77 1778/3741/77
f 1726/3738/75 2176/3737/75 2177/3742/78 1727/3743/78
f 1675/3740/76 2125/3739/76 2126/3744/79 1676/3745/79
f 1778/3741/77 2228/3681/77 2229/3746/80 1779/3747/80
f 1727/3743/78 2177/3742/78 2178/3748/81 1728/3749/81
f 1676/3745/79 2126/3744/79 2127/3750/82 1677/3751/82
f 1779/3747/80 2229/3746/80 2230/3693/83 1780/3752/83
f 1728/3749/81 2178/3748/81 2179/3753/84 1729/3754/84
f 1677/3751/82 2127/3750/82 2128/3755/85 1678/3756/85
f 1780/3752/83 2230/3693/83 2231/3757/86 1781/3758/86
f 1729/3754/84 2179/3753/84 2180/3759/87 1730/3760/87
f 1678/3756/85 2128/3755/85 2129/3761/88 1679/3762/88
f 1781/3758/86 2231/3757/86 2232/3705/89 1782/3763/89
f 1730/3760/87 2180/3759/87 2181/3764/90 1731/3765/90
f 1679/3762/88 2129/3761/88 2130/3766/91 1680/3767/91
f 1782/3768/89 2232/3769/89 2233/3770/92 1783/3771/92
f 1731/3765/90 2181/3764/90 2182/3772/93 1732/3773/93
f 1680/3767/91 2130/3766/91 2131/3774/94 1681/3775/94
f 1783/3771/92 2233/3770/92 2234/3776/95 1784/3777/95
f 1732/3773/93 2182/3772/93 2183/3778/96 1733/3779/96
f 1681/3775/94 2131/3774/94 2132/3780/97 1682/3781/97
f 1784/3777/95 2234/3776/95 2235/3650/98 1785/3782/98
f 1733/3779/96 2183/3778/96 2184/3783/99 1734/3784/99
f 1682/3781/97 2132/3780/97 2133/3785/100 1683/3786/100
f 1785/3782/98 2235/3650/98 2236/3787/101 1786/3788/101
f 1734/3784/99 2184/3783/99 2185/3789/102 1735/3790/102
f 1683/3786/100 2133/3785/100 2134/3791/103 1684/3792/103
f 1786/3788/101 2236/3787/101 2237/3661/104 1787/3793/104
f 1735/3790/102 2185/3789/102 2186/3794/105 1736/3795/105
f 1684/3792/103 2134/3791/103 2135/3796/106 1685/3797/106
f 1787/3793/104 2237/3661/104 2238/3798/107 1788/3799/107
f 1736/3795/105 2186/3794/105 2187/3800/108 1737/3656/108
f 1685/3797/106 2135/3796/106 2136/3801/109 1686/3802/109
f 1788/3799/107 2238/3798/107 2239/3803/110 1789/3804/110
f 1737/3656/108 2187/3800/108 2188/3805/111 1738/3806/111
f 1686/3802/109 2136/3801/109 2137/3807/112 1687/3808/112
f 1789/3804/110 2239/3803/110 2240/3679/113 1790/3809/113
f 1738/3806/111 2188/3805/111 2189/3810/114 1739/3811/114
f 1687/3808/112 2137/3807/112 2138/3812/115 1688/3813/115
f 1790/3809/113 2240/3679/113 2241/3814/116 1791/3815/116
f 1739/3811/114 2189/3810/114 2190/3816/117 1740/3674/117
f 1688/3813/115 2138/3812/115 2139/3817/118 1689/3818/118
f 1791/3815/116 2241/3814/116 2242/3819/119 1792/3820/119
f 1740/3674/117 2190/3816/117 2191/3821/120 1741/3822/120
f 1689/3818/118 2139/3817/118 2140/3823/121 1690/3824/121
f 1792/3820/119 2242/3819/119 2243/3697/122 1793/3825/122
f 1741/3822/120 2191/3821/120 2192/3826/123 1742/3686/123
f 1690/3824/121 2140/3823/121 2141/3827/124 1691/3828/124
f 1793/3825/122 2243/3697/122 2244/3829/125 1794/3830/125
f 1742/3686/123 2192/3826/123 2193/3831/126 1743/3832/126
f 1691/3828/124 2141/3827/124 2142/3833/127 1692/3834/127
f 1794/3830/125 2244/3829/125 2245/3835/128 1795/3836/128
f 1743/3832/126 2193/3831/126 2194/3837/129 1744/3838/129
f 1692/3834/127 2142/3833/127 2143/3839/130 1693/3840/130
f 1795/3836/128 2245/3835/128 2246/3717/131 1796/3841/131
f 1744/3838/129 2194/3837/129 2195/3842/132 1745/3704/132
f 1693/3840/130 2143/3839/130 2144/3843/133 1694/3844/133
f 1796/3841/131 2246/3717/131 2247/3723/134 1797/3845/134
f 1745/3846/132 2195/3768/132 2196/3771/135 1746/3847/135
f 1694/3844/133 2144/3843/133 2145/3848/136 1695/3849/136
f 1797/3845/134 2247/3723/134 2248/3728/137 1798/3850/137
f 1746/3847/135 2196/3771/135 2197/3851/138 1747/3852/138
f 1695/3849/136 2145/3848/136 2146/3853/139 1696/3854/139
f 1798/3850/137 2248/3728/137 2249/3855/140 1799/3856/140
f 1747/3852/138 2197/3851/138 2198/3782/141 1748/3857/141
f 1696/3854/139 2146/3853/139 2147/3858/142 1697/3859/142
f 1799/3856/140 2249/3855/140 2250/3738/143 1800/3064/143
f 1748/3857/141 2198/3782/141 2199/3788/144 1749/3860/144
f 1697/3859/142 2147/3858/142 2148/3861/145 1698/3862/145
f 1800/3064/143 2250/3738/143 2101/3743/8 1651/3658/8
f 1749/3860/144 2199/3788/144 2200/3863/146 1750/3864/146
f 1698/3862/145 2148/3861/145 2149/3865/147 1699/3866/147
f 1750/3864/146 2200/3863/146 2201/3799/148 1751/3867/148
f 1699/3866/147 2149/3865/147 2150/3868/149 1700/3869/149
f 1751/3867/148 2201/3799/148 2202/3804/150 1752/3870/150
f 1700/3869/149 2150/3868/149 2151/3871/151 1701/3872/151
f 1752/3870/150 2202/3804/150 2203/3809/4 1753/3873/4
f 1701/3872/151 2151/3871/151 2152/3874/6 1702/3875/6
f 1753/3873/4 2203/3809/4 2204/3815/5 1754/3876/5
f 1702/3875/6 2152/3874/6 2153/3877/7 1703/3878/7
f 1651/3658/8 2101/3743/8 2102/3879/9 1652/3664/9
f 1754/3876/5 2204/3815/5 2205/3820/10 1755/3880/10
f 1703/3878/7 2153/3877/7 2154/3881/11 1704/3882/11
f 1652/3664/9 2102/3879/9 2103/3754/12 1653/3883/12
f 1755/3880/10 2205/3820/10 2206/3884/13 1756/3885/13
f 1704/3882/11 2154/3881/11 2155/3886/14 1705/3887/14
f 1653/3883/12 2103/3754/12 2104/3760/15 1654/3676/15
f 1756/3885/13 2206/3884/13 2207/3830/16 1757/3888/16
f 1705/3887/14 2155/3886/14 2156/3889/17 1706/3890/17
f 1654/3676/15 2104/3760/15 2105/3765/18 1655/3891/18
f 1757/3888/16 2207/3830/16 2208/3836/19 1758/3892/19
f 1706/3890/17 2156/3889/17 2157/3893/20 1707/3894/20
f 1655/3891/18 2105/3765/18 2106/3895/21 1656/3896/21
f 1758/3892/19 2208/3836/19 2209/3897/22 1759/3898/22
f 1707/3894/20 2157/3893/20 2158/3899/23 1708/3900/23
f 1656/3896/21 2106/3895/21 2107/3901/24 1657/3694/24
f 1759/3898/22 2209/3897/22 2210/3845/25 1760/3902/25
f 1708/3903/23 2158/3904/23 2159/3905/26 1709/3906/26
f 1657/3694/24 2107/3901/24 2108/3907/2 1658/3700/2
f 1760/3902/25 2210/3845/25 2211/3908/27 1761/3909/27
f 1709/3906/26 2159/3905/26 2160/3910/28 1710/3776/28
f 1658/3700/2 2108/3907/2 2109/3790/3 1659/3706/3
f 1761/3909/27 2211/3908/27 2212/3063/29 1762/3062/29
f 1710/3776/28 2160/3910/28 2161/3651/30 1711/3650/30
f 1659/3706/3 2109/3790/3 2110/3655/31 1660/3654/31
s 0
f 1952/3911/152 2102/3912/152 2101/3913/152 1951/3914/152
f 1953/3915/152 2103/3916/152 2102/3912/152 1952/3911/152
f 1954/3917/152 2104/3918/152 2103/3916/152 1953/3915/152
f 1955/3919/152 2105/3920/152 2104/3918/152 1954/3917/152
f 1956/3921/152 2106/3922/152 2105/3920/152 1955/3919/152
f 1957/3923/152 2107/3924/152 2106/3922/152 1956/3921/152
f 1958/3925/152 2108/3926/152 2107/3924/152 1957/3923/152
f 1959/3927/152 2109/3928/152 2108/3926/152 1958/3925/152
f 1960/3929/152 2110/3930/152 2109/3928/152 1959/3927/152
f 1961/3931/152 2111/3932/152 2110/3930/152 1960/3929/152
f 1962/3933/152 2112/3934/152 2111/3932/152 1961/3931/152
f 1963/3935/152 2113/3936/152 2112/3934/152 1962/3933/152
f 1964/3937/152 2114/3938/152 2113/3936/152 1963/3935/152
f 1965/3939/152 2115/3940/152 2114/3938/152 1964/3937/152
f 1966/3941/152 2116/3942/152 2115/3940/152 1965/3939/152
f 1967/3943/152 2117/3944/152 2116/3942/152 1966/3941/152
f 1968/3945/152 2118/3946/152 2117/3944/152 1967/3943/152
f 1969/3947/152 2119/3948/152 2118/3946/152 1968/3945/152
f 1970/3949/152 2120/3950/152 2119/3948/152 1969/3947/152
f 1971/3951/152 2121/3952/152 2120/3950/152 1970/3949/152
f 1972/3953/152 2122/3954/152 2121/3952/152 1971/3951/152
f 1973/3955/152 2123/3956/152 2122/3954/152 1972/3953/152
f 1974/3957/152 2124/3958/152 2123/3956/152 1973/3955/152
f 1975/3959/152 2125/3960/152 2124/3958/152 1974/3957/152
f 1976/3961/152 2126/3962/152 2125/3960/152 1975/3959/152
f 1977/3963/152 2127/3964/152 2126/3962/152 1976/3961/152
f 1978/3965/152 2128/3966/152 2127/3964/152 1977/3963/152
f 1979/3967/152 2129/3968/152 2128/3966/152 1978/3965/152
f 1980/3969/152 2130/3970/152 2129/3968/152 1979/3967/152
f 1981/3971/152 2131/3972/152 2130/3970/152 1980/3969/152
f 1982/3973/152 2132/3974/152 2131/3972/152 1981/3971/152
f 1983/3975/152 2133/3976/152 2132/3974/152 1982/3973/152
f 1984/3977/152 2134/3978/152 2133/3976/152 1983/3975/152
f 1985/3979/152 2135/3980/152 2134/3978/152 1984/3977/152
f 1986/3981/152 2136/3982/152 2135/3980/152 1985/3979/152
f 1987/3983/152 2137/3984/152 2136/3982/152 1986/3981/152
f 1988/3985/152 2138/3986/152 2137/3984/152 1987/3983/152
f 1989/3987/152 2139/3988/152 2138/3986/152 1988/3985/152
f 1990/3989/152 2140/3990/152 2139/3988/152 1989/3987/152
f 1991/3991/152 2141/3992/152 2140/3990/152 1990/3989/152
f 1992/3993/152 2142/3994/152 2141/3992/152 1991/3991/152
f 1993/3995/152 2143/3996/152 2142/3994/152 1992/3993/152
f 1994/3997/152 2144/3998/152 2143/3996/152 1993/3995/152
f 1995/3999/152 2145/4000/152 2144/3998/152 1994/3997/152
f 1996/4001/152 2146/4002/152 2145/4000/152 1995/3999/152
f 1997/4003/152 2147/4004/152 2146/4002/152 1996/4001/152
f 1998/4005/152 2148/4006/152 2147/4004/152 1997/4003/152
f 1999/4007/152 2149/4008/152 2148/4006/152 1998/4005/152
f 2000/4009/152 2150/4010/152 2149/4008/152 1999/4007/152
f 2001/4011/152 2151/4012/152 2150/4010/152 2000/4009/152
f 2002/4013/152 2152/4014/152 2151/4012/152 2001/4011/152
f 2003/4015/152 2153/4016/152 2152/4014/152 2002/4013/152
f 2004/4017/152 2154/4018/152 2153/4016/152 2003/4015/152
f 2005/4019/152 2155/4020/152 2154/4018/152 2004/4017/152
f 2006/4021/152 2156/4022/152 2155/4020/152 2005/4019/152
f 2007/4023/152 2157/4024/152 2156/4022/152 2006/4021/152
f 2008/4025/152 2158/4026/152 2157/4024/152 2007/4023/152
f 2009/4027/152 2159/4028/152 2158/4026/152 2008/4025/152
f 2010/4029/152 2160/4030/152 2159/4028/152 2009/4027/152
f 2011/4031/152 2161/4032/152 2160/4030/152 2010/4029/152
f 2012/4033/152 2162/4034/152 2161/4032/152 2011/4031/152
f 2013/4035/152 2163/4036/152 2162/4034/152 2012/4033/152
f 2014/4037/152 2164/4038/152 2163/4036/152 2013/4035/152
f 2015/4039/152 2165/4040/152 2164/4038/152 2014/4037/152
f 2016/4041/152 2166/4042/152 2165/4040/152 2015/4039/152
f 2017/4043/152 2167/4044/152 2166/4042/152 2016/4041/152
f 2018/4045/152 2168/4046/152 2167/4044/152 2017/4043/152
f 2019/4047/152 2169/4048/152 2168/4046/152 2018/4045/152
f 2020/4049/152 2170/4050/152 2169/4048/152 2019/4047/152
f 2021/4051/152 2171/4052/152 2170/4050/152 2020/4049/152
f 2022/4053/152 2172/4054/152 2171/4052/152 2021/4051/152
f 2023/4055/152 2173/4056/152 2172/4054/152 2022/4053/152
f 2024/4057/152 2174/4058/152 2173/4056/152 2023/4055/152
f 2025/4059/152 2175/4060/152 2174/4058/152 2024/4057/152
f 2026/4061/152 2176/4062/152 2175/4060/152 2025/4059/152
f 2027/4063/152 2177/4064/152 2176/4062/152 2026/4061/152
f 2028/4065/152 2178/4066/152 2177/4064/152 2027/4063/152
f 2029/4067/152 2179/4068/152 2178/4066/152 2028/4065/152
f 2030/4069/152 2180/4070/152 2179/4068/152 2029/4067/152
f 2031/4071/152 2181/4072/152 2180/4070/152 2030/4069/152
f 2032/4073/152 2182/4074/152 2181/4072/152 2031/4071/152
f 2033/4075/152 2183/4076/152 2182/4074/152 2032/4073/152
f 2034/4077/152 2184/4078/152 2183/4076/152 2033/4075/152
f 2035/4079/152 2185/4080/152 2184/4078/152 2034/4077/152
f 2036/4081/152 2186/4082/152 2185/4080/152 2035/4079/152
f 2037/4083/152 2187/4084/152 2186/4082/152 2036/4081/152
f 2038/4085/152 2188/4086/152 2187/4084/152 2037/4083/152
f 2039/4087/152 2189/4088/152 2188/4086/152 2038/4085/152
f 2040/4089/152 2190/4090/152 2189/4088/152 2039/4087/152
f 2041/4091/152 2191/4092/152 2190/4090/152 2040/4089/152
f 2042/4093/152 2192/4094/152 2191/4092/152 2041/4091/152
f 2043/4095/152 2193/4096/152 2192/4094/152 2042/4093/152
f 2044/4097/152 2194/4098/152 2193/4096/152 2043/4095/152
f 2045/4099/152 2195/4100/152 2194/4098/152 2044/4097/152
f 2046/4101/152 2196/4102/152 2195/4100/152 2045/4099/152
f 2047/4103/152 2197/4104/152 2196/4102/152 2046/4101/152
f 2048/4105/152 2198/4106/152 2197/4104/152 2047/4103/152
f 2049/4107/152 2199/4108/152 2198/4106/152 2048/4105/152
f 2050/4109/152 2200/4110/152 2199/4108/152 2049/4107/152
f 2051/4111/152 2201/4112/152 2200/4110/152 2050/4109/152
f 2052/4113/152 2202/4114/152 2201/4112/152 2051/4111/152
f 2053/4115/152 2203/4116/152 2202/4114/152 2052/4113/152
f 2054/4117/152 2204/4118/152 2203/4116/152 2053/4115/152
f 2055/4119/152 2205/4120/152 2204/4118/152 2054/4117/152
f 2056/4121/152 2206/4122/152 2205/4120/152 2055/4119/152
f 2057/4123/152 2207/4124/152 2206/4122/152 2056/4121/152
f 2058/4125/152 2208/4126/152 2207/4124/152 2057/4123/152
f 2059/4127/152 2209/4128/152 2208/4126/152 2058/4125/152
f 2060/4129/152 2210/4130/152 2209/4128/152 2059/4127/152
f 2061/4131/152 2211/4132/152 2210/4130/152 2060/4129/152
f 2062/4133/152 2212/4134/152 2211/4132/152 2061/4131/152
f 2063/4135/152 2213/4136/152 2212/4134/152 2062/4133/152
f 2064/4137/152 2214/4138/152 2213/4136/152 2063/4135/152
f 2065/4139/152 2215/4140/152 2214/4138/152 2064/4137/152
f 2066/4141/152 2216/4142/152 2215/4140/152 2065/4139/152
f 2067/4143/152 2217/4144/152 2216/4142/152 2066/4141/152
f 2068/4145/152 2218/4146/152 2217/4144/152 2067/4143/152
f 2069/4147/152 2219/4148/152 2218/4146/152 2068/4145/152
f 2070/4149/152 2220/4150/152 2219/4148/152 2069/4147/152
f 2071/4151/152 2221/4152/152 2220/4150/152 2070/4149/152
f 2072/4153/152 2222/4154/152 2221/4152/152 2071/4151/152
f 2073/4155/152 2223/4156/152 2222/4154/152 2072/4153/152
f 2074/4157/152 2224/4158/152 2223/4156/152 2073/4155/152
f 2075/4159/152 2225/4160/152 2224/4158/152 2074/4157/152
f 2076/4161/152 2226/4162/152 2225/4160/152 2075/4159/152
f 2077/4163/152 2227/4164/152 2226/4162/152 2076/4161/152
f 2078/4165/152 2228/4166/152 2227/4164/152 2077/4163/152
f 2079/4167/152 2229/4168/152 2228/4166/152 2078/4165/152
f 2080/4169/152 2230/4170/152 2229/4168/152 2079/4167/152
f 2081/4171/152 2231/4172/152 2230/4170/152 2080/4169/152
f 2082/4173/152 2232/4174/152 2231/4172/152 2081/4171/152
f 2083/4175/152 2233/4176/152 2232/4174/152 2082/4173/152
f 2084/4177/152 2234/4178/152 2233/4176/152 2083/4175/152
f 2085/4179/152 2235/4180/152 2234/4178/152 2084/4177/152
f 2086/4181/152 2236/4182/152 2235/4180/152 2085/4179/152
f 2087/4183/152 2237/4184/152 2236/4182/152 2086/4181/152
f 2088/4185/152 2238/4186/152 2237/4184/152 2087/4183/152
f 2089/4187/152 2239/4188/152 2238/4186/152 2088/4185/152
f 2090/4189/152 2240/4190/152 2239/4188/152 2089/4187/152
f 2091/4191/152 2241/4192/152 2240/4190/152 2090/4189/152
f 2092/4193/152 2242/4194/152 2241/4192/152 2091/4191/152
f 2093/4195/152 2243/4196/152 2242/4194/152 2092/4193/152
f 2094/4197/152 2244/4198/152 2243/4196/152 2093/4195/152
f 2095/4199/152 2245/4200/152 2244/4198/152 2094/4197/152
f 2096/4201/152 2246/4202/152 2245/4200/152 2095/4199/152
f 2097/4203/152 2247/4204/152 2246/4202/152 2096/4201/152
f 2098/4205/152 2248/4206/152 2247/4204/152 2097/4203/152
f 2099/4207/152 2249/4208/152 2248/4206/152 2098/4205/152
f 2100/4209/152 2250/4210/152 2249/4208/152 2099/4207/152
f 1951/3914/152 2101/3913/152 2250/4210/152 2100/4209/152
s 1
f 2306/4211/17 2756/4212/17 2757/4213/20 2307/4214/20
f 1973/4215/70 2423/4216/70 2424/4217/157 1974/4218/157
f 2076/4219/71 2526/4220/71 2527/4221/74 2077/4222/74
f 2025/3649/72 2475/3648/72 2476/4223/75 2026/4224/75
f 1974/4218/157 2424/4217/157 2425/4225/76 1975/4226/76
f 2077/4222/74 2527/4221/74 2528/4227/77 2078/4228/77
f 2026/4224/75 2476/4223/75 2477/4229/78 2027/4230/78
f 1975/4226/76 2425/4225/76 2426/4231/79 1976/4232/79
f 2078/4228/77 2528/4227/77 2529/4233/80 2079/4234/80
f 2027/4230/78 2477/4229/78 2478/4235/81 2028/4236/81
f 1976/4232/79 2426/4231/79 2427/4237/82 1977/4238/82
f 2079/4234/80 2529/4233/80 2530/4239/83 2080/4240/83
f 2028/4236/81 2478/4235/81 2479/4241/84 2029/4242/84
f 1977/4238/82 2427/4237/82 2428/4243/85 1978/4244/85
f 2080/4240/83 2530/4239/83 2531/4245/86 2081/4246/86
f 2029/4242/84 2479/4241/84 2480/4247/87 2030/4248/87
f 1978/4244/85 2428/4243/85 2429/4249/88 1979/4250/88
f 2081/4246/86 2531/4245/86 2532/4251/89 2082/4252/89
f 2030/4248/87 2480/4247/87 2481/4253/90 2031/4254/90
f 1979/4250/88 2429/4249/88 2430/4255/91 1980/4256/91
f 2082/4257/89 2532/4258/89 2533/4259/92 2083/4260/92
f 2031/4254/90 2481/4253/90 2482/4261/93 2032/4262/93
f 1980/4256/91 2430/4255/91 2431/4263/94 1981/4264/94
f 2083/4260/92 2533/4259/92 2534/4265/95 2084/4266/95
f 2032/4262/93 2482/4261/93 2483/4267/96 2033/4268/96
f 1981/4264/94 2431/4263/94 2432/4269/97 1982/4270/97
f 2084/4266/95 2534/4265/95 2535/4271/98 2085/4272/98
f 2033/4268/96 2483/4267/96 2484/4273/99 2034/4274/99
f 1982/4270/97 2432/4269/97 2433/4275/100 1983/4276/100
f 2085/4272/98 2535/4271/98 2536/4277/101 2086/4278/101
f 2034/4274/99 2484/4273/99 2485/4279/102 2035/4280/102
f 1983/4276/100 2433/4275/100 2434/4281/103 1984/4282/103
f 2086/4278/101 2536/4277/101 2537/4283/104 2087/4284/104
f 2035/4280/102 2485/4279/102 2486/4285/105 2036/4286/105
f 1984/4282/103 2434/4281/103 2435/4287/106 1985/4288/106
f 2087/4284/104 2537/4283/104 2538/4289/107 2088/4290/107
f 2036/4286/105 2486/4285/105 2487/4291/108 2037/4292/108
f 1985/4288/106 2435/4287/106 2436/4293/109 1986/4294/109
f 2088/4290/107 2538/4289/107 2539/4295/110 2089/4296/110
f 2037/4292/108 2487/4291/108 2488/4297/111 2038/4298/111
f 1986/4294/109 2436/4293/109 2437/4299/112 1987/4300/112
f 2089/4296/110 2539/4295/110 2540/4301/113 2090/4302/113
f 2038/4298/111 2488/4297/111 2489/4303/114 2039/4304/114
f 1987/4300/112 2437/4299/112 2438/4305/115 1988/4306/115
f 2090/4302/113 2540/4301/113 2541/4307/116 2091/4308/116
f 2039/4304/114 2489/4303/114 2490/4309/117 2040/4310/117
f 1988/4306/115 2438/4305/115 2439/4311/118 1989/4312/118
f 2091/4308/116 2541/4307/116 2542/4313/119 2092/4314/119
f 2040/4310/117 2490/4309/117 2491/4315/120 2041/4316/120
f 1989/4312/118 2439/4311/118 2440/4317/121 1990/4318/121
f 2092/4314/119 2542/4313/119 2543/4319/122 2093/4320/122
f 2041/4316/120 2491/4315/120 2492/4321/123 2042/4322/123
f 1990/4318/121 2440/4317/121 2441/4323/124 1991/4324/124
f 2093/4320/122 2543/4319/122 2544/4325/125 2094/4326/125
f 2042/4322/123 2492/4321/123 2493/4327/126 2043/4328/126
f 1991/4324/124 2441/4323/124 2442/4329/127 1992/4330/127
f 2094/4326/125 2544/4325/125 2545/4331/128 2095/4332/128
f 2043/4328/126 2493/4327/126 2494/4333/129 2044/4334/129
f 1992/4330/127 2442/4329/127 2443/4335/130 1993/4336/130
f 2095/4332/128 2545/4331/128 2546/4337/131 2096/4338/131
f 2044/4334/129 2494/4333/129 2495/4339/132 2045/4340/132
f 1993/4336/130 2443/4335/130 2444/4341/133 1994/4342/133
f 2096/4338/131 2546/4337/131 2547/4343/134 2097/4344/134
f 2045/4345/132 2495/4346/132 2496/4347/135 2046/4348/135
f 1994/4342/133 2444/4341/133 2445/4349/136 1995/4350/136
f 2097/4344/134 2547/4343/134 2548/4351/137 2098/4352/137
f 2046/4348/135 2496/4347/135 2497/4266/138 2047/4353/138
f 1995/4350/136 2445/4349/136 2446/4354/139 1996/4355/139
f 2098/4352/137 2548/4351/137 2549/4356/140 2099/4357/140
f 2047/4353/138 2497/4266/138 2498/4358/141 2048/4359/141
f 1996/4355/139 2446/4354/139 2447/4360/142 1997/4361/142
f 2099/4357/140 2549/4356/140 2550/4224/143 2100/4362/143
f 2048/4359/141 2498/4358/141 2499/4363/156 2049/4364/156
f 1997/4361/142 2447/4360/142 2448/4365/145 1998/4366/145
f 2100/4362/143 2550/4224/143 2401/4230/8 1951/4367/8
f 2049/4364/156 2499/4363/156 2500/4368/146 2050/4369/146
f 1998/4366/145 2448/4365/145 2449/4370/147 1999/4371/147
f 2050/4369/146 2500/4368/146 2501/4372/148 2051/4373/148
f 1999/4371/147 2449/4370/147 2450/4374/149 2000/4375/149
f 2051/4373/148 2501/4372/148 2502/4376/150 2052/4377/150
f 2000/4375/149 2450/4374/149 2451/4378/151 2001/4379/151
f 2052/4377/150 2502/4376/150 2503/4380/4 2053/4381/4
f 2001/4379/151 2451/4378/151 2452/4382/6 2002/4383/6
f 2053/4381/4 2503/4380/4 2504/4384/5 2054/4385/5
f 2002/4383/6 2452/4382/6 2453/4386/7 2003/4387/7
f 1951/4367/8 2401/4230/8 2402/4388/9 1952/4389/9
f 2054/4385/5 2504/4384/5 2505/4390/10 2055/4391/10
f 2003/4387/7 2453/4386/7 2454/4392/11 2004/4393/11
f 1952/4389/9 2402/4388/9 2403/4242/12 1953/4394/12
f 2055/4391/10 2505/4390/10 2506/4395/13 2056/4396/13
f 2004/4393/11 2454/4392/11 2455/4397/14 2005/4398/14
f 1953/4394/12 2403/4242/12 2404/4399/15 1954/4400/15
f 2056/4396/13 2506/4395/13 2507/4401/16 2057/4402/16
f 2005/4398/14 2455/4397/14 2456/4403/17 2006/4404/17
f 1954/4400/15 2404/4399/15 2405/4254/18 1955/4405/18
f 2057/4402/16 2507/4401/16 2508/4332/19 2058/4406/19
f 2006/4404/17 2456/4403/17 2457/4407/20 2007/4408/20
f 1955/4405/18 2405/4254/18 2406/4409/21 1956/4410/21
f 2058/4406/19 2508/4332/19 2509/4338/22 2059/4411/22
f 2007/4408/20 2457/4407/20 2458/4412/23 2008/4413/23
f 1956/4410/21 2406/4409/21 2407/4414/24 1957/4415/24
f 2059/4411/22 2509/4338/22 2510/4416/25 2060/4417/25
f 2008/4418/23 2458/4419/23 2459/4420/26 2009/4421/26
f 1957/4415/24 2407/4414/24 2408/4422/2 1958/4423/2
f 2060/4417/25 2510/4416/25 2511/4424/27 2061/4425/27
f 2009/4421/26 2459/4420/26 2460/4426/28 2010/4265/28
f 1958/4423/2 2408/4422/2 2409/4280/3 1959/4427/3
f 2061/4425/27 2511/4424/27 2512/4428/29 2062/4429/29
f 2010/4265/28 2460/4426/28 2461/4430/30 2011/4271/30
f 1959/4427/3 2409/4280/3 2410/4431/31 1960/4432/31
f 2062/4429/29 2512/4428/29 2513/4433/32 2063/4434/32
f 2011/4271/30 2461/4430/30 2462/4435/33 2012/4436/33
f 1960/4432/31 2410/4431/31 2411/4437/34 1961/4438/34
f 2063/4434/32 2513/4433/32 2514/4439/35 2064/4440/35
f 2012/4436/33 2462/4435/33 2463/4441/36 2013/4283/36
f 1961/4438/34 2411/4437/34 2412/4298/37 1962/4442/37
f 2064/4440/35 2514/4439/35 2515/4443/38 2065/4444/38
f 2013/4283/36 2463/4441/36 2464/4445/39 2014/4446/39
f 1962/4442/37 2412/4298/37 2413/4447/40 1963/4448/40
f 2065/4444/38 2515/4443/38 2516/4394/41 2066/4449/41
f 2014/4446/39 2464/4445/39 2465/4450/42 2015/4451/42
f 1963/4448/40 2413/4447/40 2414/4452/43 1964/4453/43
f 2066/4449/41 2516/4394/41 2517/4454/44 2067/4455/44
f 2015/4451/42 2465/4450/42 2466/4456/45 2016/4301/45
f 1964/4453/43 2414/4452/43 2415/4457/46 1965/4458/46
f 2067/4455/44 2517/4454/44 2518/4459/47 2068/4460/47
f 2016/4301/45 2466/4456/45 2467/4461/48 2017/4462/48
f 1965/4458/46 2415/4457/46 2416/4463/49 1966/4464/49
f 2068/4460/47 2518/4459/47 2519/4465/50 2069/4466/50
f 2017/4462/48 2467/4461/48 2468/4467/51 2018/4468/51
f 1966/4464/49 2416/4463/49 2417/4469/52 1967/4470/52
f 2069/4466/50 2519/4465/50 2520/4471/53 2070/4472/53
f 2018/4468/51 2468/4467/51 2469/4473/54 2019/4319/54
f 1967/4470/52 2417/4469/52 2418/4474/55 1968/4475/55
f 2070/4472/53 2520/4471/53 2521/4476/56 2071/4477/56
f 2019/4319/54 2469/4473/54 2470/4478/57 2020/4479/57
f 1968/4475/55 2418/4474/55 2419/4480/58 1969/4481/58
f 2071/4477/56 2521/4476/56 2522/4482/59 2072/4483/59
f 2020/4479/57 2470/4478/57 2471/4484/60 2021/4485/60
f 1969/4486/58 2419/4487/58 2420/4488/61 1970/4489/61
f 2072/4483/59 2522/4482/59 2523/4490/62 2073/4491/62
f 2021/4485/60 2471/4484/60 2472/4492/63 2022/4337/63
f 1970/4489/61 2420/4488/61 2421/4493/64 1971/4494/64
f 2073/4491/62 2523/4490/62 2524/4495/65 2074/4496/65
f 2022/4337/63 2472/4492/63 2473/4497/66 2023/4343/66
f 1971/4494/64 2421/4493/64 2422/4498/67 1972/4499/67
f 2074/4496/65 2524/4495/65 2525/4500/68 2075/4501/68
f 2023/4343/66 2473/4497/66 2474/3647/69 2024/3646/69
f 1972/4499/67 2422/4498/67 2423/4216/70 1973/4215/70
f 2075/4501/68 2525/4500/68 2526/4220/71 2076/4219/71
s 0
f 2252/4502/152 2402/4503/152 2401/4504/152 2251/4505/152
f 2253/4506/152 2403/4507/152 2402/4503/152 2252/4502/152
f 2254/4508/152 2404/4509/152 2403/4507/152 2253/4506/152
f 2255/4510/152 2405/4511/152 2404/4509/152 2254/4508/152
f 2256/4512/152 2406/4513/152 2405/4511/152 2255/4510/152
f 2257/4514/152 2407/4515/152 2406/4513/152 2256/4512/152
f 2258/4516/152 2408/4517/152 2407/4515/152 2257/4514/152
f 2259/4518/152 2409/4519/152 2408/4517/152 2258/4516/152
f 2260/4520/152 2410/4521/152 2409/4519/152 2259/4518/152
f 2261/4522/152 2411/4523/152 2410/4521/152 2260/4520/152
f 2262/4524/152 2412/4525/152 2411/4523/152 2261/4522/152
f 2263/4526/152 2413/4527/152 2412/4525/152 2262/4524/152
f 2264/4528/152 2414/4529/152 2413/4527/152 2263/4526/152
f 2265/4530/152 2415/4531/152 2414/4529/152 2264/4528/152
f 2266/4532/152 2416/4533/152 2415/4531/152 2265/4530/152
f 2267/4534/152 2417/4535/152 2416/4533/152 2266/4532/152
f 2268/4536/152 2418/4537/152 2417/4535/152 2267/4534/152
f 2269/4538/152 2419/4539/152 2418/4537/152 2268/4536/152
f 2270/4540/152 2420/4541/152 2419/4539/152 2269/4538/152
f 2271/4542/152 2421/4543/152 2420/4541/152 2270/4540/152
f 2272/4544/152 2422/4545/152 2421/4543/152 2271/4542/152
f 2273/4546/152 2423/4547/152 2422/4545/152 2272/4544/152
f 2274/4548/152 2424/4549/152 2423/4547/152 2273/4546/152
f 2275/4550/152 2425/4551/152 2424/4549/152 2274/4548/152
f 2276/4552/152 2426/4553/152 2425/4551/152 2275/4550/152
f 2277/4554/152 2427/4555/152 2426/4553/152 2276/4552/152
f 2278/4556/152 2428/4557/152 2427/4555/152 2277/4554/152
f 2279/4558/152 2429/4559/152 2428/4557/152 2278/4556/152
f 2280/4560/152 2430/4561/152 2429/4559/152 2279/4558/152
f 2281/4562/152 2431/4563/152 2430/4561/152 2280/4560/152
f 2282/4564/152 2432/4565/152 2431/4563/152 2281/4562/152
f 2283/4566/152 2433/4567/152 2432/4565/152 2282/4564/152
f 2284/4568/152 2434/4569/152 2433/4567/152 2283/4566/152
f 2285/4570/152 2435/4571/152 2434/4569/152 2284/4568/152
f 2286/4572/152 2436/4573/152 2435/4571/152 2285/4570/152
f 2287/4574/152 2437/4575/152 2436/4573/152 2286/4572/152
f 2288/4576/152 2438/4577/152 2437/4575/152 2287/4574/152
f 2289/4578/152 2439/4579/152 2438/4577/152 2288/4576/152
f 2290/4580/152 2440/4581/152 2439/4579/152 2289/4578/152
f 2291/4582/152 2441/4583/152 2440/4581/152 2290/4580/152
f 2292/4584/152 2442/4585/152 2441/4583/152 2291/4582/152
f 2293/4586/152 2443/4587/152 2442/4585/152 2292/4584/152
f 2294/4588/152 2444/4589/152 2443/4587/152 2293/4586/152
f 2295/4590/152 2445/4591/152 2444/4589/152 2294/4588/152
f 2296/4592/152 2446/4593/152 2445/4591/152 2295/4590/152
f 2297/4594/152 2447/4595/152 2446/4593/152 2296/4592/152
f 2298/4596/152 2448/4597/152 2447/4595/152 2297/4594/152
f 2299/4598/152 2449/4599/152 2448/4597/152 2298/4596/152
f 2300/4600/152 2450/4601/152 2449/4599/152 2299/4598/152
f 2301/4602/152 2451/4603/152 2450/4601/152 2300/4600/152
f 2302/4604/152 2452/4605/152 2451/4603/152 2301/4602/152
f 2303/4606/152 2453/4607/152 2452/4605/152 2302/4604/152
f 2304/4608/152 2454/4609/152 2453/4607/152 2303/4606/152
f 2305/4610/152 2455/4611/152 2454/4609/152 2304/4608/152
f 2306/4612/152 2456/4613/152 2455/4611/152 2305/4610/152
f 2307/4614/152 2457/4615/152 2456/4613/152 2306/4612/152
f 2308/4616/152 2458/4617/152 2457/4615/152 2307/4614/152
f 2309/4618/152 2459/4619/152 2458/4617/152 2308/4616/152
f 2310/4620/152 2460/4621/152 2459/4619/152 2309/4618/152
f 2311/4622/152 2461/4623/152 2460/4621/152 2310/4620/152
f 2312/4624/152 2462/4625/152 2461/4623/152 2311/4622/152
f 2313/4626/152 2463/4627/152 2462/4625/152 2312/4624/152
f 2314/4628/152 2464/4629/152 2463/4627/152 2313/4626/152
f 2315/4630/152 2465/4631/152 2464/4629/152 2314/4628/152
f 2316/4632/152 2466/4633/152 2465/4631/152 2315/4630/152
f 2317/4634/152 2467/4635/152 2466/4633/152 2316/4632/152
f 2318/4636/152 2468/4637/152 2467/4635/152 2317/4634/152
f 2319/4638/152 2469/4639/152 2468/4637/152 2318/4636/152
f 2320/4640/152 2470/4641/152 2469/4639/152 2319/4638/152
f 2321/4642/152 2471/4643/152 2470/4641/152 2320/4640/152
f 2322/4644/152 2472/4645/152 2471/4643/152 2321/4642/152
f 2323/4646/152 2473/4647/152 2472/4645/152 2322/4644/152
f 2324/4648/152 2474/4649/152 2473/4647/152 2323/4646/152
f 2325/4650/152 2475/4651/152 2474/4649/152 2324/4648/152
f 2326/4652/152 2476/4653/152 2475/4651/152 2325/4650/152
f 2327/4654/152 2477/4655/152 2476/4653/152 2326/4652/152
f 2328/4656/152 2478/4657/152 2477/4655/152 2327/4654/152
f 2329/4658/152 2479/4659/152 2478/4657/152 2328/4656/152
f 2330/4660/152 2480/4661/152 2479/4659/152 2329/4658/152
f 2331/4662/152 2481/4663/152 2480/4661/152 2330/4660/152
f 2332/4664/152 2482/4665/152 2481/4663/152 2331/4662/152
f 2333/4666/152 2483/4667/152 2482/4665/152 2332/4664/152
f 2334/4668/152 2484/4669/152 2483/4667/152 2333/4666/152
f 2335/4670/152 2485/4671/152 2484/4669/152 2334/4668/152
f 2336/4672/152 2486/4673/152 2485/4671/152 2335/4670/152
f 2337/4674/152 2487/4675/152 2486/4673/152 2336/4672/152
f 2338/4676/152 2488/4677/152 2487/4675/152 2337/4674/152
f 2339/4678/152 2489/4679/152 2488/4677/152 2338/4676/152
f 2340/4680/152 2490/4681/152 2489/4679/152 2339/4678/152
f 2341/4682/152 2491/4683/152 2490/4681/152 2340/4680/152
f 2342/4684/152 2492/4685/152 2491/4683/152 2341/4682/152
f 2343/4686/152 2493/4687/152 2492/4685/152 2342/4684/152
f 2344/4688/152 2494/4689/152 2493/4687/152 2343/4686/152
f 2345/4690/152 2495/4691/152 2494/4689/152 2344/4688/152
f 2346/4692/152 2496/4693/152 2495/4691/152 2345/4690/152
f 2347/4694/152 2497/4695/152 2496/4693/152 2346/4692/152
f 2348/4696/152 2498/4697/152 2497/4695/152 2347/4694/152
f 2349/4698/152 2499/4699/152 2498/4697/152 2348/4696/152
f 2350/4700/152 2500/4701/152 2499/4699/152 2349/4698/152
f 2351/4702/152 2501/4703/152 2500/4701/152 2350/4700/152
f 2352/4704/152 2502/4705/152 2501/4703/152 2351/4702/152
f 2353/4706/152 2503/4707/152 2502/4705/152 2352/4704/152
f 2354/4708/152 2504/4709/152 2503/4707/152 2353/4706/152
f 2355/4710/152 2505/4711/152 2504/4709/152 2354/4708/152
f 2356/4712/152 2506/4713/152 2505/4711/152 2355/4710/152
f 2357/4714/152 2507/4715/152 2506/4713/152 2356/4712/152
f 2358/4716/152 2508/4717/152 2507/4715/152 2357/4714/152
f 2359/4718/152 2509/4719/152 2508/4717/152 2358/4716/152
f 2360/4720/152 2510/4721/152 2509/4719/152 2359/4718/152
f 2361/4722/152 2511/4723/152 2510/4721/152 2360/4720/152
f 2362/4724/152 2512/4725/152 2511/4723/152 2361/4722/152
f 2363/4726/152 2513/4727/152 2512/4725/152 2362/4724/152
f 2364/4728/152 2514/4729/152 2513/4727/152 2363/4726/152
f 2365/4730/152 2515/4731/152 2514/4729/152 2364/4728/152
f 2366/4732/152 2516/4733/152 2515/4731/152 2365/4730/152
f 2367/4734/152 2517/4735/152 2516/4733/152 2366/4732/152
f 2368/4736/152 2518/4737/152 2517/4735/152 2367/4734/152
f 2369/4738/152 2519/4739/152 2518/4737/152 2368/4736/152
f 2370/4740/152 2520/4741/152 2519/4739/152 2369/4738/152
f 2371/4742/152 2521/4743/152 2520/4741/152 2370/4740/152
f 2372/4744/152 2522/4745/152 2521/4743/152 2371/4742/152
f 2373/4746/152 2523/4747/152 2522/4745/152 2372/4744/152
f 2374/4748/152 2524/4749/152 2523/4747/152 2373/4746/152
f 2375/4750/152 2525/4751/152 2524/4749/152 2374/4748/152
f 2376/4752/152 2526/4753/152 2525/4751/152 2375/4750/152
f 2377/4754/152 2527/4755/152 2526/4753/152 2376/4752/152
f 2378/4756/152 2528/4757/152 2527/4755/152 2377/4754/152
f 2379/4758/152 2529/4759/152 2528/4757/152 2378/4756/152
f 2380/4760/152 2530/4761/152 2529/4759/152 2379/4758/152
f 2381/4762/152 2531/4763/152 2530/4761/152 2380/4760/152
f 2382/4764/152 2532/4765/152 2531/4763/152 2381/4762/152
f 2383/4766/152 2533/4767/152 2532/4765/152 2382/4764/152
f 2384/4768/152 2534/4769/152 2533/4767/152 2383/4766/152
f 2385/4770/152 2535/4771/152 2534/4769/152 2384/4768/152
f 2386/4772/152 2536/4773/152 2535/4771/152 2385/4770/152
f 2387/4774/152 2537/4775/152 2536/4773/152 2386/4772/152
f 2388/4776/152 2538/4777/152 2537/4775/152 2387/4774/152
f 2389/4778/152 2539/4779/152 2538/4777/152 2388/4776/152
f 2390/4780/152 2540/4781/152 2539/4779/152 2389/4778/152
f 2391/4782/152 2541/4783/152 2540/4781/152 2390/4780/152
f 2392/4784/152 2542/4785/152 2541/4783/152 2391/4782/152
f 2393/4786/152 2543/4787/152 2542/4785/152 2392/4784/152
f 2394/4788/152 2544/4789/152 2543/4787/152 2393/4786/152
f 2395/4790/152 2545/4791/152 2544/4789/152 2394/4788/152
f 2396/4792/152 2546/4793/152 2545/4791/152 2395/4790/152
f 2397/4794/152 2547/4795/152 2546/4793/152 2396/4792/152
f 2398/4796/152 2548/4797/152 2547/4795/152 2397/4794/152
f 2399/4798/152 2549/4799/152 2548/4797/152 2398/4796/152
f 2400/4800/152 2550/4801/152 2549/4799/152 2399/4798/152
f 2251/4505/152 2401/4504/152 2550/4801/152 2400/4800/152
s 1
f 2594/4802/133 3044/4803/133 3045/4804/136 2595/4805/136
f 2255/4806/18 2705/4807/18 2706/4808/21 2256/4809/21
f 2358/4810/19 2808/4811/19 2809/4812/22 2359/4813/22
f 2307/4214/20 2757/4213/20 2758/4814/23 2308/4815/23
f 2256/4809/21 2706/4808/21 2707/4816/24 2257/4817/24
f 2359/4813/22 2809/4812/22 2810/4818/25 2360/4819/25
f 2308/4820/23 2758/4821/23 2759/4822/26 2309/4823/26
f 2257/4817/24 2707/4816/24 2708/4824/2 2258/4825/2
f 2360/4819/25 2810/4818/25 2811/4826/27 2361/4827/27
f 2309/4823/26 2759/4822/26 2760/4828/28 2310/4829/28
f 2258/4825/2 2708/4824/2 2709/4830/3 2259/4831/3
f 2361/4827/27 2811/4826/27 2812/4832/29 2362/4833/29
f 2310/4829/28 2760/4828/28 2761/4834/30 2311/4835/30
f 2259/4831/3 2709/4830/3 2710/4836/31 2260/4837/31
f 2362/4833/29 2812/4832/29 2813/4838/32 2363/4839/32
f 2311/4835/30 2761/4834/30 2762/4840/33 2312/4841/33
f 2260/4837/31 2710/4836/31 2711/4842/34 2261/4843/34
f 2363/4839/32 2813/4838/32 2814/4844/35 2364/4845/35
f 2312/4841/33 2762/4840/33 2763/4846/36 2313/4847/36
f 2261/4843/34 2711/4842/34 2712/4848/37 2262/4849/37
f 2364/4845/35 2814/4844/35 2815/4850/38 2365/4851/38
f 2313/4847/36 2763/4846/36 2764/4852/39 2314/4853/39
f 2262/4849/37 2712/4848/37 2713/4854/40 2263/4855/40
f 2365/4851/38 2815/4850/38 2816/4856/41 2366/4857/41
f 2314/4853/39 2764/4852/39 2765/4858/42 2315/4859/42
f 2263/4855/40 2713/4854/40 2714/4860/43 2264/4861/43
f 2366/4857/41 2816/4856/41 2817/4862/44 2367/4863/44
f 2315/4859/42 2765/4858/42 2766/4864/45 2316/4865/45
f 2264/4861/43 2714/4860/43 2715/4866/46 2265/4867/46
f 2367/4863/44 2817/4862/44 2818/4868/47 2368/4869/47
f 2316/4865/45 2766/4864/45 2767/4870/48 2317/4871/48
f 2265/4867/46 2715/4866/46 2716/4872/49 2266/4873/49
f 2368/4869/47 2818/4868/47 2819/4874/50 2369/4875/50
f 2317/4871/48 2767/4870/48 2768/4876/51 2318/4877/51
f 2266/4873/49 2716/4872/49 2717/4878/52 2267/4879/52
f 2369/4875/50 2819/4874/50 2820/4880/53 2370/4881/53
f 2318/4877/51 2768/4876/51 2769/4882/54 2319/4883/54
f 2267/4879/52 2717/4878/52 2718/4884/55 2268/4885/55
f 2370/4881/53 2820/4880/53 2821/4886/56 2371/4824/56
f 2319/4883/54 2769/4882/54 2770/4887/57 2320/4888/57
f 2268/4885/55 2718/4884/55 2719/4889/58 2269/4890/58
f 2371/4824/56 2821/4886/56 2822/4891/59 2372/4892/59
f 2320/4888/57 2770/4887/57 2771/4893/60 2321/4894/60
f 2269/4895/58 2719/3246/58 2720/4896/61 2270/4897/61
f 2372/4892/59 2822/4891/59 2823/4898/62 2373/4899/62
f 2321/4894/60 2771/4893/60 2772/4900/63 2322/4901/63
f 2270/4897/61 2720/4896/61 2721/4902/64 2271/4903/64
f 2373/4899/62 2823/4898/62 2824/4904/65 2374/4842/65
f 2322/4901/63 2772/4900/63 2773/4905/66 2323/4906/66
f 2271/4903/64 2721/4902/64 2722/4907/67 2272/4908/67
f 2374/4842/65 2824/4904/65 2825/4909/68 2375/4848/68
f 2323/4906/66 2773/4905/66 2774/4910/69 2324/4911/69
f 2272/4908/67 2722/4907/67 2723/4912/70 2273/4913/70
f 2375/4848/68 2825/4909/68 2826/4914/71 2376/4854/71
f 2324/4911/69 2774/4910/69 2775/4915/72 2325/4916/72
f 2273/4913/70 2723/4912/70 2724/4917/157 2274/4918/157
f 2376/4854/71 2826/4914/71 2827/4919/74 2377/4860/74
f 2325/4916/72 2775/4915/72 2776/4920/75 2326/4921/75
f 2274/4918/157 2724/4917/157 2725/4922/76 2275/4923/76
f 2377/4860/74 2827/4919/74 2828/4924/77 2378/4866/77
f 2326/4921/75 2776/4920/75 2777/4925/78 2327/4926/78
f 2275/4923/76 2725/4922/76 2726/4927/79 2276/4928/79
f 2378/4866/77 2828/4924/77 2829/4929/80 2379/4930/80
f 2327/4926/78 2777/4925/78 2778/4931/81 2328/4932/81
f 2276/4928/79 2726/4927/79 2727/4933/82 2277/4934/82
f 2379/4930/80 2829/4929/80 2830/4935/83 2380/4878/83
f 2328/4932/81 2778/4931/81 2779/4936/84 2329/4937/84
f 2277/4934/82 2727/4933/82 2728/4938/85 2278/4939/85
f 2380/4878/83 2830/4935/83 2831/4940/86 2381/4941/86
f 2329/4937/84 2779/4936/84 2780/4942/87 2330/4943/87
f 2278/4939/85 2728/4938/85 2729/4944/88 2279/4945/88
f 2381/4941/86 2831/4940/86 2832/4946/89 2382/4889/89
f 2330/4943/87 2780/4942/87 2781/4806/90 2331/4947/90
f 2279/4945/88 2729/4944/88 2730/4948/91 2280/4949/91
f 2382/4950/89 2832/4951/89 2833/4952/92 2383/4953/92
f 2331/4947/90 2781/4806/90 2782/4954/93 2332/4955/93
f 2280/4949/91 2730/4948/91 2731/4956/94 2281/4957/94
f 2383/4953/92 2833/4952/92 2834/4958/95 2384/4959/95
f 2332/4955/93 2782/4954/93 2783/4960/96 2333/4961/96
f 2281/4957/94 2731/4956/94 2732/4962/97 2282/4963/97
f 2384/4959/95 2834/4958/95 2835/4964/98 2385/4834/98
f 2333/4961/96 2783/4960/96 2784/4965/99 2334/4966/99
f 2282/4963/97 2732/4962/97 2733/4967/100 2283/4968/100
f 2385/4834/98 2835/4964/98 2836/4969/101 2386/4970/101
f 2334/4966/99 2784/4965/99 2785/4971/102 2335/4972/102
f 2283/4968/100 2733/4967/100 2734/4973/103 2284/4974/103
f 2386/4970/101 2836/4969/101 2837/4975/104 2387/4976/104
f 2335/4972/102 2785/4971/102 2786/4977/105 2336/4978/105
f 2284/4974/103 2734/4973/103 2735/4979/106 2285/4980/106
f 2387/4976/104 2837/4975/104 2838/4981/107 2388/4982/107
f 2336/4978/105 2786/4977/105 2787/4843/108 2337/4983/108
f 2285/4980/106 2735/4979/106 2736/4984/109 2286/4985/109
f 2388/4982/107 2838/4981/107 2839/4986/110 2389/4987/110
f 2337/4983/108 2787/4843/108 2788/4849/111 2338/4988/111
f 2286/4985/109 2736/4984/109 2737/4989/112 2287/4990/112
f 2389/4987/110 2839/4986/110 2840/4991/113 2390/4992/113
f 2338/4988/111 2788/4849/111 2789/4993/114 2339/4994/114
f 2287/4990/112 2737/4989/112 2738/4995/115 2288/4996/115
f 2390/4992/113 2840/4991/113 2841/4997/116 2391/4998/116
f 2339/4994/114 2789/4993/114 2790/4999/117 2340/5000/117
f 2288/4996/115 2738/4995/115 2739/5001/118 2289/5002/118
f 2391/4998/116 2841/4997/116 2842/5003/119 2392/5004/119
f 2340/5000/117 2790/4999/117 2791/5005/120 2341/5006/120
f 2289/5002/118 2739/5001/118 2740/5007/121 2290/5008/121
f 2392/5004/119 2842/5003/119 2843/5009/122 2393/4882/122
f 2341/5006/120 2791/5005/120 2792/4873/123 2342/5010/123
f 2290/5008/121 2740/5007/121 2741/5011/124 2291/5012/124
f 2393/4882/122 2843/5009/122 2844/5013/125 2394/5014/125
f 2342/5010/123 2792/4873/123 2793/5015/126 2343/5016/126
f 2291/5012/124 2741/5011/124 2742/5017/127 2292/5018/127
f 2394/5014/125 2844/5013/125 2845/4810/128 2395/5019/128
f 2343/5016/126 2793/5015/126 2794/5020/129 2344/5021/129
f 2292/5018/127 2742/5017/127 2743/5022/130 2293/5023/130
f 2395/5019/128 2845/4810/128 2846/5024/131 2396/4900/131
f 2344/5021/129 2794/5020/129 2795/5025/132 2345/5026/132
f 2293/5023/130 2743/5022/130 2744/5027/133 2294/5028/133
f 2396/4900/131 2846/5024/131 2847/4819/134 2397/5029/134
f 2345/5030/132 2795/5031/132 2796/5032/135 2346/5033/135
f 2294/5028/133 2744/5027/133 2745/5034/136 2295/5035/136
f 2397/5029/134 2847/4819/134 2848/5036/137 2398/4910/137
f 2346/5033/135 2796/5032/135 2797/5037/138 2347/5038/138
f 2295/5035/136 2745/5034/136 2746/5039/139 2296/5040/139
f 2398/4910/137 2848/5036/137 2849/5041/140 2399/5042/140
f 2347/5038/138 2797/5037/138 2798/5043/141 2348/5044/141
f 2296/5040/139 2746/5039/139 2747/5045/142 2297/5046/142
f 2399/5042/140 2849/5041/140 2850/4839/143 2400/4920/143
f 2348/5044/141 2798/5043/141 2799/5047/156 2349/5048/156
f 2297/5046/142 2747/5045/142 2748/5049/145 2298/5050/145
f 2400/4920/143 2850/4839/143 2701/4845/8 2251/4925/8
f 2349/5048/156 2799/5047/156 2800/5051/146 2350/5052/146
f 2298/5050/145 2748/5049/145 2749/5053/147 2299/5054/147
f 2350/5052/146 2800/5051/146 2801/5055/148 2351/5056/148
f 2299/5054/147 2749/5053/147 2750/5057/149 2300/5058/149
f 2351/5056/148 2801/5055/148 2802/5059/150 2352/5060/150
f 2300/5058/149 2750/5057/149 2751/5061/151 2301/5062/151
f 2352/5060/150 2802/5059/150 2803/5063/4 2353/5064/4
f 2301/5062/151 2751/5061/151 2752/5065/6 2302/5066/6
f 2353/5064/4 2803/5063/4 2804/5067/5 2354/4997/5
f 2302/5066/6 2752/5065/6 2753/5068/7 2303/5069/7
f 2251/4925/8 2701/4845/8 2702/5070/9 2252/5071/9
f 2354/4997/5 2804/5067/5 2805/5072/10 2355/5003/10
f 2303/5069/7 2753/5068/7 2754/5073/11 2304/5074/11
f 2252/5071/9 2702/5070/9 2703/5075/12 2253/5076/12
f 2355/5003/10 2805/5072/10 2806/5077/13 2356/5078/13
f 2304/5074/11 2754/5073/11 2755/5079/14 2305/5080/14
f 2253/5076/12 2703/5075/12 2704/5081/15 2254/5082/15
f 2356/5078/13 2806/5077/13 2807/5083/16 2357/5084/16
f 2305/5080/14 2755/5079/14 2756/4212/17 2306/4211/17
f 2254/5082/15 2704/5081/15 2705/4807/18 2255/4806/18
f 2357/5084/16 2807/5083/16 2808/4811/19 2358/4810/19
s 0
f 2552/5085/152 2702/5086/152 2701/5087/152 2551/5088/152
f 2553/5089/152 2703/5090/152 2702/5086/152 2552/5085/152
f 2554/5091/152 2704/5092/152 2703/5090/152 2553/5089/152
f 2555/5093/152 2705/5094/152 2704/5092/152 2554/5091/152
f 2556/5095/152 2706/5096/152 2705/5094/152 2555/5093/152
f 2557/5097/152 2707/5098/152 2706/5096/152 2556/5095/152
f 2558/5099/152 2708/5100/152 2707/5098/152 2557/5097/152
f 2559/5101/152 2709/5102/152 2708/5100/152 2558/5099/152
f 2560/5103/152 2710/5104/152 2709/5102/152 2559/5101/152
f 2561/5105/152 2711/5106/152 2710/5104/152 2560/5103/152
f 2562/5107/152 2712/5108/152 2711/5106/152 2561/5105/152
f 2563/5109/152 2713/5110/152 2712/5108/152 2562/5107/152
f 2564/5111/152 2714/5112/152 2713/5110/152 2563/5109/152
f 2565/5113/152 2715/5114/152 2714/5112/152 2564/5111/152
f 2566/5115/152 2716/5116/152 2715/5114/152 2565/5113/152
f 2567/5117/152 2717/5118/152 2716/5116/152 2566/5115/152
f 2568/5119/152 2718/5120/152 2717/5118/152 2567/5117/152
f 2569/5121/152 2719/5122/152 2718/5120/152 2568/5119/152
f 2570/5123/152 2720/5124/152 2719/5122/152 2569/5121/152
f 2571/5125/152 2721/5126/152 2720/5124/152 2570/5123/152
f 2572/5127/152 2722/5128/152 2721/5126/152 2571/5125/152
f 2573/5129/152 2723/5130/152 2722/5128/152 2572/5127/152
f 2574/5131/152 2724/5132/152 2723/5130/152 2573/5129/152
f 2575/5133/152 2725/5134/152 2724/5132/152 2574/5131/152
f 2576/5135/152 2726/5136/152 2725/5134/152 2575/5133/152
f 2577/5137/152 2727/5138/152 2726/5136/152 2576/5135/152
f 2578/5139/152 2728/5140/152 2727/5138/152 2577/5137/152
f 2579/5141/152 2729/5142/152 2728/5140/152 2578/5139/152
f 2580/5143/152 2730/5144/152 2729/5142/152 2579/5141/152
f 2581/5145/152 2731/5146/152 2730/5144/152 2580/5143/152
f 2582/5147/152 2732/5148/152 2731/5146/152 2581/5145/152
f 2583/5149/152 2733/5150/152 2732/5148/152 2582/5147/152
f 2584/5151/152 2734/5152/152 2733/5150/152 2583/5149/152
f 2585/5153/152 2735/5154/152 2734/5152/152 2584/5151/152
f 2586/5155/152 2736/5156/152 2735/5154/152 2585/5153/152
f 2587/5157/152 2737/5158/152 2736/5156/152 2586/5155/152
f 2588/5159/152 2738/5160/152 2737/5158/152 2587/5157/152
f 2589/5161/152 2739/5162/152 2738/5160/152 2588/5159/152
f 2590/5163/152 2740/5164/152 2739/5162/152 2589/5161/152
f 2591/5165/152 2741/5166/152 2740/5164/152 2590/5163/152
f 2592/5167/152 2742/5168/152 2741/5166/152 2591/5165/152
f 2593/5169/152 2743/5170/152 2742/5168/152 2592/5167/152
f 2594/5171/152 2744/5172/152 2743/5170/152 2593/5169/152
f 2595/5173/152 2745/5174/152 2744/5172/152 2594/5171/152
f 2596/5175/152 2746/5176/152 2745/5174/152 2595/5173/152
f 2597/5177/152 2747/5178/152 2746/5176/152 2596/5175/152
f 2598/5179/152 2748/5180/152 2747/5178/152 2597/5177/152
f 2599/5181/152 2749/5182/152 2748/5180/152 2598/5179/152
f 2600/5183/152 2750/5184/152 2749/5182/152 2599/5181/152
f 2601/5185/152 2751/5186/152 2750/5184/152 2600/5183/152
f 2602/5187/152 2752/5188/152 2751/5186/152 2601/5185/152
f 2603/5189/152 2753/5190/152 2752/5188/152 2602/5187/152
f 2604/5191/152 2754/5192/152 2753/5190/152 2603/5189/152
f 2605/5193/152 2755/5194/152 2754/5192/152 2604/5191/152
f 2606/5195/152 2756/5196/152 2755/5194/152 2605/5193/152
f 2607/5197/152 2757/5198/152 2756/5196/152 2606/5195/152
f 2608/5199/152 2758/5200/152 2757/5198/152 2607/5197/152
f 2609/5201/152 2759/5202/152 2758/5200/152 2608/5199/152
f 2610/5203/152 2760/5204/152 2759/5202/152 2609/5201/152
f 2611/5205/152 2761/5206/152 2760/5204/152 2610/5203/152
f 2612/5207/152 2762/5208/152 2761/5206/152 2611/5205/152
f 2613/5209/152 2763/5210/152 2762/5208/152 2612/5207/152
f 2614/5211/152 2764/5212/152 2763/5210/152 2613/5209/152
f 2615/5213/152 2765/5214/152 2764/5212/152 2614/5211/152
f 2616/5215/152 2766/5216/152 2765/5214/152 2615/5213/152
f 2617/5217/152 2767/5218/152 2766/5216/152 2616/5215/152
f 2618/5219/152 2768/5220/152 2767/5218/152 2617/5217/152
f 2619/5221/152 2769/5222/152 2768/5220/152 2618/5219/152
f 2620/5223/152 2770/5224/152 2769/5222/152 2619/5221/152
f 2621/5225/152 2771/5226/152 2770/5224/152 2620/5223/152
f 2622/5227/152 2772/5228/152 2771/5226/152 2621/5225/152
f 2623/5229/152 2773/5230/152 2772/5228/152 2622/5227/152
f 2624/5231/152 2774/5232/152 2773/5230/152 2623/5229/152
f 2625/5233/152 2775/5234/152 2774/5232/152 2624/5231/152
f 2626/5235/152 2776/5236/152 2775/5234/152 2625/5233/152
f 2627/5237/152 2777/5238/152 2776/5236/152 2626/5235/152
f 2628/5239/152 2778/5240/152 2777/5238/152 2627/5237/152
f 2629/5241/152 2779/5242/152 2778/5240/152 2628/5239/152
f 2630/5243/152 2780/5244/152 2779/5242/152 2629/5241/152
f 2631/5245/152 2781/5246/152 2780/5244/152 2630/5243/152
f 2632/5247/152 2782/5248/152 2781/5246/152 2631/5245/152
f 2633/5249/152 2783/5250/152 2782/5248/152 2632/5247/152
f 2634/5251/152 2784/5252/152 2783/5250/152 2633/5249/152
f 2635/5253/152 2785/5254/152 2784/5252/152 2634/5251/152
f 2636/5255/152 2786/5256/152 2785/5254/152 2635/5253/152
f 2637/5257/152 2787/5258/152 2786/5256/152 2636/5255/152
f 2638/5259/152 2788/5260/152 2787/5258/152 2637/5257/152
f 2639/5261/152 2789/5262/152 2788/5260/152 2638/5259/152
f 2640/5263/152 2790/5264/152 2789/5262/152 2639/5261/152
f 2641/5265/152 2791/5266/152 2790/5264/152 2640/5263/152
f 2642/5267/152 2792/5268/152 2791/5266/152 2641/5265/152
f 2643/5269/152 2793/5270/152 2792/5268/152 2642/5267/152
f 2644/5271/152 2794/5272/152 2793/5270/152 2643/5269/152
f 2645/5273/152 2795/5274/152 2794/5272/152 2644/5271/152
f 2646/5275/152 2796/5276/152 2795/5274/152 2645/5273/152
f 2647/5277/152 2797/5278/152 2796/5276/152 2646/5275/152
f 2648/5279/152 2798/5280/152 2797/5278/152 2647/5277/152
f 2649/5281/152 2799/5282/152 2798/5280/152 2648/5279/152
f 2650/5283/152 2800/5284/152 2799/5282/152 2649/5281/152
f 2651/5285/152 2801/5286/152 2800/5284/152 2650/5283/152
f 2652/5287/152 2802/5288/152 2801/5286/152 2651/5285/152
f 2653/5289/152 2803/5290/152 2802/5288/152 2652/5287/152
f 2654/5291/152 2804/5292/152 2803/5290/152 2653/5289/152
f 2655/5293/152 2805/5294/152 2804/5292/152 2654/5291/152
f 2656/5295/152 2806/5296/152 2805/5294/152 2655/5293/152
f 2657/5297/152 2807/5298/152 2806/5296/152 2656/5295/152
f 2658/5299/152 2808/5300/152 2807/5298/152 2657/5297/152
f 2659/5301/152 2809/5302/152 2808/5300/152 2658/5299/152
f 2660/5303/152 2810/5304/152 2809/5302/152 2659/5301/152
f 2661/5305/152 2811/5306/152 2810/5304/152 2660/5303/152
f 2662/5307/152 2812/5308/152 2811/5306/152 2661/5305/152
f 2663/5309/152 2813/5310/152 2812/5308/152 2662/5307/152
f 2664/5311/152 2814/5312/152 2813/5310/152 2663/5309/152
f 2665/5313/152 2815/5314/152 2814/5312/152 2664/5311/152
f 2666/5315/152 2816/5316/152 2815/5314/152 2665/5313/152
f 2667/5317/152 2817/5318/152 2816/5316/152 2666/5315/152
f 2668/5319/152 2818/5320/152 2817/5318/152 2667/5317/152
f 2669/5321/152 2819/5322/152 2818/5320/152 2668/5319/152
f 2670/5323/152 2820/5324/152 2819/5322/152 2669/5321/152
f 2671/5325/152 2821/5326/152 2820/5324/152 2670/5323/152
f 2672/5327/152 2822/5328/152 2821/5326/152 2671/5325/152
f 2673/5329/152 2823/5330/152 2822/5328/152 2672/5327/152
f 2674/5331/152 2824/5332/152 2823/5330/152 2673/5329/152
f 2675/5333/152 2825/5334/152 2824/5332/152 2674/5331/152
f 2676/5335/152 2826/5336/152 2825/5334/152 2675/5333/152
f 2677/5337/152 2827/5338/152 2826/5336/152 2676/5335/152
f 2678/5339/152 2828/5340/152 2827/5338/152 2677/5337/152
f 2679/5341/152 2829/5342/152 2828/5340/152 2678/5339/152
f 2680/5343/152 2830/5344/152 2829/5342/152 2679/5341/152
f 2681/5345/152 2831/5346/152 2830/5344/152 2680/5343/152
f 2682/5347/152 2832/5348/152 2831/5346/152 2681/5345/152
f 2683/5349/152 2833/5350/152 2832/5348/152 2682/5347/152
f 2684/5351/152 2834/5352/152 2833/5350/152 2683/5349/152
f 2685/5353/152 2835/5354/152 2834/5352/152 2684/5351/152
f 2686/5355/152 2836/5356/152 2835/5354/152 2685/5353/152
f 2687/5357/152 2837/5358/152 2836/5356/152 2686/5355/152
f 2688/5359/152 2838/5360/152 2837/5358/152 2687/5357/152
f 2689/5361/152 2839/5362/152 2838/5360/152 2688/5359/152
f 2690/5363/152 2840/5364/152 2839/5362/152 2689/5361/152
f 2691/5365/152 2841/5366/152 2840/5364/152 2690/5363/152
f 2692/5367/152 2842/5368/152 2841/5366/152 2691/5365/152
f 2693/5369/152 2843/5370/152 2842/5368/152 2692/5367/152
f 2694/5371/152 2844/5372/152 2843/5370/152 2693/5369/152
f 2695/5373/152 2845/5374/152 2844/5372/152 2694/5371/152
f 2696/5375/152 2846/5376/152 2845/5374/152 2695/5373/152
f 2697/5377/152 2847/5378/152 2846/5376/152 2696/5375/152
f 2698/5379/152 2848/5380/152 2847/5378/152 2697/5377/152
f 2699/5381/152 2849/5382/152 2848/5380/152 2698/5379/152
f 2700/5383/152 2850/5384/152 2849/5382/152 2699/5381/152
f 2551/5088/152 2701/5087/152 2850/5384/152 2700/5383/152
s 1
f 2886/5385/109 3336/5386/109 3337/5387/112 2887/5388/112
f 2697/5389/134 3147/5390/134 3148/5391/137 2698/5392/137
f 2646/5393/135 3096/5394/135 3097/5395/138 2647/5396/138
f 2595/4805/136 3045/4804/136 3046/5397/139 2596/5398/139
f 2698/5392/137 3148/5391/137 3149/5399/140 2699/5400/140
f 2647/5396/138 3097/5395/138 3098/5401/141 2648/5402/141
f 2596/5398/139 3046/5397/139 3047/5403/142 2597/5404/142
f 2699/5400/140 3149/5399/140 3150/5405/143 2700/5406/143
f 2648/5402/141 3098/5401/141 3099/5407/156 2649/5408/156
f 2597/5404/142 3047/5403/142 3048/5409/145 2598/5410/145
f 2700/5406/143 3150/5405/143 3001/5411/8 2551/5412/8
f 2649/5408/156 3099/5407/156 3100/5413/146 2650/5414/146
f 2598/5410/145 3048/5409/145 3049/5415/147 2599/5416/147
f 2650/5414/146 3100/5413/146 3101/5417/148 2651/5418/148
f 2599/5416/147 3049/5415/147 3050/5419/149 2600/5420/149
f 2651/5418/148 3101/5417/148 3102/5421/150 2652/5422/150
f 2600/5420/149 3050/5419/149 3051/5423/151 2601/5424/151
f 2652/5422/150 3102/5421/150 3103/5425/4 2653/5426/4
f 2601/5424/151 3051/5423/151 3052/5427/6 2602/5428/6
f 2653/5426/4 3103/5425/4 3104/5429/5 2654/5430/5
f 2602/5428/6 3052/5427/6 3053/5431/158 2603/5432/158
f 2551/5412/8 3001/5411/8 3002/5433/9 2552/5434/9
f 2654/5430/5 3104/5429/5 3105/5435/10 2655/5436/10
f 2603/5432/158 3053/5431/158 3054/5437/11 2604/5438/11
f 2552/5434/9 3002/5433/9 3003/5439/12 2553/5440/12
f 2655/5436/10 3105/5435/10 3106/5441/13 2656/5442/13
f 2604/5438/11 3054/5437/11 3055/5443/14 2605/5444/14
f 2553/5440/12 3003/5439/12 3004/5445/15 2554/5446/15
f 2656/5442/13 3106/5441/13 3107/5447/16 2657/5448/16
f 2605/5444/14 3055/5443/14 3056/5449/17 2606/5450/17
f 2554/5446/15 3004/5445/15 3005/5451/18 2555/5452/18
f 2657/5448/16 3107/5447/16 3108/5453/19 2658/5454/19
f 2606/5450/17 3056/5449/17 3057/5455/20 2607/5456/20
f 2555/5452/18 3005/5451/18 3006/5457/21 2556/5458/21
f 2658/5454/19 3108/5453/19 3109/5459/22 2659/5460/22
f 2607/5456/20 3057/5455/20 3058/5461/23 2608/5462/23
f 2556/5458/21 3006/5457/21 3007/5463/24 2557/5464/24
f 2659/5460/22 3109/5459/22 3110/5465/25 2660/5390/25
f 2608/5466/23 3058/5467/23 3059/5468/26 2609/5469/26
f 2557/5464/24 3007/5463/24 3008/5470/2 2558/5471/2
f 2660/5390/25 3110/5465/25 3111/5472/27 2661/5473/27
f 2609/5469/26 3059/5468/26 3060/5474/28 2610/5475/28
f 2558/5471/2 3008/5470/2 3009/5476/3 2559/5477/3
f 2661/5473/27 3111/5472/27 3112/5478/29 2662/5479/29
f 2610/5475/28 3060/5474/28 3061/5480/30 2611/5481/30
f 2559/5477/3 3009/5476/3 3010/5482/31 2560/5483/31
f 2662/5479/29 3112/5478/29 3113/5484/32 2663/5405/32
f 2611/5481/30 3061/5480/30 3062/5485/33 2612/5486/33
f 2560/5483/31 3010/5482/31 3011/5487/34 2561/5488/34
f 2663/5405/32 3113/5484/32 3114/5489/35 2664/5490/35
f 2612/5486/33 3062/5485/33 3063/5491/36 2613/5492/36
f 2561/5488/34 3011/5487/34 3012/5493/37 2562/5494/37
f 2664/5490/35 3114/5489/35 3115/5495/38 2665/5496/38
f 2613/5492/36 3063/5491/36 3064/5497/39 2614/5498/39
f 2562/5494/37 3012/5493/37 3013/5499/40 2563/5500/40
f 2665/5496/38 3115/5495/38 3116/5501/41 2666/5502/41
f 2614/5498/39 3064/5497/39 3065/5503/42 2615/5504/42
f 2563/5500/40 3013/5499/40 3014/5505/43 2564/5506/43
f 2666/5502/41 3116/5501/41 3117/5507/44 2667/5508/44
f 2615/5504/42 3065/5503/42 3066/5509/45 2616/5510/45
f 2564/5506/43 3014/5505/43 3015/5511/46 2565/5512/46
f 2667/5508/44 3117/5507/44 3118/5513/47 2668/5514/47
f 2616/5510/45 3066/5509/45 3067/5515/48 2617/5516/48
f 2565/5512/46 3015/5511/46 3016/5517/49 2566/5518/49
f 2668/5514/47 3118/5513/47 3119/5519/50 2669/5520/50
f 2617/5516/48 3067/5515/48 3068/5521/51 2618/5522/51
f 2566/5518/49 3016/5517/49 3017/5523/52 2567/5524/52
f 2669/5520/50 3119/5519/50 3120/5525/53 2670/5526/53
f 2618/5522/51 3068/5521/51 3069/5527/54 2619/5528/54
f 2567/5524/52 3017/5523/52 3018/5529/55 2568/5530/55
f 2670/5526/53 3120/5525/53 3121/5531/56 2671/5532/56
f 2619/5528/54 3069/5527/54 3070/5533/57 2620/5534/57
f 2568/5530/55 3018/5529/55 3019/5535/58 2569/5536/58
f 2671/5532/56 3121/5531/56 3122/5537/59 2672/5538/59
f 2620/5534/57 3070/5533/57 3071/5539/60 2621/5540/60
f 2569/4419/58 3019/5541/58 3020/5542/61 2570/5543/61
f 2672/5538/59 3122/5537/59 3123/5544/62 2673/5545/62
f 2621/5540/60 3071/5539/60 3072/5546/63 2622/5547/63
f 2570/5543/61 3020/5542/61 3021/5548/64 2571/5549/64
f 2673/5545/62 3123/5544/62 3124/5550/65 2674/5487/65
f 2622/5547/63 3072/5546/63 3073/5551/66 2623/5552/66
f 2571/5549/64 3021/5548/64 3022/5553/67 2572/5554/67
f 2674/5487/65 3124/5550/65 3125/5555/68 2675/5493/68
f 2623/5552/66 3073/5551/66 3074/5392/69 2624/5556/69
f 2572/5554/67 3022/5553/67 3023/5557/70 2573/5558/70
f 2675/5493/68 3125/5555/68 3126/5559/71 2676/5499/71
f 2624/5556/69 3074/5392/69 3075/5560/72 2625/5561/72
f 2573/5558/70 3023/5557/70 3024/5562/157 2574/5563/157
f 2676/5499/71 3126/5559/71 3127/5564/74 2677/5505/74
f 2625/5561/72 3075/5560/72 3076/5565/75 2626/5566/75
f 2574/5563/157 3024/5562/157 3025/5567/76 2575/5568/76
f 2677/5505/74 3127/5564/74 3128/5569/155 2678/5511/155
f 2626/5566/75 3076/5565/75 3077/5570/78 2627/5571/78
f 2575/5568/76 3025/5567/76 3026/5572/79 2576/5573/79
f 2678/5511/155 3128/5569/155 3129/5574/80 2679/5575/80
f 2627/5571/78 3077/5570/78 3078/5576/81 2628/5577/81
f 2576/5573/79 3026/5572/79 3027/5578/82 2577/5579/82
f 2679/5575/80 3129/5574/80 3130/5580/83 2680/5523/83
f 2628/5577/81 3078/5576/81 3079/5581/84 2629/5582/84
f 2577/5579/82 3027/5578/82 3028/5583/85 2578/5584/85
f 2680/5523/83 3130/5580/83 3131/5585/86 2681/5586/86
f 2629/5582/84 3079/5581/84 3080/5587/87 2630/5588/87
f 2578/5584/85 3028/5583/85 3029/5589/88 2579/5590/88
f 2681/5586/86 3131/5585/86 3132/5591/89 2682/5535/89
f 2630/5588/87 3080/5587/87 3081/5452/90 2631/5592/90
f 2579/5590/88 3029/5589/88 3030/5593/91 2580/5594/91
f 2682/5595/89 3132/5596/89 3133/5597/92 2683/5598/92
f 2631/5592/90 3081/5452/90 3082/5599/93 2632/5600/93
f 2580/5594/91 3030/5593/91 3031/5601/94 2581/5602/94
f 2683/5598/92 3133/5597/92 3134/5603/95 2684/5604/95
f 2632/5600/93 3082/5599/93 3083/5605/96 2633/5606/96
f 2581/5602/94 3031/5601/94 3032/5607/97 2582/5608/97
f 2684/5604/95 3134/5603/95 3135/5609/98 2685/5480/98
f 2633/5606/96 3083/5605/96 3084/5471/99 2634/5610/99
f 2582/5608/97 3032/5607/97 3033/5611/100 2583/5612/100
f 2685/5480/98 3135/5609/98 3136/5613/101 2686/5614/101
f 2634/5610/99 3084/5471/99 3085/5615/102 2635/5616/102
f 2583/5612/100 3033/5611/100 3034/5617/103 2584/5618/103
f 2686/5614/101 3136/5613/101 3137/5414/104 2687/5491/104
f 2635/5616/102 3085/5615/102 3086/5619/105 2636/5620/105
f 2584/5618/103 3034/5617/103 3035/5621/106 2585/5622/106
f 2687/5491/104 3137/5414/104 3138/5623/107 2688/5624/107
f 2636/5620/105 3086/5619/105 3087/5488/108 2637/5625/108
f 2585/5622/106 3035/5621/106 3036/5626/109 2586/5627/109
f 2688/5624/107 3138/5623/107 3139/5628/110 2689/5629/110
f 2637/5625/108 3087/5488/108 3088/5630/111 2638/5631/111
f 2586/5627/109 3036/5626/109 3037/5632/112 2587/5633/112
f 2689/5629/110 3139/5628/110 3140/5426/113 2690/5509/113
f 2638/5631/111 3088/5630/111 3089/5634/114 2639/5635/114
f 2587/5633/112 3037/5632/112 3038/5636/115 2588/5637/115
f 2690/5509/113 3140/5426/113 3141/5430/116 2691/5638/116
f 2639/5635/114 3089/5634/114 3090/5506/117 2640/5639/117
f 2588/5637/115 3038/5636/115 3039/5640/118 2589/5641/118
f 2691/5638/116 3141/5430/116 3142/5436/119 2692/5642/119
f 2640/5639/117 3090/5506/117 3091/5643/120 2641/5644/120
f 2589/5641/118 3039/5640/118 3040/5645/121 2590/5646/121
f 2692/5642/119 3142/5436/119 3143/5647/122 2693/5648/122
f 2641/5644/120 3091/5643/120 3092/5649/123 2642/5650/123
f 2590/5646/121 3040/5645/121 3041/5651/124 2591/5652/124
f 2693/5648/122 3143/5647/122 3144/5653/125 2694/5654/125
f 2642/5650/123 3092/5649/123 3093/5655/126 2643/5656/126
f 2591/5652/124 3041/5651/124 3042/5657/127 2592/5658/127
f 2694/5654/125 3144/5653/125 3145/5659/128 2695/5660/128
f 2643/5656/126 3093/5655/126 3094/5661/129 2644/5662/129
f 2592/5658/127 3042/5657/127 3043/5663/130 2593/5664/130
f 2695/5660/128 3145/5659/128 3146/5665/131 2696/5666/131
f 2644/5662/129 3094/5661/129 3095/5667/132 2645/5668/132
f 2593/5664/130 3043/5663/130 3044/4803/133 2594/4802/133
f 2696/5666/131 3146/5665/131 3147/5390/134 2697/5389/134
f 2645/5669/132 3095/4820/132 3096/5394/135 2646/5393/135
s 0
f 2852/5670/152 3002/5671/152 3001/5672/152 2851/5673/152
f 2853/5674/152 3003/5675/152 3002/5671/152 2852/5670/152
f 2854/5676/152 3004/5677/152 3003/5675/152 2853/5674/152
f 2855/5678/152 3005/5679/152 3004/5677/152 2854/5676/152
f 2856/5680/152 3006/5681/152 3005/5679/152 2855/5678/152
f 2857/5682/152 3007/5683/152 3006/5681/152 2856/5680/152
f 2858/5684/152 3008/5685/152 3007/5683/152 2857/5682/152
f 2859/5686/152 3009/5687/152 3008/5685/152 2858/5684/152
f 2860/5688/152 3010/5689/152 3009/5687/152 2859/5686/152
f 2861/5690/152 3011/5691/152 3010/5689/152 2860/5688/152
f 2862/5692/152 3012/5693/152 3011/5691/152 2861/5690/152
f 2863/5694/152 3013/5695/152 3012/5693/152 2862/5692/152
f 2864/5696/152 3014/5697/152 3013/5695/152 2863/5694/152
f 2865/5698/152 3015/5699/152 3014/5697/152 2864/5696/152
f 2866/5700/152 3016/5701/152 3015/5699/152 2865/5698/152
f 2867/5702/152 3017/5703/152 3016/5701/152 2866/5700/152
f 2868/5704/152 3018/5705/152 3017/5703/152 2867/5702/152
f 2869/5706/152 3019/5707/152 3018/5705/152 2868/5704/152
f 2870/5708/152 3020/5709/152 3019/5707/152 2869/5706/152
f 2871/5710/152 3021/5711/152 3020/5709/152 2870/5708/152
f 2872/5712/152 3022/5713/152 3021/5711/152 2871/5710/152
f 2873/5714/152 3023/5715/152 3022/5713/152 2872/5712/152
f 2874/5716/152 3024/5717/152 3023/5715/152 2873/5714/152
f 2875/5718/152 3025/5719/152 3024/5717/152 2874/5716/152
f 2876/5720/152 3026/5721/152 3025/5719/152 2875/5718/152
f 2877/5722/152 3027/5723/152 3026/5721/152 2876/5720/152
f 2878/5724/152 3028/5725/152 3027/5723/152 2877/5722/152
f 2879/5726/152 3029/5727/152 3028/5725/152 2878/5724/152
f 2880/5728/152 3030/5729/152 3029/5727/152 2879/5726/152
f 2881/5730/152 3031/5731/152 3030/5729/152 2880/5728/152
f 2882/5732/152 3032/5733/152 3031/5731/152 2881/5730/152
f 2883/5734/152 3033/5735/152 3032/5733/152 2882/5732/152
f 2884/5736/152 3034/5737/152 3033/5735/152 2883/5734/152
f 2885/5738/152 3035/5739/152 3034/5737/152 2884/5736/152
f 2886/5740/152 3036/5741/152 3035/5739/152 2885/5738/152
f 2887/5742/152 3037/5743/152 3036/5741/152 2886/5740/152
f 2888/5744/152 3038/5745/152 3037/5743/152 2887/5742/152
f 2889/5746/152 3039/5747/152 3038/5745/152 2888/5744/152
f 2890/5748/152 3040/5749/152 3039/5747/152 2889/5746/152
f 2891/5750/152 3041/5751/152 3040/5749/152 2890/5748/152
f 2892/5752/152 3042/5753/152 3041/5751/152 2891/5750/152
f 2893/5754/152 3043/5755/152 3042/5753/152 2892/5752/152
f 2894/5756/152 3044/5757/152 3043/5755/152 2893/5754/152
f 2895/5758/152 3045/5759/152 3044/5757/152 2894/5756/152
f 2896/5760/152 3046/5761/152 3045/5759/152 2895/5758/152
f 2897/5762/152 3047/5763/152 3046/5761/152 2896/5760/152
f 2898/5764/152 3048/5765/152 3047/5763/152 2897/5762/152
f 2899/5766/152 3049/5767/152 3048/5765/152 2898/5764/152
f 2900/5768/152 3050/5769/152 3049/5767/152 2899/5766/152
f 2901/5770/152 3051/5771/152 3050/5769/152 2900/5768/152
f 2902/5772/152 3052/5773/152 3051/5771/152 2901/5770/152
f 2903/5774/152 3053/5775/152 3052/5773/152 2902/5772/152
f 2904/5776/152 3054/5777/152 3053/5775/152 2903/5774/152
f 2905/5778/152 3055/5779/152 3054/5777/152 2904/5776/152
f 2906/5780/152 3056/5781/152 3055/5779/152 2905/5778/152
f 2907/5782/152 3057/5783/152 3056/5781/152 2906/5780/152
f 2908/5784/152 3058/5785/152 3057/5783/152 2907/5782/152
f 2909/5786/152 3059/5787/152 3058/5785/152 2908/5784/152
f 2910/5788/152 3060/5789/152 3059/5787/152 2909/5786/152
f 2911/5790/152 3061/5791/152 3060/5789/152 2910/5788/152
f 2912/5792/152 3062/5793/152 3061/5791/152 2911/5790/152
f 2913/5794/152 3063/5795/152 3062/5793/152 2912/5792/152
f 2914/5796/152 3064/5797/152 3063/5795/152 2913/5794/152
f 2915/5798/152 3065/5799/152 3064/5797/152 2914/5796/152
f 2916/5800/152 3066/5801/152 3065/5799/152 2915/5798/152
f 2917/5802/152 3067/5803/152 3066/5801/152 2916/5800/152
f 2918/5804/152 3068/5805/152 3067/5803/152 2917/5802/152
f 2919/5806/152 3069/5807/152 3068/5805/152 2918/5804/152
f 2920/5808/152 3070/5809/152 3069/5807/152 2919/5806/152
f 2921/5810/152 3071/5811/152 3070/5809/152 2920/5808/152
f 2922/5812/152 3072/5813/152 3071/5811/152 2921/5810/152
f 2923/5814/152 3073/5815/152 3072/5813/152 2922/5812/152
f 2924/5816/152 3074/5817/152 3073/5815/152 2923/5814/152
f 2925/5818/152 3075/5819/152 3074/5817/152 2924/5816/152
f 2926/5820/152 3076/5821/152 3075/5819/152 2925/5818/152
f 2927/5822/152 3077/5823/152 3076/5821/152 2926/5820/152
f 2928/5824/152 3078/5825/152 3077/5823/152 2927/5822/152
f 2929/5826/152 3079/5827/152 3078/5825/152 2928/5824/152
f 2930/5828/152 3080/5829/152 3079/5827/152 2929/5826/152
f 2931/5830/152 3081/5831/152 3080/5829/152 2930/5828/152
f 2932/5832/152 3082/5833/152 3081/5831/152 2931/5830/152
f 2933/5834/152 3083/5835/152 3082/5833/152 2932/5832/152
f 2934/5836/152 3084/5837/152 3083/5835/152 2933/5834/152
f 2935/5838/152 3085/5839/152 3084/5837/152 2934/5836/152
f 2936/5840/152 3086/5841/152 3085/5839/152 2935/5838/152
f 2937/5842/152 3087/5843/152 3086/5841/152 2936/5840/152
f 2938/5844/152 3088/5845/152 3087/5843/152 2937/5842/152
f 2939/5846/152 3089/5847/152 3088/5845/152 2938/5844/152
f 2940/5848/152 3090/5849/152 3089/5847/152 2939/5846/152
f 2941/5850/152 3091/5851/152 3090/5849/152 2940/5848/152
f 2942/5852/152 3092/5853/152 3091/5851/152 2941/5850/152
f 2943/5854/152 3093/5855/152 3092/5853/152 2942/5852/152
f 2944/5856/152 3094/5857/152 3093/5855/152 2943/5854/152
f 2945/5858/152 3095/5859/152 3094/5857/152 2944/5856/152
f 2946/5860/152 3096/5861/152 3095/5859/152 2945/5858/152
f 2947/5862/152 3097/5863/152 3096/5861/152 2946/5860/152
f 2948/5864/152 3098/5865/152 3097/5863/152 2947/5862/152
f 2949/5866/152 3099/5867/152 3098/5865/152 2948/5864/152
f 2950/5868/152 3100/5869/152 3099/5867/152 2949/5866/152
f 2951/5870/152 3101/5871/152 3100/5869/152 2950/5868/152
f 2952/5872/152 3102/5873/152 3101/5871/152 2951/5870/152
f 2953/5874/152 3103/5875/152 3102/5873/152 2952/5872/152
f 2954/5876/152 3104/5877/152 3103/5875/152 2953/5874/152
f 2955/5878/152 3105/5879/152 3104/5877/152 2954/5876/152
f 2956/5880/152 3106/5881/152 3105/5879/152 2955/5878/152
f 2957/5882/152 3107/5883/152 3106/5881/152 2956/5880/152
f 2958/5884/152 3108/5885/152 3107/5883/152 2957/5882/152
f 2959/5886/152 3109/5887/152 3108/5885/152 2958/5884/152
f 2960/5888/152 3110/5889/152 3109/5887/152 2959/5886/152
f 2961/5890/152 3111/5891/152 3110/5889/152 2960/5888/152
f 2962/5892/152 3112/5893/152 3111/5891/152 2961/5890/152
f 2963/5894/152 3113/5895/152 3112/5893/152 2962/5892/152
f 2964/5896/152 3114/5897/152 3113/5895/152 2963/5894/152
f 2965/5898/152 3115/5899/152 3114/5897/152 2964/5896/152
f 2966/5900/152 3116/5901/152 3115/5899/152 2965/5898/152
f 2967/5902/152 3117/5903/152 3116/5901/152 2966/5900/152
f 2968/5904/152 3118/5905/152 3117/5903/152 2967/5902/152
f 2969/5906/152 3119/5907/152 3118/5905/152 2968/5904/152
f 2970/5908/152 3120/5909/152 3119/5907/152 2969/5906/152
f 2971/5910/152 3121/5911/152 3120/5909/152 2970/5908/152
f 2972/5912/152 3122/5913/152 3121/5911/152 2971/5910/152
f 2973/5914/152 3123/5915/152 3122/5913/152 2972/5912/152
f 2974/5916/152 3124/5917/152 3123/5915/152 2973/5914/152
f 2975/5918/152 3125/5919/152 3124/5917/152 2974/5916/152
f 2976/5920/152 3126/5921/152 3125/5919/152 2975/5918/152
f 2977/5922/152 3127/5923/152 3126/5921/152 2976/5920/152
f 2978/5924/152 3128/5925/152 3127/5923/152 2977/5922/152
f 2979/5926/152 3129/5927/152 3128/5925/152 2978/5924/152
f 2980/5928/152 3130/5929/152 3129/5927/152 2979/5926/152
f 2981/5930/152 3131/5931/152 3130/5929/152 2980/5928/152
f 2982/5932/152 3132/5933/152 3131/5931/152 2981/5930/152
f 2983/5934/152 3133/5935/152 3132/5933/152 2982/5932/152
f 2984/5936/152 3134/5937/152 3133/5935/152 2983/5934/152
f 2985/5938/152 3135/5939/152 3134/5937/152 2984/5936/152
f 2986/5940/152 3136/5941/152 3135/5939/152 2985/5938/152
f 2987/5942/152 3137/5943/152 3136/5941/152 2986/5940/152
f 2988/5944/152 3138/5945/152 3137/5943/152 2987/5942/152
f 2989/5946/152 3139/5947/152 3138/5945/152 2988/5944/152
f 2990/5948/152 3140/5949/152 3139/5947/152 2989/5946/152
f 2991/5950/152 3141/5951/152 3140/5949/152 2990/5948/152
f 2992/5952/152 3142/5953/152 3141/5951/152 2991/5950/152
f 2993/5954/152 3143/5955/152 3142/5953/152 2992/5952/152
f 2994/5956/152 3144/5957/152 3143/5955/152 2993/5954/152
f 2995/5958/152 3145/5959/152 3144/5957/152 2994/5956/152
f 2996/5960/152 3146/5961/152 3145/5959/152 2995/5958/152
f 2997/5962/152 3147/5963/152 3146/5961/152 2996/5960/152
f 2998/5964/152 3148/5965/152 3147/5963/152 2997/5962/152
f 2999/5966/152 3149/5967/152 3148/5965/152 2998/5964/152
f 3000/5968/152 3150/5969/152 3149/5967/152 2999/5966/152
f 2851/5673/152 3001/5672/152 3150/5969/152 3000/5968/152
s 1
f 3163/5970/40 3613/5971/40 3614/5972/43 3164/5973/43
f 2989/5974/110 3439/5975/110 3440/5976/113 2990/5977/113
f 2938/5978/111 3388/5979/111 3389/5980/114 2939/5981/114
f 2887/5388/112 3337/5387/112 3338/5982/115 2888/5983/115
f 2990/5977/113 3440/5976/113 3441/5984/116 2991/5985/116
f 2939/5981/114 3389/5980/114 3390/5986/117 2940/5987/117
f 2888/5983/115 3338/5982/115 3339/5988/118 2889/5989/118
f 2991/5985/116 3441/5984/116 3442/5990/119 2992/5991/119
f 2940/5987/117 3390/5986/117 3391/5992/120 2941/5993/120
f 2889/5989/118 3339/5988/118 3340/5994/121 2890/5995/121
f 2992/5991/119 3442/5990/119 3443/5996/122 2993/5997/122
f 2941/5993/120 3391/5992/120 3392/5998/123 2942/5999/123
f 2890/5995/121 3340/5994/121 3341/6000/124 2891/6001/124
f 2993/5997/122 3443/5996/122 3444/6002/125 2994/6003/125
f 2942/5999/123 3392/5998/123 3393/6004/126 2943/6005/126
f 2891/6001/124 3341/6000/124 3342/6006/127 2892/6007/127
f 2994/6003/125 3444/6002/125 3445/6008/128 2995/6009/128
f 2943/6005/126 3393/6004/126 3394/6010/129 2944/6011/129
f 2892/6007/127 3342/6006/127 3343/6012/130 2893/6013/130
f 2995/6009/128 3445/6008/128 3446/6014/131 2996/6015/131
f 2944/6011/129 3394/6010/129 3395/6016/132 2945/6017/132
f 2893/6013/130 3343/6012/130 3344/6018/133 2894/6019/133
f 2996/6015/131 3446/6014/131 3447/6020/134 2997/6021/134
f 2945/6022/132 3395/6023/132 3396/6024/135 2946/6025/135
f 2894/6019/133 3344/6018/133 3345/6026/136 2895/6027/136
f 2997/6021/134 3447/6020/134 3448/6028/137 2998/6029/137
f 2946/6025/135 3396/6024/135 3397/6030/138 2947/6031/138
f 2895/6027/136 3345/6026/136 3346/6032/139 2896/6033/139
f 2998/6029/137 3448/6028/137 3449/6034/140 2999/6035/140
f 2947/6031/138 3397/6030/138 3398/6036/141 2948/6037/141
f 2896/6033/139 3346/6032/139 3347/6038/142 2897/6039/142
f 2999/6035/140 3449/6034/140 3450/6040/143 3000/6041/143
f 2948/6037/141 3398/6036/141 3399/6042/156 2949/6043/156
f 2897/6039/142 3347/6038/142 3348/6044/145 2898/6045/145
f 3000/6041/143 3450/6040/143 3301/6046/8 2851/6047/8
f 2949/6043/156 3399/6042/156 3400/6048/146 2950/6049/146
f 2898/6045/145 3348/6044/145 3349/6050/147 2899/6051/147
f 2950/6049/146 3400/6048/146 3401/6052/148 2951/6053/148
f 2899/6051/147 3349/6050/147 3350/6054/149 2900/6055/149
f 2951/6053/148 3401/6052/148 3402/6056/150 2952/6057/150
f 2900/6055/149 3350/6054/149 3351/6058/151 2901/6059/151
f 2952/6057/150 3402/6056/150 3403/6060/4 2953/6061/4
f 2901/6059/151 3351/6058/151 3352/6062/6 2902/6063/6
f 2953/6061/4 3403/6060/4 3404/6064/5 2954/6065/5
f 2902/6063/6 3352/6062/6 3353/6066/158 2903/6067/158
f 2851/6047/8 3301/6046/8 3302/6068/9 2852/6069/9
f 2954/6065/5 3404/6064/5 3405/6070/10 2955/6071/10
f 2903/6067/158 3353/6066/158 3354/6072/11 2904/6073/11
f 2852/6069/9 3302/6068/9 3303/6074/12 2853/6075/12
f 2955/6071/10 3405/6070/10 3406/6076/13 2956/6077/13
f 2904/6073/11 3354/6072/11 3355/6078/14 2905/6079/14
f 2853/6075/12 3303/6074/12 3304/6080/15 2854/6081/15
f 2956/6077/13 3406/6076/13 3407/6082/16 2957/6083/16
f 2905/6079/14 3355/6078/14 3356/6084/17 2906/6085/17
f 2854/6081/15 3304/6080/15 3305/6086/18 2855/6087/18
f 2957/6083/16 3407/6082/16 3408/6088/19 2958/6089/19
f 2906/6085/17 3356/6084/17 3357/6090/20 2907/6091/20
f 2855/6087/18 3305/6086/18 3306/6092/21 2856/6093/21
f 2958/6089/19 3408/6088/19 3409/6094/22 2959/6095/22
f 2907/6091/20 3357/6090/20 3358/6096/23 2908/6097/23
f 2856/6093/21 3306/6092/21 3307/6098/24 2857/6099/24
f 2959/6095/22 3409/6094/22 3410/6100/25 2960/6101/25
f 2908/6102/23 3358/6103/23 3359/6104/26 2909/6105/26
f 2857/6099/24 3307/6098/24 3308/6106/2 2858/6107/2
f 2960/6101/25 3410/6100/25 3411/6108/27 2961/6109/27
f 2909/6105/26 3359/6104/26 3360/6110/28 2910/6111/28
f 2858/6107/2 3308/6106/2 3309/6112/3 2859/6113/3
f 2961/6109/27 3411/6108/27 3412/6114/29 2962/6115/29
f 2910/6111/28 3360/6110/28 3361/6116/30 2911/6117/30
f 2859/6113/3 3309/6112/3 3310/6118/31 2860/6119/31
f 2962/6115/29 3412/6114/29 3413/6120/32 2963/6121/32
f 2911/6117/30 3361/6116/30 3362/6122/33 2912/6123/33
f 2860/6119/31 3310/6118/31 3311/6124/34 2861/6125/34
f 2963/6121/32 3413/6120/32 3414/6126/35 2964/6127/35
f 2912/6123/33 3362/6122/33 3363/6128/36 2913/6129/36
f 2861/6125/34 3311/6124/34 3312/6130/37 2862/6131/37
f 2964/6127/35 3414/6126/35 3415/6132/38 2965/6133/38
f 2913/6129/36 3363/6128/36 3364/6134/39 2914/6135/39
f 2862/6131/37 3312/6130/37 3313/6136/40 2863/6137/40
f 2965/6133/38 3415/6132/38 3416/6138/41 2966/6139/41
f 2914/6135/39 3364/6134/39 3365/6140/42 2915/6141/42
f 2863/6137/40 3313/6136/40 3314/6142/43 2864/6143/43
f 2966/6139/41 3416/6138/41 3417/6144/44 2967/6145/44
f 2915/6141/42 3365/6140/42 3366/5977/45 2916/6146/45
f 2864/6143/43 3314/6142/43 3315/6147/46 2865/6148/46
f 2967/6145/44 3417/6144/44 3418/6149/47 2968/6150/47
f 2916/6146/45 3366/5977/45 3367/6151/48 2917/6152/48
f 2865/6148/46 3315/6147/46 3316/6153/49 2866/6154/49
f 2968/6150/47 3418/6149/47 3419/6155/50 2969/6156/50
f 2917/6152/48 3367/6151/48 3368/6157/51 2918/6158/51
f 2866/6154/49 3316/6153/49 3317/6159/52 2867/6004/52
f 2969/6156/50 3419/6155/50 3420/6160/53 2970/6161/53
f 2918/6158/51 3368/6157/51 3369/5997/54 2919/6162/54
f 2867/6004/52 3317/6159/52 3318/6163/55 2868/6164/55
f 2970/6161/53 3420/6160/53 3421/6165/56 2971/6166/56
f 2919/6162/54 3369/5997/54 3370/6167/57 2920/6168/57
f 2868/6164/55 3318/6163/55 3319/6169/58 2869/6170/58
f 2971/6166/56 3421/6165/56 3422/6171/59 2972/6172/59
f 2920/6168/57 3370/6167/57 3371/6173/60 2921/6174/60
f 2869/5031/58 3319/6175/58 3320/6176/61 2870/6177/61
f 2972/6172/59 3422/6171/59 3423/6178/62 2973/6179/62
f 2921/6174/60 3371/6173/60 3372/6015/63 2922/6180/63
f 2870/6177/61 3320/6176/61 3321/6181/64 2871/6182/64
f 2973/6179/62 3423/6178/62 3424/6183/65 2974/6184/65
f 2922/6180/63 3372/6015/63 3373/6185/66 2923/6186/66
f 2871/6182/64 3321/6181/64 3322/6187/67 2872/6188/67
f 2974/6184/65 3424/6183/65 3425/6189/68 2975/6130/68
f 2923/6186/66 3373/6185/66 3374/6029/69 2924/6190/69
f 2872/6188/67 3322/6187/67 3323/6191/70 2873/6192/70
f 2975/6130/68 3425/6189/68 3426/6193/71 2976/6136/71
f 2924/6190/69 3374/6029/69 3375/6194/72 2925/6195/72
f 2873/6192/70 3323/6191/70 3324/6196/157 2874/6197/157
f 2976/6136/71 3426/6193/71 3427/6198/74 2977/6199/74
f 2925/6195/72 3375/6194/72 3376/6200/75 2926/6201/75
f 2874/6197/157 3324/6196/157 3325/6202/76 2875/6203/76
f 2977/6199/74 3427/6198/74 3428/6204/155 2978/6205/155
f 2926/6201/75 3376/6200/75 3377/6206/78 2927/6207/78
f 2875/6203/76 3325/6202/76 3326/6208/79 2876/6209/79
f 2978/6205/155 3428/6204/155 3429/6210/80 2979/6211/80
f 2927/6207/78 3377/6206/78 3378/6212/81 2928/6213/81
f 2876/6209/79 3326/6208/79 3327/6214/82 2877/6215/82
f 2979/6211/80 3429/6210/80 3430/6216/83 2980/6217/83
f 2928/6213/81 3378/6212/81 3379/6075/84 2929/6218/84
f 2877/6215/82 3327/6214/82 3328/6219/85 2878/6220/85
f 2980/6217/83 3430/6216/83 3431/6221/86 2981/6222/86
f 2929/6218/84 3379/6075/84 3380/6223/87 2930/6224/87
f 2878/6220/85 3328/6219/85 3329/6225/88 2879/6226/88
f 2981/6222/86 3431/6221/86 3432/6227/89 2982/6169/89
f 2930/6224/87 3380/6223/87 3381/6087/90 2931/6228/90
f 2879/6226/88 3329/6225/88 3330/6229/91 2880/6230/91
f 2982/6231/89 3432/6232/89 3433/6233/92 2983/6234/92
f 2931/6228/90 3381/6087/90 3382/6235/93 2932/6236/93
f 2880/6230/91 3330/6229/91 3331/6237/94 2881/6238/94
f 2983/6234/92 3433/6233/92 3434/6239/95 2984/6240/95
f 2932/6236/93 3382/6235/93 3383/6241/96 2933/6242/96
f 2881/6238/94 3331/6237/94 3332/6243/97 2882/6244/97
f 2984/6240/95 3434/6239/95 3435/6245/98 2985/6116/98
f 2933/6242/96 3383/6241/96 3384/6107/99 2934/6246/99
f 2882/6244/97 3332/6243/97 3333/6247/100 2883/6248/100
f 2985/6116/98 3435/6245/98 3436/6249/101 2986/6250/101
f 2934/6246/99 3384/6107/99 3385/6251/102 2935/6252/102
f 2883/6248/100 3333/6247/100 3334/6253/103 2884/6254/103
f 2986/6250/101 3436/6249/101 3437/6255/104 2987/6256/104
f 2935/6252/102 3385/6251/102 3386/6257/105 2936/6258/105
f 2884/6254/103 3334/6253/103 3335/6259/106 2885/6260/106
f 2987/6256/104 3437/6255/104 3438/6261/107 2988/6262/107
f 2936/6258/105 3386/6257/105 3387/6263/108 2937/6264/108
f 2885/6260/106 3335/6259/106 3336/5386/109 2886/5385/109
f 2988/6262/107 3438/6261/107 3439/5975/110 2989/5974/110
f 2937/6264/108 3387/6263/108 3388/5979/111 2938/5978/111
s 0
f 3152/6265/152 3302/6266/152 3301/6267/152 3151/6268/152
f 3153/6269/152 3303/6270/152 3302/6266/152 3152/6265/152
f 3154/6271/152 3304/6272/152 3303/6270/152 3153/6269/152
f 3155/6273/152 3305/6274/152 3304/6272/152 3154/6271/152
f 3156/6275/152 3306/6276/152 3305/6274/152 3155/6273/152
f 3157/6277/152 3307/6278/152 3306/6276/152 3156/6275/152
f 3158/6279/152 3308/6280/152 3307/6278/152 3157/6277/152
f 3159/6281/152 3309/6282/152 3308/6280/152 3158/6279/152
f 3160/6283/152 3310/6284/152 3309/6282/152 3159/6281/152
f 3161/6285/152 3311/6286/152 3310/6284/152 3160/6283/152
f 3162/6287/152 3312/6288/152 3311/6286/152 3161/6285/152
f 3163/6289/152 3313/6290/152 3312/6288/152 3162/6287/152
f 3164/6291/152 3314/6292/152 3313/6290/152 3163/6289/152
f 3165/6293/152 3315/6294/152 3314/6292/152 3164/6291/152
f 3166/6295/152 3316/6296/152 3315/6294/152 3165/6293/152
f 3167/6297/152 3317/6298/152 3316/6296/152 3166/6295/152
f 3168/6299/152 3318/6300/152 3317/6298/152 3167/6297/152
f 3169/6301/152 3319/6302/152 3318/6300/152 3168/6299/152
f 3170/6303/152 3320/6304/152 3319/6302/152 3169/6301/152
f 3171/6305/152 3321/6306/152 3320/6304/152 3170/6303/152
f 3172/6307/152 3322/6308/152 3321/6306/152 3171/6305/152
f 3173/6309/152 3323/6310/152 3322/6308/152 3172/6307/152
f 3174/6311/152 3324/6312/152 3323/6310/152 3173/6309/152
f 3175/6313/152 3325/6314/152 3324/6312/152 3174/6311/152
f 3176/6315/152 3326/6316/152 3325/6314/152 3175/6313/152
f 3177/6317/152 3327/6318/152 3326/6316/152 3176/6315/152
f 3178/6319/152 3328/6320/152 3327/6318/152 3177/6317/152
f 3179/6321/152 3329/6322/152 3328/6320/152 3178/6319/152
f 3180/6323/152 3330/6324/152 3329/6322/152 3179/6321/152
f 3181/6325/152 3331/6326/152 3330/6324/152 3180/6323/152
f 3182/6327/152 3332/6328/152 3331/6326/152 3181/6325/152
f 3183/6329/152 3333/6330/152 3332/6328/152 3182/6327/152
f 3184/6331/152 3334/6332/152 3333/6330/152 3183/6329/152
f 3185/6333/152 3335/6334/152 3334/6332/152 3184/6331/152
f 3186/6335/152 3336/6336/152 3335/6334/152 3185/6333/152
f 3187/6337/152 3337/6338/152 3336/6336/152 3186/6335/152
f 3188/6339/152 3338/6340/152 3337/6338/152 3187/6337/152
f 3189/6341/152 3339/6342/152 3338/6340/152 3188/6339/152
f 3190/6343/152 3340/6344/152 3339/6342/152 3189/6341/152
f 3191/6345/152 3341/6346/152 3340/6344/152 3190/6343/152
f 3192/6347/152 3342/6348/152 3341/6346/152 3191/6345/152
f 3193/6349/152 3343/6350/152 3342/6348/152 3192/6347/152
f 3194/6351/152 3344/6352/152 3343/6350/152 3193/6349/152
f 3195/6353/152 3345/6354/152 3344/6352/152 3194/6351/152
f 3196/6355/152 3346/6356/152 3345/6354/152 3195/6353/152
f 3197/6357/152 3347/6358/152 3346/6356/152 3196/6355/152
f 3198/6359/152 3348/6360/152 3347/6358/152 3197/6357/152
f 3199/6361/152 3349/6362/152 3348/6360/152 3198/6359/152
f 3200/6363/152 3350/6364/152 3349/6362/152 3199/6361/152
f 3201/6365/152 3351/6366/152 3350/6364/152 3200/6363/152
f 3202/6367/152 3352/6368/152 3351/6366/152 3201/6365/152
f 3203/6369/152 3353/6370/152 3352/6368/152 3202/6367/152
f 3204/6371/152 3354/6372/152 3353/6370/152 3203/6369/152
f 3205/6373/152 3355/6374/152 3354/6372/152 3204/6371/152
f 3206/6375/152 3356/6376/152 3355/6374/152 3205/6373/152
f 3207/6377/152 3357/6378/152 3356/6376/152 3206/6375/152
f 3208/6379/152 3358/6380/152 3357/6378/152 3207/6377/152
f 3209/6381/152 3359/6382/152 3358/6380/152 3208/6379/152
f 3210/6383/152 3360/6384/152 3359/6382/152 3209/6381/152
f 3211/6385/152 3361/6386/152 3360/6384/152 3210/6383/152
f 3212/6387/152 3362/6388/152 3361/6386/152 3211/6385/152
f 3213/6389/152 3363/6390/152 3362/6388/152 3212/6387/152
f 3214/6391/152 3364/6392/152 3363/6390/152 3213/6389/152
f 3215/6393/152 3365/6394/152 3364/6392/152 3214/6391/152
f 3216/6395/152 3366/6396/152 3365/6394/152 3215/6393/152
f 3217/6397/152 3367/6398/152 3366/6396/152 3216/6395/152
f 3218/6399/152 3368/6400/152 3367/6398/152 3217/6397/152
f 3219/6401/152 3369/6402/152 3368/6400/152 3218/6399/152
f 3220/6403/152 3370/6404/152 3369/6402/152 3219/6401/152
f 3221/6405/152 3371/6406/152 3370/6404/152 3220/6403/152
f 3222/6407/152 3372/6408/152 3371/6406/152 3221/6405/152
f 3223/6409/152 3373/6410/152 3372/6408/152 3222/6407/152
f 3224/6411/152 3374/6412/152 3373/6410/152 3223/6409/152
f 3225/6413/152 3375/6414/152 3374/6412/152 3224/6411/152
f 3226/6415/152 3376/6416/152 3375/6414/152 3225/6413/152
f 3227/6417/152 3377/6418/152 3376/6416/152 3226/6415/152
f 3228/6419/152 3378/6420/152 3377/6418/152 3227/6417/152
f 3229/6421/152 3379/6422/152 3378/6420/152 3228/6419/152
f 3230/6423/152 3380/6424/152 3379/6422/152 3229/6421/152
f 3231/6425/152 3381/6426/152 3380/6424/152 3230/6423/152
f 3232/6427/152 3382/6428/152 3381/6426/152 3231/6425/152
f 3233/6429/152 3383/6430/152 3382/6428/152 3232/6427/152
f 3234/6431/152 3384/6432/152 3383/6430/152 3233/6429/152
f 3235/6433/152 3385/6434/152 3384/6432/152 3234/6431/152
f 3236/6435/152 3386/6436/152 3385/6434/152 3235/6433/152
f 3237/6437/152 3387/6438/152 3386/6436/152 3236/6435/152
f 3238/6439/152 3388/6440/152 3387/6438/152 3237/6437/152
f 3239/6441/152 3389/6442/152 3388/6440/152 3238/6439/152
f 3240/6443/152 3390/6444/152 3389/6442/152 3239/6441/152
f 3241/6445/152 3391/6446/152 3390/6444/152 3240/6443/152
f 3242/6447/152 3392/6448/152 3391/6446/152 3241/6445/152
f 3243/6449/152 3393/6450/152 3392/6448/152 3242/6447/152
f 3244/6451/152 3394/6452/152 3393/6450/152 3243/6449/152
f 3245/6453/152 3395/6454/152 3394/6452/152 3244/6451/152
f 3246/6455/152 3396/6456/152 3395/6454/152 3245/6453/152
f 3247/6457/152 3397/6458/152 3396/6456/152 3246/6455/152
f 3248/6459/152 3398/6460/152 3397/6458/152 3247/6457/152
f 3249/6461/152 3399/6462/152 3398/6460/152 3248/6459/152
f 3250/6463/152 3400/6464/152 3399/6462/152 3249/6461/152
f 3251/6465/152 3401/6466/152 3400/6464/152 3250/6463/152
f 3252/6467/152 3402/6468/152 3401/6466/152 3251/6465/152
f 3253/6469/152 3403/6470/152 3402/6468/152 3252/6467/152
f 3254/6471/152 3404/6472/152 3403/6470/152 3253/6469/152
f 3255/6473/152 3405/6474/152 3404/6472/152 3254/6471/152
f 3256/6475/152 3406/6476/152 3405/6474/152 3255/6473/152
f 3257/6477/152 3407/6478/152 3406/6476/152 3256/6475/152
f 3258/6479/152 3408/6480/152 3407/6478/152 3257/6477/152
f 3259/6481/152 3409/6482/152 3408/6480/152 3258/6479/152
f 3260/6483/152 3410/6484/152 3409/6482/152 3259/6481/152
f 3261/6485/152 3411/6486/152 3410/6484/152 3260/6483/152
f 3262/6487/152 3412/6488/152 3411/6486/152 3261/6485/152
f 3263/6489/152 3413/6490/152 3412/6488/152 3262/6487/152
f 3264/6491/152 3414/6492/152 3413/6490/152 3263/6489/152
f 3265/6493/152 3415/6494/152 3414/6492/152 3264/6491/152
f 3266/6495/152 3416/6496/152 3415/6494/152 3265/6493/152
f 3267/6497/152 3417/6498/152 3416/6496/152 3266/6495/152
f 3268/6499/152 3418/6500/152 3417/6498/152 3267/6497/152
f 3269/6501/152 3419/6502/152 3418/6500/152 3268/6499/152
f 3270/6503/152 3420/6504/152 3419/6502/152 3269/6501/152
f 3271/6505/152 3421/6506/152 3420/6504/152 3270/6503/152
f 3272/6507/152 3422/6508/152 3421/6506/152 3271/6505/152
f 3273/6509/152 3423/6510/152 3422/6508/152 3272/6507/152
f 3274/6511/152 3424/6512/152 3423/6510/152 3273/6509/152
f 3275/6513/152 3425/6514/152 3424/6512/152 3274/6511/152
f 3276/6515/152 3426/6516/152 3425/6514/152 3275/6513/152
f 3277/6517/152 3427/6518/152 3426/6516/152 3276/6515/152
f 3278/6519/152 3428/6520/152 3427/6518/152 3277/6517/152
f 3279/6521/152 3429/6522/152 3428/6520/152 3278/6519/152
f 3280/6523/152 3430/6524/152 3429/6522/152 3279/6521/152
f 3281/6525/152 3431/6526/152 3430/6524/152 3280/6523/152
f 3282/6527/152 3432/6528/152 3431/6526/152 3281/6525/152
f 3283/6529/152 3433/6530/152 3432/6528/152 3282/6527/152
f 3284/6531/152 3434/6532/152 3433/6530/152 3283/6529/152
f 3285/6533/152 3435/6534/152 3434/6532/152 3284/6531/152
f 3286/6535/152 3436/6536/152 3435/6534/152 3285/6533/152
f 3287/6537/152 3437/6538/152 3436/6536/152 3286/6535/152
f 3288/6539/152 3438/6540/152 3437/6538/152 3287/6537/152
f 3289/6541/152 3439/6542/152 3438/6540/152 3288/6539/152
f 3290/6543/152 3440/6544/152 3439/6542/152 3289/6541/152
f 3291/6545/152 3441/6546/152 3440/6544/152 3290/6543/152
f 3292/6547/152 3442/6548/152 3441/6546/152 3291/6545/152
f 3293/6549/152 3443/6550/152 3442/6548/152 3292/6547/152
f 3294/6551/152 3444/6552/152 3443/6550/152 3293/6549/152
f 3295/6553/152 3445/6554/152 3444/6552/152 3294/6551/152
f 3296/6555/152 3446/6556/152 3445/6554/152 3295/6553/152
f 3297/6557/152 3447/6558/152 3446/6556/152 3296/6555/152
f 3298/6559/152 3448/6560/152 3447/6558/152 3297/6557/152
f 3299/6561/152 3449/6562/152 3448/6560/152 3298/6559/152
f 3300/6563/152 3450/6564/152 3449/6562/152 3299/6561/152
f 3151/6268/152 3301/6267/152 3450/6564/152 3300/6563/152
s 1
f 3543/6565/126 3843/6566/126 3844/6567/129 3544/6568/129
f 3261/6569/27 3711/6570/27 3712/6571/29 3262/6572/29
f 3215/6573/42 3665/6574/42 3666/6575/45 3216/6576/45
f 3164/5973/43 3614/5972/43 3615/6577/46 3165/6578/46
f 3262/6572/29 3712/6571/29 3713/6579/32 3263/6580/32
f 3216/6576/45 3666/6575/45 3667/6581/48 3217/6582/48
f 3165/6578/46 3615/6577/46 3616/6583/49 3166/6584/49
f 3263/6580/32 3713/6579/32 3714/6585/35 3264/6586/35
f 3217/6582/48 3667/6581/48 3668/6587/51 3218/6588/51
f 3166/6584/49 3616/6583/49 3617/6589/52 3167/6590/52
f 3264/6586/35 3714/6585/35 3715/6591/38 3265/6592/38
f 3218/6588/51 3668/6587/51 3669/6593/54 3219/6594/54
f 3167/6590/52 3617/6589/52 3618/6595/55 3168/6596/55
f 3265/6592/38 3715/6591/38 3716/6597/41 3266/6598/41
f 3219/6594/54 3669/6593/54 3670/6599/57 3220/6600/57
f 3168/6596/55 3618/6595/55 3619/6601/58 3169/6602/58
f 3266/6598/41 3716/6597/41 3717/6603/44 3267/6604/44
f 3220/6600/57 3670/6599/57 3671/6605/60 3221/6606/60
f 3169/6023/58 3619/5466/58 3620/6607/61 3170/6608/61
f 3267/6604/44 3717/6603/44 3718/6609/47 3268/6610/47
f 3221/6606/60 3671/6605/60 3672/6611/63 3222/6612/63
f 3170/6608/61 3620/6607/61 3621/6613/64 3171/6614/64
f 3268/6610/47 3718/6609/47 3719/6615/50 3269/6616/50
f 3222/6612/63 3672/6611/63 3673/6617/66 3223/6618/66
f 3171/6614/64 3621/6613/64 3622/6619/67 3172/6620/67
f 3269/6616/50 3719/6615/50 3720/6621/53 3270/6622/53
f 3223/6618/66 3673/6617/66 3674/6623/69 3224/6624/69
f 3172/6620/67 3622/6619/67 3623/6625/70 3173/6626/70
f 3270/6622/53 3720/6621/53 3721/6627/56 3271/6628/56
f 3224/6624/69 3674/6623/69 3675/6629/72 3225/6630/72
f 3173/6626/70 3623/6625/70 3624/6631/157 3174/6632/157
f 3271/6628/56 3721/6627/56 3722/6633/59 3272/6634/59
f 3225/6630/72 3675/6629/72 3676/6635/75 3226/6636/75
f 3174/6632/157 3624/6631/157 3625/6637/76 3175/6638/76
f 3272/6634/59 3722/6633/59 3723/6639/62 3273/6640/62
f 3226/6636/75 3676/6635/75 3677/6641/78 3227/6642/78
f 3175/6638/76 3625/6637/76 3626/6643/79 3176/6644/79
f 3273/6640/62 3723/6639/62 3724/6645/65 3274/6646/65
f 3227/6642/78 3677/6641/78 3678/6647/81 3228/6648/81
f 3176/6644/79 3626/6643/79 3627/6649/82 3177/6650/82
f 3274/6646/65 3724/6645/65 3725/6651/68 3275/6652/68
f 3228/6648/81 3678/6647/81 3679/6653/84 3229/6654/84
f 3177/6650/82 3627/6649/82 3628/6655/85 3178/6656/85
f 3275/6652/68 3725/6651/68 3726/6657/71 3276/6658/71
f 3229/6654/84 3679/6653/84 3680/6659/87 3230/6660/87
f 3178/6656/85 3628/6655/85 3629/6661/88 3179/6662/88
f 3276/6658/71 3726/6657/71 3727/6663/74 3277/6664/74
f 3230/6660/87 3680/6659/87 3681/6665/90 3231/6666/90
f 3179/6662/88 3629/6661/88 3630/6667/91 3180/6668/91
f 3277/6664/74 3727/6663/74 3728/6669/155 3278/6670/155
f 3231/6666/90 3681/6665/90 3682/6671/93 3232/6672/93
f 3180/6668/91 3630/6667/91 3631/6673/94 3181/6674/94
f 3278/6670/155 3728/6669/155 3729/6675/80 3279/6676/80
f 3232/6672/93 3682/6671/93 3683/6677/96 3233/6678/96
f 3181/6674/94 3631/6673/94 3632/6679/97 3182/6680/97
f 3279/6676/80 3729/6675/80 3730/6681/83 3280/6589/83
f 3233/6678/96 3683/6677/96 3684/6682/99 3234/6683/99
f 3182/6680/97 3632/6679/97 3633/6684/100 3183/6685/100
f 3280/6589/83 3730/6681/83 3731/6686/86 3281/6687/86
f 3234/6683/99 3684/6682/99 3685/6688/102 3235/6689/102
f 3183/6685/100 3633/6684/100 3634/6690/103 3184/6691/103
f 3281/6687/86 3731/6686/86 3732/6692/89 3282/6693/89
f 3235/6689/102 3685/6688/102 3686/6694/105 3236/6695/105
f 3184/6691/103 3634/6690/103 3635/6696/106 3185/6697/106
f 3282/6698/89 3732/6699/89 3733/6700/92 3283/6701/92
f 3236/6695/105 3686/6694/105 3687/6702/108 3237/6703/108
f 3185/6697/106 3635/6696/106 3636/6704/109 3186/6705/109
f 3283/6701/92 3733/6700/92 3734/6706/95 3284/6707/95
f 3237/6703/108 3687/6702/108 3688/6708/111 3238/6709/111
f 3186/6705/109 3636/6704/109 3637/6710/112 3187/6711/112
f 3284/6707/95 3734/6706/95 3735/6712/98 3285/6713/98
f 3238/6709/111 3688/6708/111 3689/6714/114 3239/6715/114
f 3187/6711/112 3637/6710/112 3638/6716/115 3188/6717/115
f 3285/6713/98 3735/6712/98 3736/6718/101 3286/6719/101
f 3239/6715/114 3689/6714/114 3690/6720/117 3240/6721/117
f 3188/6717/115 3638/6716/115 3639/6722/118 3189/6723/118
f 3286/6719/101 3736/6718/101 3737/6724/104 3287/6725/104
f 3240/6721/117 3690/6720/117 3691/6726/120 3241/6727/120
f 3189/6723/118 3639/6722/118 3640/6728/121 3190/6729/121
f 3287/6725/104 3737/6724/104 3738/6730/107 3288/6731/107
f 3241/6727/120 3691/6726/120 3692/6584/123 3242/6732/123
f 3190/6729/121 3640/6728/121 3641/6733/124 3191/6734/124
f 3288/6731/107 3738/6730/107 3739/6735/110 3289/6736/110
f 3242/6732/123 3692/6584/123 3693/6737/126 3243/6738/126
f 3191/6734/124 3641/6733/124 3642/6739/127 3192/6740/127
f 3289/6736/110 3739/6735/110 3740/6741/113 3290/6742/113
f 3243/6738/126 3693/6737/126 3694/6743/129 3244/6744/129
f 3192/6740/127 3642/6739/127 3643/6745/130 3193/6746/130
f 3290/6742/113 3740/6741/113 3741/6747/116 3291/6748/116
f 3244/6744/129 3694/6743/129 3695/6749/132 3245/6750/132
f 3193/6746/130 3643/6745/130 3644/6751/133 3194/6752/133
f 3291/6748/116 3741/6747/116 3742/6753/119 3292/6754/119
f 3245/6699/132 3695/6755/132 3696/6756/135 3246/6757/135
f 3194/6752/133 3644/6751/133 3645/6758/136 3195/6759/136
f 3292/6754/119 3742/6753/119 3743/6760/122 3293/6593/122
f 3246/6757/135 3696/6756/135 3697/6761/138 3247/6762/138
f 3195/6759/136 3645/6758/136 3646/6763/139 3196/6764/139
f 3293/6593/122 3743/6760/122 3744/6765/125 3294/6766/125
f 3247/6762/138 3697/6761/138 3698/6767/141 3248/6712/141
f 3196/6764/139 3646/6763/139 3647/6768/142 3197/6769/142
f 3294/6766/125 3744/6765/125 3745/6770/128 3295/6771/128
f 3248/6712/141 3698/6767/141 3699/6772/156 3249/6718/156
f 3197/6769/142 3647/6768/142 3648/6773/145 3198/6774/145
f 3295/6771/128 3745/6770/128 3746/6775/131 3296/6611/131
f 3249/6718/156 3699/6772/156 3700/6776/146 3250/6777/146
f 3198/6774/145 3648/6773/145 3649/6778/147 3199/6779/147
f 3296/6611/131 3746/6775/131 3747/6780/134 3297/6781/134
f 3250/6777/146 3700/6776/146 3701/6782/148 3251/6730/148
f 3199/6779/147 3649/6778/147 3650/6783/149 3200/6784/149
f 3297/6781/134 3747/6780/134 3748/6785/137 3298/6623/137
f 3251/6730/148 3701/6782/148 3702/6786/150 3252/6735/150
f 3200/6784/149 3650/6783/149 3651/6787/151 3201/6788/151
f 3298/6623/137 3748/6785/137 3749/6789/140 3299/6790/140
f 3252/6735/150 3702/6786/150 3703/6791/4 3253/6792/4
f 3201/6788/151 3651/6787/151 3652/6793/6 3202/6794/6
f 3299/6790/140 3749/6789/140 3750/6795/143 3300/6796/143
f 3202/6794/6 3652/6793/6 3653/6797/158 3203/6798/158
f 3300/6796/143 3750/6795/143 3601/6799/8 3151/6800/8
f 3151/6800/8 3601/6799/8 3602/6801/9 3152/6802/9
f 3203/6798/158 3653/6797/158 3654/6803/11 3204/6804/11
f 3152/6802/9 3602/6801/9 3603/6805/12 3153/6653/12
f 3204/6804/11 3654/6803/11 3655/6806/14 3205/6807/14
f 3153/6653/12 3603/6805/12 3604/6808/15 3154/6809/15
f 3205/6807/14 3655/6806/14 3656/6810/17 3206/6811/17
f 3154/6809/15 3604/6808/15 3605/6812/18 3155/6813/18
f 3206/6811/17 3656/6810/17 3657/6814/20 3207/6815/20
f 3155/6813/18 3605/6812/18 3606/6816/21 3156/6817/21
f 3253/6792/4 3703/6791/4 3704/6818/5 3254/6819/5
f 3207/6815/20 3657/6814/20 3658/6820/23 3208/6821/23
f 3156/6817/21 3606/6816/21 3607/6822/24 3157/6823/24
f 3254/6819/5 3704/6818/5 3705/6824/10 3255/6825/10
f 3208/6826/23 3658/6827/23 3659/6828/26 3209/6829/26
f 3157/6823/24 3607/6822/24 3608/6830/2 3158/6682/2
f 3255/6825/10 3705/6824/10 3706/6831/13 3256/6832/13
f 3209/6829/26 3659/6828/26 3660/6833/28 3210/6834/28
f 3158/6682/2 3608/6830/2 3609/6835/3 3159/6836/3
f 3256/6832/13 3706/6831/13 3707/6837/16 3257/6838/16
f 3210/6834/28 3660/6833/28 3661/6839/30 3211/6840/30
f 3159/6836/3 3609/6835/3 3610/6841/31 3160/6842/31
f 3257/6838/16 3707/6837/16 3708/6843/19 3258/6844/19
f 3211/6840/30 3661/6839/30 3662/6845/33 3212/6846/33
f 3160/6842/31 3610/6841/31 3611/6847/34 3161/6702/34
f 3258/6844/19 3708/6843/19 3709/6848/22 3259/6849/22
f 3212/6846/33 3662/6845/33 3663/6850/36 3213/6851/36
f 3161/6702/34 3611/6847/34 3612/6852/37 3162/6708/37
f 3259/6849/22 3709/6848/22 3710/6853/25 3260/6854/25
f 3213/6851/36 3663/6850/36 3664/6855/39 3214/6856/39
f 3162/6708/37 3612/6852/37 3613/5971/40 3163/5970/40
f 3260/6854/25 3710/6853/25 3711/6570/27 3261/6569/27
f 3214/6856/39 3664/6855/39 3665/6574/42 3215/6573/42
s 0
f 3452/6857/152 3602/6858/152 3601/6859/152 3451/6860/152
f 3453/6861/152 3603/6862/152 3602/6858/152 3452/6857/152
f 3454/6863/152 3604/6864/152 3603/6862/152 3453/6861/152
f 3455/6865/152 3605/6866/152 3604/6864/152 3454/6863/152
f 3456/6867/152 3606/6868/152 3605/6866/152 3455/6865/152
f 3457/6869/152 3607/6870/152 3606/6868/152 3456/6867/152
f 3458/6871/152 3608/6872/152 3607/6870/152 3457/6869/152
f 3459/6873/152 3609/6874/152 3608/6872/152 3458/6871/152
f 3460/6875/152 3610/6876/152 3609/6874/152 3459/6873/152
f 3461/6877/152 3611/6878/152 3610/6876/152 3460/6875/152
f 3462/6879/152 3612/6880/152 3611/6878/152 3461/6877/152
f 3463/6881/152 3613/6882/152 3612/6880/152 3462/6879/152
f 3464/6883/152 3614/6884/152 3613/6882/152 3463/6881/152
f 3465/6885/152 3615/6886/152 3614/6884/152 3464/6883/152
f 3466/6887/152 3616/6888/152 3615/6886/152 3465/6885/152
f 3467/6889/152 3617/6890/152 3616/6888/152 3466/6887/152
f 3468/6891/152 3618/6892/152 3617/6890/152 3467/6889/152
f 3469/6893/152 3619/6894/152 3618/6892/152 3468/6891/152
f 3470/6895/152 3620/6896/152 3619/6894/152 3469/6893/152
f 3471/6897/152 3621/6898/152 3620/6896/152 3470/6895/152
f 3472/6899/152 3622/6900/152 3621/6898/152 3471/6897/152
f 3473/6901/152 3623/6902/152 3622/6900/152 3472/6899/152
f 3474/6903/152 3624/6904/152 3623/6902/152 3473/6901/152
f 3475/6905/152 3625/6906/152 3624/6904/152 3474/6903/152
f 3476/6907/152 3626/6908/152 3625/6906/152 3475/6905/152
f 3477/6909/152 3627/6910/152 3626/6908/152 3476/6907/152
f 3478/6911/152 3628/6912/152 3627/6910/152 3477/6909/152
f 3479/6913/152 3629/6914/152 3628/6912/152 3478/6911/152
f 3480/6915/152 3630/6916/152 3629/6914/152 3479/6913/152
f 3481/6917/152 3631/6918/152 3630/6916/152 3480/6915/152
f 3482/6919/152 3632/6920/152 3631/6918/152 3481/6917/152
f 3483/6921/152 3633/6922/152 3632/6920/152 3482/6919/152
f 3484/6923/152 3634/6924/152 3633/6922/152 3483/6921/152
f 3485/6925/152 3635/6926/152 3634/6924/152 3484/6923/152
f 3486/6927/152 3636/6928/152 3635/6926/152 3485/6925/152
f 3487/6929/152 3637/6930/152 3636/6928/152 3486/6927/152
f 3488/6931/152 3638/6932/152 3637/6930/152 3487/6929/152
f 3489/6933/152 3639/6934/152 3638/6932/152 3488/6931/152
f 3490/6935/152 3640/6936/152 3639/6934/152 3489/6933/152
f 3491/6937/152 3641/6938/152 3640/6936/152 3490/6935/152
f 3492/6939/152 3642/6940/152 3641/6938/152 3491/6937/152
f 3493/6941/152 3643/6942/152 3642/6940/152 3492/6939/152
f 3494/6943/152 3644/6944/152 3643/6942/152 3493/6941/152
f 3495/6945/152 3645/6946/152 3644/6944/152 3494/6943/152
f 3496/6947/152 3646/6948/152 3645/6946/152 3495/6945/152
f 3497/6949/152 3647/6950/152 3646/6948/152 3496/6947/152
f 3498/6951/152 3648/6952/152 3647/6950/152 3497/6949/152
f 3499/6953/152 3649/6954/152 3648/6952/152 3498/6951/152
f 3500/6955/152 3650/6956/152 3649/6954/152 3499/6953/152
f 3501/6957/152 3651/6958/152 3650/6956/152 3500/6955/152
f 3502/6959/152 3652/6960/152 3651/6958/152 3501/6957/152
f 3503/6961/152 3653/6962/152 3652/6960/152 3502/6959/152
f 3504/6963/152 3654/6964/152 3653/6962/152 3503/6961/152
f 3505/6965/152 3655/6966/152 3654/6964/152 3504/6963/152
f 3506/6967/152 3656/6968/152 3655/6966/152 3505/6965/152
f 3507/6969/152 3657/6970/152 3656/6968/152 3506/6967/152
f 3508/6971/152 3658/6972/152 3657/6970/152 3507/6969/152
f 3509/6973/152 3659/6974/152 3658/6972/152 3508/6971/152
f 3510/6975/152 3660/6976/152 3659/6974/152 3509/6973/152
f 3511/6977/152 3661/6978/152 3660/6976/152 3510/6975/152
f 3512/6979/152 3662/6980/152 3661/6978/152 3511/6977/152
f 3513/6981/152 3663/6982/152 3662/6980/152 3512/6979/152
f 3514/6983/152 3664/6984/152 3663/6982/152 3513/6981/152
f 3515/6985/152 3665/6986/152 3664/6984/152 3514/6983/152
f 3516/6987/152 3666/6988/152 3665/6986/152 3515/6985/152
f 3517/6989/152 3667/6990/152 3666/6988/152 3516/6987/152
f 3518/6991/152 3668/6992/152 3667/6990/152 3517/6989/152
f 3519/6993/152 3669/6994/152 3668/6992/152 3518/6991/152
f 3520/6995/152 3670/6996/152 3669/6994/152 3519/6993/152
f 3521/6997/152 3671/6998/152 3670/6996/152 3520/6995/152
f 3522/6999/152 3672/7000/152 3671/6998/152 3521/6997/152
f 3523/7001/152 3673/7002/152 3672/7000/152 3522/6999/152
f 3524/7003/152 3674/7004/152 3673/7002/152 3523/7001/152
f 3525/7005/152 3675/7006/152 3674/7004/152 3524/7003/152
f 3526/7007/152 3676/7008/152 3675/7006/152 3525/7005/152
f 3527/7009/152 3677/7010/152 3676/7008/152 3526/7007/152
f 3528/7011/152 3678/7012/152 3677/7010/152 3527/7009/152
f 3529/7013/152 3679/7014/152 3678/7012/152 3528/7011/152
f 3530/7015/152 3680/7016/152 3679/7014/152 3529/7013/152
f 3531/7017/152 3681/7018/152 3680/7016/152 3530/7015/152
f 3532/7019/152 3682/7020/152 3681/7018/152 3531/7017/152
f 3533/7021/152 3683/7022/152 3682/7020/152 3532/7019/152
f 3534/7023/152 3684/7024/152 3683/7022/152 3533/7021/152
f 3535/7025/152 3685/7026/152 3684/7024/152 3534/7023/152
f 3536/7027/152 3686/7028/152 3685/7026/152 3535/7025/152
f 3537/7029/152 3687/7030/152 3686/7028/152 3536/7027/152
f 3538/7031/152 3688/7032/152 3687/7030/152 3537/7029/152
f 3539/7033/152 3689/7034/152 3688/7032/152 3538/7031/152
f 3540/7035/152 3690/7036/152 3689/7034/152 3539/7033/152
f 3541/7037/152 3691/7038/152 3690/7036/152 3540/7035/152
f 3542/7039/152 3692/7040/152 3691/7038/152 3541/7037/152
f 3543/7041/152 3693/7042/152 3692/7040/152 3542/7039/152
f 3544/7043/152 3694/7044/152 3693/7042/152 3543/7041/152
f 3545/7045/152 3695/7046/152 3694/7044/152 3544/7043/152
f 3546/7047/152 3696/7048/152 3695/7046/152 3545/7045/152
f 3547/7049/152 3697/7050/152 3696/7048/152 3546/7047/152
f 3548/7051/152 3698/7052/152 3697/7050/152 3547/7049/152
f 3549/7053/152 3699/7054/152 3698/7052/152 3548/7051/152
f 3550/7055/152 3700/7056/152 3699/7054/152 3549/7053/152
f 3551/7057/152 3701/7058/152 3700/7056/152 3550/7055/152
f 3552/7059/152 3702/7060/152 3701/7058/152 3551/7057/152
f 3553/7061/152 3703/7062/152 3702/7060/152 3552/7059/152
f 3554/7063/152 3704/7064/152 3703/7062/152 3553/7061/152
f 3555/7065/152 3705/7066/152 3704/7064/152 3554/7063/152
f 3556/7067/152 3706/7068/152 3705/7066/152 3555/7065/152
f 3557/7069/152 3707/7070/152 3706/7068/152 3556/7067/152
f 3558/7071/152 3708/7072/152 3707/7070/152 3557/7069/152
f 3559/7073/152 3709/7074/152 3708/7072/152 3558/7071/152
f 3560/7075/152 3710/7076/152 3709/7074/152 3559/7073/152
f 3561/7077/152 3711/7078/152 3710/7076/152 3560/7075/152
f 3562/7079/152 3712/7080/152 3711/7078/152 3561/7077/152
f 3563/7081/152 3713/7082/152 3712/7080/152 3562/7079/152
f 3564/7083/152 3714/7084/152 3713/7082/152 3563/7081/152
f 3565/7085/152 3715/7086/152 3714/7084/152 3564/7083/152
f 3566/7087/152 3716/7088/152 3715/7086/152 3565/7085/152
f 3567/7089/152 3717/7090/152 3716/7088/152 3566/7087/152
f 3568/7091/152 3718/7092/152 3717/7090/152 3567/7089/152
f 3569/7093/152 3719/7094/152 3718/7092/152 3568/7091/152
f 3570/7095/152 3720/7096/152 3719/7094/152 3569/7093/152
f 3571/7097/152 3721/7098/152 3720/7096/152 3570/7095/152
f 3572/7099/152 3722/7100/152 3721/7098/152 3571/7097/152
f 3573/7101/152 3723/7102/152 3722/7100/152 3572/7099/152
f 3574/7103/152 3724/7104/152 3723/7102/152 3573/7101/152
f 3575/7105/152 3725/7106/152 3724/7104/152 3574/7103/152
f 3576/7107/152 3726/7108/152 3725/7106/152 3575/7105/152
f 3577/7109/152 3727/7110/152 3726/7108/152 3576/7107/152
f 3578/7111/152 3728/7112/152 3727/7110/152 3577/7109/152
f 3579/7113/152 3729/7114/152 3728/7112/152 3578/7111/152
f 3580/7115/152 3730/7116/152 3729/7114/152 3579/7113/152
f 3581/7117/152 3731/7118/152 3730/7116/152 3580/7115/152
f 3582/7119/152 3732/7120/152 3731/7118/152 3581/7117/152
f 3583/7121/152 3733/7122/152 3732/7120/152 3582/7119/152
f 3584/7123/152 3734/7124/152 3733/7122/152 3583/7121/152
f 3585/7125/152 3735/7126/152 3734/7124/152 3584/7123/152
f 3586/7127/152 3736/7128/152 3735/7126/152 3585/7125/152
f 3587/7129/152 3737/7130/152 3736/7128/152 3586/7127/152
f 3588/7131/152 3738/7132/152 3737/7130/152 3587/7129/152
f 3589/7133/152 3739/7134/152 3738/7132/152 3588/7131/152
f 3590/7135/152 3740/7136/152 3739/7134/152 3589/7133/152
f 3591/7137/152 3741/7138/152 3740/7136/152 3590/7135/152
f 3592/7139/152 3742/7140/152 3741/7138/152 3591/7137/152
f 3593/7141/152 3743/7142/152 3742/7140/152 3592/7139/152
f 3594/7143/152 3744/7144/152 3743/7142/152 3593/7141/152
f 3595/7145/152 3745/7146/152 3744/7144/152 3594/7143/152
f 3596/7147/152 3746/7148/152 3745/7146/152 3595/7145/152
f 3597/7149/152 3747/7150/152 3746/7148/152 3596/7147/152
f 3598/7151/152 3748/7152/152 3747/7150/152 3597/7149/152
f 3599/7153/152 3749/7154/152 3748/7152/152 3598/7151/152
f 3600/7155/152 3750/7156/152 3749/7154/152 3599/7153/152
f 3451/6860/152 3601/6859/152 3750/7156/152 3600/7155/152
f 3751/7157/152 3900/7158/152 3899/7159/152 3898/7160/152 3897/7161/152 3896/7162/152 3895/7163/152 3894/7164/152 3893/7165/152 3892/7166/152 3891/7167/152 3890/7168/152 3889/7169/152 3888/7170/152 3887/7171/152 3886/7172/152 3885/7173/152 3884/7174/152 3883/7175/152 3882/7176/152 3881/7177/152 3880/7178/152 3879/7179/152 3878/7180/152 3877/7181/152 3876/7182/152 3875/7183/152 3874/7184/152 3873/7185/152 3872/7186/152 3871/7187/152 3870/7188/152 3869/7189/152 3868/7190/152 3867/7191/152 3866/7192/152 3865/7193/152 3864/7194/152 3863/7195/152 3862/7196/152 3861/7197/152 3860/7198/152 3859/7199/152 3858/7200/152 3857/7201/152 3856/7202/152 3855/7203/152 3854/7204/152 3853/7205/152 3852/7206/152 3851/7207/152 3850/7208/152 3849/7209/152 3848/7210/152 3847/7211/152 3846/7212/152 3845/7213/152 3844/7214/152 3843/7215/152 3842/7216/152 3841/7217/152 3840/7218/152 3839/7219/152 3838/7220/152 3837/7221/152 3836/7222/152 3835/7223/152 3834/7224/152 3833/7225/152 3832/7226/152 3831/7227/152 3830/7228/152 3829/7229/152 3828/7230/152 3827/7231/152 3826/7232/152 3825/7233/152 3824/7234/152 3823/7235/152 3822/7236/152 3821/7237/152 3820/7238/152 3819/7239/152 3818/7240/152 3817/7241/152 3816/7242/152 3815/7243/152 3814/7244/152 3813/7245/152 3812/7246/152 3811/7247/152 3810/7248/152 3809/7249/152 3808/7250/152 3807/7251/152 3806/7252/152 3805/7253/152 3804/7254/152 3803/7255/152 3802/7256/152 3801/7257/152 3800/7258/152 3799/7259/152 3798/7260/152 3797/7261/152 3796/7262/152 3795/7263/152 3794/7264/152 3793/7265/152 3792/7266/152 3791/7267/152 3790/7268/152 3789/7269/152 3788/7270/152 3787/7271/152 3786/7272/152 3785/7273/152 3784/7274/152 3783/7275/152 3782/7276/152 3781/7277/152 3780/7278/152 3779/7279/152 3778/7280/152 3777/7281/152 3776/7282/152 3775/7283/152 3774/7284/152 3773/7285/152 3772/7286/152 3771/7287/152 3770/7288/152 3769/7289/152 3768/7290/152 3767/7291/152 3766/7292/152 3765/7293/152 3764/7294/152 3763/7295/152 3762/7296/152 3761/7297/152 3760/7298/152 3759/7299/152 3758/7300/152 3757/7301/152 3756/7302/152 3755/7303/152 3754/7304/152 3753/7305/152 3752/7306/152
s 1
f 3492/7307/127 3792/7308/127 3793/7309/130 3493/7310/130
f 3595/7311/128 3895/7312/128 3896/7313/131 3596/7314/131
f 3544/6568/129 3844/6567/129 3845/7315/132 3545/7316/132
f 3493/7310/130 3793/7309/130 3794/7317/133 3494/7318/133
f 3596/7314/131 3896/7313/131 3897/7319/134 3597/7320/134
f 3545/7321/132 3845/7322/132 3846/7323/135 3546/7324/135
f 3494/7318/133 3794/7317/133 3795/7325/136 3495/7326/136
f 3597/7320/134 3897/7319/134 3898/7327/137 3598/7328/137
f 3546/7324/135 3846/7323/135 3847/7329/138 3547/7330/138
f 3495/7326/136 3795/7325/136 3796/7331/139 3496/7332/139
f 3598/7328/137 3898/7327/137 3899/7333/140 3599/7334/140
f 3547/7330/138 3847/7329/138 3848/7335/141 3548/7336/141
f 3496/7332/139 3796/7331/139 3797/7337/142 3497/7338/142
f 3599/7334/140 3899/7333/140 3900/7339/143 3600/7340/143
f 3548/7336/141 3848/7335/141 3849/7341/156 3549/7342/156
f 3497/7338/142 3797/7337/142 3798/7343/145 3498/7344/145
f 3600/7340/143 3900/7339/143 3751/7345/8 3451/7346/8
f 3549/7342/156 3849/7341/156 3850/7347/146 3550/7348/146
f 3498/7344/145 3798/7343/145 3799/7349/147 3499/7350/147
f 3550/7348/146 3850/7347/146 3851/7351/148 3551/7352/148
f 3499/7350/147 3799/7349/147 3800/7353/149 3500/7354/149
f 3551/7352/148 3851/7351/148 3852/7355/150 3552/7356/150
f 3500/7354/149 3800/7353/149 3801/7357/151 3501/7358/151
f 3552/7356/150 3852/7355/150 3853/7359/4 3553/7360/4
f 3501/7358/151 3801/7357/151 3802/7361/6 3502/7362/6
f 3553/7360/4 3853/7359/4 3854/7363/5 3554/7364/5
f 3502/7362/6 3802/7361/6 3803/7365/158 3503/7366/158
f 3451/7346/8 3751/7345/8 3752/7367/9 3452/7368/9
f 3554/7364/5 3854/7363/5 3855/7369/10 3555/7370/10
f 3503/7366/158 3803/7365/158 3804/7371/11 3504/7372/11
f 3452/7368/9 3752/7367/9 3753/7373/12 3453/7374/12
f 3555/7370/10 3855/7369/10 3856/7375/13 3556/7376/13
f 3504/7372/11 3804/7371/11 3805/7377/14 3505/7378/14
f 3453/7374/12 3753/7373/12 3754/7379/15 3454/7380/15
f 3556/7376/13 3856/7375/13 3857/7381/16 3557/7382/16
f 3505/7378/14 3805/7377/14 3806/7383/17 3506/7384/17
f 3454/7380/15 3754/7379/15 3755/7385/18 3455/7386/18
f 3557/7382/16 3857/7381/16 3858/7387/19 3558/7388/19
f 3506/7384/17 3806/7383/17 3807/7389/20 3507/7390/20
f 3455/7386/18 3755/7385/18 3756/7391/21 3456/7392/21
f 3558/7388/19 3858/7387/19 3859/7393/22 3559/7394/22
f 3507/7390/20 3807/7389/20 3808/7395/23 3508/7396/23
f 3456/7392/21 3756/7391/21 3757/7397/24 3457/7398/24
f 3559/7394/22 3859/7393/22 3860/7399/25 3560/7400/25
f 3508/7401/23 3808/7402/23 3809/7403/26 3509/7404/26
f 3457/7398/24 3757/7397/24 3758/7405/2 3458/7406/2
f 3560/7400/25 3860/7399/25 3861/7407/27 3561/7408/27
f 3509/7404/26 3809/7403/26 3810/7409/28 3510/7410/28
f 3458/7406/2 3758/7405/2 3759/7411/3 3459/7412/3
f 3561/7408/27 3861/7407/27 3862/7413/29 3562/7414/29
f 3510/7410/28 3810/7409/28 3811/7415/30 3511/7416/30
f 3459/7412/3 3759/7411/3 3760/7417/31 3460/7418/31
f 3562/7414/29 3862/7413/29 3863/7419/32 3563/7420/32
f 3511/7416/30 3811/7415/30 3812/7342/33 3512/7421/33
f 3460/7418/31 3760/7417/31 3761/7422/34 3461/7423/34
f 3563/7420/32 3863/7419/32 3864/7424/35 3564/7425/35
f 3512/7421/33 3812/7342/33 3813/7426/36 3513/7427/36
f 3461/7423/34 3761/7422/34 3762/7428/37 3462/7429/37
f 3564/7425/35 3864/7424/35 3865/7430/38 3565/7431/38
f 3513/7427/36 3813/7426/36 3814/7432/39 3514/7433/39
f 3462/7429/37 3762/7428/37 3763/7434/40 3463/7435/40
f 3565/7431/38 3865/7430/38 3866/7436/41 3566/7437/41
f 3514/7433/39 3814/7432/39 3815/7356/42 3515/7438/42
f 3463/7435/40 3763/7434/40 3764/7439/43 3464/7440/43
f 3566/7437/41 3866/7436/41 3867/7441/44 3567/7442/44
f 3515/7438/42 3815/7356/42 3816/7443/45 3516/7444/45
f 3464/7440/43 3764/7439/43 3765/7445/46 3465/7446/46
f 3567/7442/44 3867/7441/44 3868/7447/47 3568/7448/47
f 3516/7444/45 3816/7443/45 3817/7449/48 3517/7450/48
f 3465/7446/46 3765/7445/46 3766/7451/49 3466/7452/49
f 3568/7448/47 3868/7447/47 3869/7453/50 3569/7454/50
f 3517/7450/48 3817/7449/48 3818/7455/51 3518/7456/51
f 3466/7452/49 3766/7451/49 3767/7457/52 3467/7458/52
f 3569/7454/50 3869/7453/50 3870/7459/53 3570/7460/53
f 3518/7456/51 3818/7455/51 3819/7461/54 3519/7462/54
f 3467/7458/52 3767/7457/52 3768/7463/55 3468/7464/55
f 3570/7460/53 3870/7459/53 3871/7465/56 3571/7466/56
f 3519/7462/54 3819/7461/54 3820/7467/57 3520/7468/57
f 3468/7464/55 3768/7463/55 3769/7469/58 3469/7470/58
f 3571/7466/56 3871/7465/56 3872/7471/59 3572/7472/59
f 3520/7468/57 3820/7467/57 3821/7473/60 3521/7474/60
f 3469/6755/58 3769/7475/58 3770/7476/61 3470/7477/61
f 3572/7472/59 3872/7471/59 3873/7478/62 3573/7479/62
f 3521/7474/60 3821/7473/60 3822/7480/63 3522/7481/63
f 3470/7477/61 3770/7476/61 3771/7482/64 3471/7483/64
f 3573/7479/62 3873/7478/62 3874/7484/65 3574/7485/65
f 3522/7481/63 3822/7480/63 3823/7486/66 3523/7487/66
f 3471/7483/64 3771/7482/64 3772/7488/67 3472/7489/67
f 3574/7485/65 3874/7484/65 3875/7490/68 3575/7491/68
f 3523/7487/66 3823/7486/66 3824/7492/69 3524/7493/69
f 3472/7489/67 3772/7488/67 3773/7494/70 3473/7495/70
f 3575/7491/68 3875/7490/68 3876/7496/71 3576/7497/71
f 3524/7493/69 3824/7492/69 3825/7498/72 3525/7499/72
f 3473/7495/70 3773/7494/70 3774/7500/157 3474/7501/157
f 3576/7497/71 3876/7496/71 3877/7502/74 3577/7503/74
f 3525/7499/72 3825/7498/72 3826/7504/75 3526/7505/75
f 3474/7501/157 3774/7500/157 3775/7506/76 3475/7507/76
f 3577/7503/74 3877/7502/74 3878/7508/155 3578/7509/155
f 3526/7505/75 3826/7504/75 3827/7425/78 3527/7510/78
f 3475/7507/76 3775/7506/76 3776/7511/79 3476/7512/79
f 3578/7509/155 3878/7508/155 3879/7513/80 3579/7514/80
f 3527/7510/78 3827/7425/78 3828/7515/81 3528/7516/81
f 3476/7512/79 3776/7511/79 3777/7517/82 3477/7518/82
f 3579/7514/80 3879/7513/80 3880/7519/83 3580/7520/83
f 3528/7516/81 3828/7515/81 3829/7521/84 3529/7522/84
f 3477/7518/82 3777/7517/82 3778/7523/85 3478/7524/85
f 3580/7520/83 3880/7519/83 3881/7525/86 3581/6567/86
f 3529/7522/84 3829/7521/84 3830/7442/87 3530/7526/87
f 3478/7524/85 3778/7523/85 3779/7527/88 3479/7528/88
f 3581/6567/86 3881/7525/86 3882/7529/89 3582/7530/89
f 3530/7526/87 3830/7442/87 3831/7531/90 3531/7532/90
f 3479/7528/88 3779/7527/88 3780/7533/91 3480/7534/91
f 3582/7535/89 3882/7536/89 3883/7537/92 3583/7538/92
f 3531/7532/90 3831/7531/90 3832/7539/93 3532/7540/93
f 3480/7534/91 3780/7533/91 3781/7541/94 3481/7542/94
f 3583/7538/92 3883/7537/92 3884/7543/95 3584/7544/95
f 3532/7540/93 3832/7539/93 3833/7545/96 3533/7546/96
f 3481/7542/94 3781/7541/94 3782/7547/97 3482/7548/97
f 3584/7544/95 3884/7543/95 3885/7549/98 3585/7550/98
f 3533/7546/96 3833/7545/96 3834/7551/99 3534/7552/99
f 3482/7548/97 3782/7547/97 3783/7553/100 3483/7554/100
f 3585/7550/98 3885/7549/98 3886/7555/101 3586/7556/101
f 3534/7552/99 3834/7551/99 3835/7557/102 3535/7558/102
f 3483/7554/100 3783/7553/100 3784/7559/103 3484/7560/103
f 3586/7556/101 3886/7555/101 3887/7561/104 3587/7562/104
f 3535/7558/102 3835/7557/102 3836/7479/105 3536/7563/105
f 3484/7560/103 3784/7559/103 3785/7564/106 3485/7565/106
f 3587/7562/104 3887/7561/104 3888/7566/107 3588/7567/107
f 3536/7563/105 3836/7479/105 3837/7485/108 3537/7568/108
f 3485/7565/106 3785/7564/106 3786/7569/109 3486/7570/109
f 3588/7567/107 3888/7566/107 3889/7571/110 3589/7572/110
f 3537/7568/108 3837/7485/108 3838/7573/111 3538/7574/111
f 3486/7570/109 3786/7569/109 3787/7575/112 3487/7576/112
f 3589/7572/110 3889/7571/110 3890/7577/113 3590/7578/113
f 3538/7574/111 3838/7573/111 3839/7579/114 3539/7580/114
f 3487/7576/112 3787/7575/112 3788/7581/115 3488/7582/115
f 3590/7578/113 3890/7577/113 3891/7583/116 3591/7584/116
f 3539/7580/114 3839/7579/114 3840/7585/117 3540/7586/117
f 3488/7582/115 3788/7581/115 3789/7587/118 3489/7588/118
f 3591/7584/116 3891/7583/116 3892/7589/119 3592/7590/119
f 3540/7586/117 3840/7585/117 3841/7591/120 3541/7592/120
f 3489/7588/118 3789/7587/118 3790/7593/121 3490/7594/121
f 3592/7590/119 3892/7589/119 3893/7595/122 3593/7596/122
f 3541/7592/120 3841/7591/120 3842/7597/123 3542/7598/123
f 3490/7594/121 3790/7593/121 3791/7599/124 3491/7600/124
f 3593/7596/122 3893/7595/122 3894/7601/125 3594/7602/125
f 3542/7598/123 3842/7597/123 3843/6566/126 3543/6565/126
f 3491/7600/124 3791/7599/124 3792/7308/127 3492/7307/127
f 3594/7602/125 3894/7601/125 3895/7312/128 3595/7311/128
